url,label
https://paypa1.com/update-billing,1
https://netflix-secure.com/action/required-update/required-update/login,1
https://dev.mailchimp.com/login?id=40082,0
https://mail.invision.com/support,0
https://api.jira.com/,0
https://claim-reward-now.ga/verify/xxxxxxxxxxxxxxxxxxxxxxxxxxxxxxxxxxxxxxxxxxxxxxxxxxxxxxxxxxxxxxxxxxxxxxxxxxxxxxxxxxxxxxxxxxxxxxxxxxxxxxxxxxxxxxxxxxxxxxxxxxxxxxxxxxxxxxxxxxxxxxxxxxxxx/confirm,1
https://gogle.com/verify/xxxxxxxxxxxxxxxxxxxxxxxxxxxxxxxxxxxxxxxxxxxxxxxxxxxxxxxxxxxxxxxxxxxxxxxxxxxxxxxxxxxxxxxxxxxxxxxxxxxxxxxxxxxxxxxxxxxxxxxxxxxxxxxxxxxxxxxxxxxx/confirm,1
https://api.salesforce.com/register,0
http://144.116.191.249/login,1
https://vercel.com/contact,0
https://www.cloud.google.com/login,0
https://youtube.com/api?id=70800,0
https://netflix-secure.com/required-update/action/account-recovery/login,1
https://amaz0n.top/login,1
https://facbook.com/account-recovery/verify-payment/required-update/login,1
http://20.63.197.132/login,1
http://24.28.0.4/login,1
https://twilio.com/api,0
https://confirm-facebook.ga/verify/xxxxxxxxxxxxxxxxxxxxxxxxxxxxxxxxxxxxxxxxxxxxxxxxxxxxxxxxxxxxxxxxxxxxxxxxxxxxxxxxxxxxxxxxxxxxxxxxxxxxxxxxxxxxxxxxxxxxxxxxxxxxxxxxxxxxx/confirm,1
https://github-verify.com/verify,1
https://sketch.com/api,0
https://amaz0n.top/login,1
https://staging.twitter.com/about,0
https://amaz0n.com/action,1
https://confirm-facebook.ga@adobe.com/verify,1
https://adobe.com/register?id=62621,0
http://187.4.19.108/login,1
https://www.heroku.com/settings,0
https://congratulations-winner.tk/login,1
http://173.176.170.141/login,1
https://mail.invision.com/dashboard?id=45395,0
https://click-here-now.ru/login,1
https://update-twitter.info/verify,1
https://api.twitter.com/services?id=44469,0
http://api.invision.com/,0
https://amaz0n.com/update-billing,1
http://101.176.30.20/login,1
https://paypa1.com/verify/xxxxxxxxxxxxxxxxxxxxxxxxxxxxxxxxxxxxxxxxxxxxxxxxxxxxxxxxxxxxxxxxxxxxxxxxxxxxxxxxxxxxxxxxxxxxxxxxxxxxxxxxxxxxxxxxxxxxxxxxxxxxxxxxxxxxxxxxx/confirm,1
https://twitter.com/support,0
https://mail.google.com/pricing,0
https://staging.slack.com/register,0
https://mail.adobe.com/about,0
https://paypa1.com/validate,1
https://www.firebase.com/api,0
https://linkedin-login.com/verify,1
https://staging.netflix.com/api,0
https://linkedin-login.com/verify/xxxxxxxxxxxxxxxxxxxxxxxxxxxxxxxxxxxxxxxxxxxxxxxxxxxxxxxxxxxxxxxxxxxxxxxxxxxxxxxxxxxxxxxxxxxxxxxxxxxxxxxxxxxxx/confirm,1
https://dev.notion.so/login,0
https://confirm-facebook.ga/update-billing/update/secure/login,1
https://mail.atlassian.com/home,0
https://www.google.com/register,0
https://login-google.ru/login,1
https://dev.oracle.com/pricing,0
https://confirm-facebook.ga/verify,1
https://heroku.com/faq,0
https://dev.stripe.com/home?id=44912,0
https://mail.microsoft.com/login,0
https://www.oracle.com/login,0
http://www.stripe.com/support,0
https://security-confirm-bank.ml/login,1
https://www.cloud.google.com/products?id=30341,0
https://netflix-secure.cf/login,1
https://stackoverflow-confirm.com/authenticate,1
https://dev.facebook.com/profile,0
https://update-twitter.info@vercel.com/verify,1
https://trello.com/faq?id=98217,0
https://facbook.com/login/update/signin/login,1
https://www.azure.microsoft.com/api,0
https://www.notion.so/faq,0
https://mail.paypal.com/register?id=76600,0
https://urgent-verify-account.ga/verify,1
https://staging.notion.so/about,0
https://mail.netflix.com/?id=68662,0
https://amaz0n.com/validate,1
https://paypal.com/settings,0
https://urgent-verify-account.ga@aws.amazon.com/verify,1
https://facebookl.com@trello.com/verify,1
https://wikipedia.org/products,0
https://login-google.ru/login/confirm/security-check/login,1
https://mail.jira.com/register,0
https://api.twitter.com/api,0
https://verify-apple-id.gq/verify/xxxxxxxxxxxxxxxxxxxxxxxxxxxxxxxxxxxxxxxxxxxxxxxxxxxxxxxxxxxxxxxxxxxxxxxxxxxxxxxxxxxxxxxxxxxxxxxxxxxxxxxxxxxxxxxxxxxxxxxxxxxxxxxxxxxxxxxxxxxx/confirm,1
http://dev.vercel.com/dashboard,0
https://limited-time-offer.tk/secure,1
https://slack.com/,0
https://staging.trello.com/profile?id=12168,0
https://github-verify.com/account-recovery/login/verify-payment/login,1
http://17.55.214.206/login,1
https://g00gle.com@trello.com/verify,1
https://urgent-verify-account.ga/verify/xxxxxxxxxxxxxxxxxxxxxxxxxxxxxxxxxxxxxxxxxxxxxxxxxxxxxxxxxxxxxxxxxxxxxxxxxxxxxxxxxxxxxxxxxxxxxxxxxxxxxxxxxxxxxxxxxxxxxxxxxxxxxxxxxxxxxxxxxxxxxxxxxxxx/confirm,1
https://claim-reward-now.ga/verify/xxxxxxxxxxxxxxxxxxxxxxxxxxxxxxxxxxxxxxxxxxxxxxxxxxxxxxxxxxxxxxxxxxxxxxxxxxxxxxxxxxxxxxxxxxxxxxxxxxxxxxxxxxxxx/confirm,1
https://confirm-facebook.ga/verify-payment/authenticate/verify-account/login,1
https://staging.apple.com/home?id=77307,0
https://www.linkedin.com/faq?id=59398,0
https://verify-amazon.cf/login,1
https://facbook.com@wikipedia.org/verify,1
http://mail.netflix.com/blog,0
https://support-steam.pw/verify/xxxxxxxxxxxxxxxxxxxxxxxxxxxxxxxxxxxxxxxxxxxxxxxxxxxxxxxxxxxxxxxxxxxxxxxxxxxxxxxxxxxxxxxxxxxxxxxxxxxxxxxxxxxxxxxxx/confirm,1
https://verify-identity.xyz/login,1
https://dev.amazon.com/?id=79293,0
https://security-confirm-bank.tk/verify,1
https://mail.ibm.com/faq,0
https://staging.cloud.google.com/profile?id=39899,0
https://verify-apple-id.gq/verify/signin/confirm-identity/login,1
https://www.trello.com/blog,0
https://aws.amazon.com/register?id=37855,0
https://www.dev.to/products?id=70980,0
https://support-steam.ga/login,1
https://api.mailchimp.com/?id=34762,0
https://secure-paypal.top/login,1
https://authenticate-apple.cf/verify/security-check/update-billing/login,1
https://mail.adobe.com/docs?id=85446,0
https://staging.reddit.com/support,0
https://mail.youtube.com/login?id=8033,0
https://mail.sendgrid.com/about,0
https://paypa1.com/verify,1
http://dev.facebook.com/faq,0
http://201.147.27.100/login,1
https://dev.asana.com/faq,0
https://dev.asana.com/blog,0
https://amazon.com/services,0
https://notion.so/products,0
https://authenticate-apple.cf/verify/xxxxxxxxxxxxxxxxxxxxxxxxxxxxxxxxxxxxxxxxxxxxxxxxxxxxxxxxxxxxxxxxxxxxxxxxxxxxxxxxxxxxxxxxxxxxxxxxxxxxxxxxxxxxxxxxxxxxxxxxxxxxxxxxxxxxxxxxxxxxxxxxxxxxxxxxxxxxxxxxxxxxxxxxxxxxxxxxxxxxxxxxxx/confirm,1
https://www.apple.com/login,0
http://15.15.247.105/login,1
https://staging.amazon.com/register,0
https://github-verify.com/verify,1
https://verify-apple-id.gq@stripe.com/verify,1
https://api.atlassian.com/home,0
http://api.twitter.com/support?id=96691,0
https://authenticate-apple.cf/login,1
https://github-verify.com/required-update,1
https://click-here-now.top/login,1
https://verify-identity.cf/verify/xxxxxxxxxxxxxxxxxxxxxxxxxxxxxxxxxxxxxxxxxxxxxxxxxxxxxxxxxxxxxxxxxxxxxxxxxxxxxxxxxxxxxxxxxxxxxxxxxxxxxxxxxxxxxxxxxxxxxxxxxxxxx/confirm,1
https://amazn.com/verify/xxxxxxxxxxxxxxxxxxxxxxxxxxxxxxxxxxxxxxxxxxxxxxxxxxxxxxxxxxxxxxxxxxxxxxxxxxxxxxxxxxxxxxxxxxxxxxxxxxxxxxxxxxxxxxxxxxxxxxxxxxxxxxxxxxxxxxx/confirm,1
https://dev.linkedin.com/register,0
https://staging.twilio.com/account,0
https://twtter.ml/login,1
https://jira.com/profile,0
https://medium.com/account,0
https://security-confirm-bank.gq/login,1
https://staging.linkedin.com/register,0
https://verify-amazon.tk/verify-account/urgent-action/signin/login,1
https://authenticate-apple.cf/verify/xxxxxxxxxxxxxxxxxxxxxxxxxxxxxxxxxxxxxxxxxxxxxxxxxxxxxxxxxxxxxxxxxxxxxxxxxxxxxxxxxxxxxxxxxxxxxxxxxxxxxxxxxxx/confirm,1
https://www.adobe.com/faq?id=82500,0
https://dev.twitter.com/api,0
https://amazn.com@netflix.com/verify,1
https://staging.microsoft.com/api?id=11174,0
https://dev.trello.com/settings,0
https://staging.adobe.com/blog,0
https://twtter.com@aws.amazon.com/verify,1
https://youtube.com/settings?id=95245,0
http://179.23.131.16/login,1
https://verify-apple-id.gq/verify-payment,1
https://amazn.com/verify/xxxxxxxxxxxxxxxxxxxxxxxxxxxxxxxxxxxxxxxxxxxxxxxxxxxxxxxxxxxxxxxxxxxxxxxxxxxxxxxxxxxxxxxxxxxxxxxxxxxxxxxxxxxxxxxxxxxxxxxxxxxxxxxxxxxxxxxxxxxxxxxxxxxxxxxxxxxxxxxxxxxxx/confirm,1
https://staging.figma.com/settings?id=77349,0
https://staging.youtube.com/contact,0
https://facebookl.com/security-check,1
https://adobe.com/home,0
https://staging.vercel.com/account,0
https://www.oracle.com/dashboard?id=69361,0
https://authenticate-apple.cf/authenticate,1
https://www.trello.com/dashboard?id=47257,0
https://staging.heroku.com/blog,0
https://slack.com/home,0
https://mail.heroku.com/support?id=26070,0
https://dev.sendgrid.com/docs?id=31340,0
https://security-confirm-bank.tk@figma.com/verify,1
https://www.apple.com/about,0
https://dev.asana.com/profile,0
https://congratulations-winner.ml/verify,1
https://verify-identity.cf/verify,1
https://twtter.com/claim-reward,1
https://cloud.google.com/products,0
https://mail.mailchimp.com/login,0
http://39.201.130.139/login,1
https://limited-time-offer.tk/validate/confirm-identity/verify/login,1
https://staging.stackoverflow.com/,0
https://api.asana.com/products,0
https://amazn.com@facebook.com/verify,1
https://github-verify.com@heroku.com/verify,1
https://api.netflix.com/api,0
https://netflix-secure.com@jira.com/verify,1
https://update-twitter.info@atlassian.com/verify,1
https://medium.com/docs?id=57082,0
http://58.198.198.74/login,1
https://dev.ibm.com/docs?id=17036,0
https://support-steam.pw/verify,1
https://verify-amazon.ga/login,1
https://congratulations-winner.ml/verify/xxxxxxxxxxxxxxxxxxxxxxxxxxxxxxxxxxxxxxxxxxxxxxxxxxxxxxxxxxxxxxxxxxxxxxxxxxxxxxxxxxxxxxxxxxxxxxxxxxxxxxxxxxxxxxxxxxxxxxxxxxxxxxxxxxxxxxxxxxxxxxxxxxxxxxxxxxxxxxxxxxxxxxxxxxxxxxxxxxxxxxxxx/confirm,1
https://reddit.com/account?id=94950,0
https://api.figma.com/services?id=74361,0
https://limited-time-offer.tk/secure/required-update/validate/login,1
https://www.invision.com/login,0
https://www.slack.com/about?id=3795,0
https://api.facebook.com/products?id=91548,0
https://account-update-microsoft.ml/verify/xxxxxxxxxxxxxxxxxxxxxxxxxxxxxxxxxxxxxxxxxxxxxxxxxxxxxxxxxxxxxxxxxxxxxxxxxxxxxxxxxxxxxxxxxxxxxxxxxxxxxxxxxxxxxxxxxxxxxxxxxxxxxxxxxxxxxxxxxxxxx/confirm,1
https://dev.stackoverflow.com/support,0
https://www.slack.com/support?id=27166,0
https://verify-identity.cf/verify/xxxxxxxxxxxxxxxxxxxxxxxxxxxxxxxxxxxxxxxxxxxxxxxxxxxxxxxxxxxxxxxxxxxxxxxxxxxxxxxxxxxxxxxxxxxxxxxxxxxxxxxxxxxxxxxxxxxxxxxxxxxxxxxxxxxxxxxxxxxxxxxxxxxxxxxxxxxxxx/confirm,1
https://paypa1.com/secure,1
https://www.notion.so/docs,0
https://verify-identity.cf@dev.to/verify,1
https://g00gle.com/verify/xxxxxxxxxxxxxxxxxxxxxxxxxxxxxxxxxxxxxxxxxxxxxxxxxxxxxxxxxxxxxxxxxxxxxxxxxxxxxxxxxxxxxxxxxxxxxxxxxxxxxxxxxxxxxxxxxxxxxxxxxxxxxxxxxxxxxxxxxxxxxxxxxxxxxxxxxxxxxxxxxxxxxxxxxxxxxxxxxxxxxxxxxxxxxxxxxxxxx/confirm,1
https://dev.sketch.com/docs?id=16057,0
https://update-twitter.info/update-billing,1
https://facbook.com@trello.com/verify,1
https://update-twitter.info/claim-reward/required-update/secure/login,1
https://account-update-microsoft.ml/verify/xxxxxxxxxxxxxxxxxxxxxxxxxxxxxxxxxxxxxxxxxxxxxxxxxxxxxxxxxxxxxxxxxxxxxxxxxxxxxxxxxxxxxxxxxxxxxxxxxxxxxxxxxxxxxxxxxxxxxxxxxxx/confirm,1
https://apple.com/settings,0
https://dev.heroku.com/login?id=55990,0
https://click-here-now.top/verify,1
https://mail.youtube.com/dashboard?id=44751,0
https://dev.cloud.google.com/dashboard,0
https://google.com/faq,0
https://dev.google.com/help,0
https://api.paypal.com/docs,0
https://medium.com/about?id=94455,0
https://claim-reward-now.ga/verify/xxxxxxxxxxxxxxxxxxxxxxxxxxxxxxxxxxxxxxxxxxxxxxxxxxxxxxxxxxxxxxxxxxxxxxxxxxxxxxxxxxxxxxxxxxxxxxxxxxxxxxxxxxxxx/confirm,1
https://mail.netlify.com/profile,0
https://click-here-now.top/verify/xxxxxxxxxxxxxxxxxxxxxxxxxxxxxxxxxxxxxxxxxxxxxxxxxxxxxxxxxxxxxxxxxxxxxxxxxxxxxxxxxxxxxxxxxxxxxxxxxxxxxxxxxxxxxxxxxxxxxxxxxxxxxxxxxxxxxxxxxxxxxxxxxxxxxxxxxxxxxxxxxxxxxxxxxxxxxxxx/confirm,1
http://218.231.109.0/login,1
https://staging.youtube.com/about,0
https://authenticate-apple.cf/urgent-action/account-recovery/required-update/login,1
https://dev.github.com/login?id=15438,0
https://github-verify.com/secure,1
https://congratulations-winner.ml/verify/xxxxxxxxxxxxxxxxxxxxxxxxxxxxxxxxxxxxxxxxxxxxxxxxxxxxxxxxxxxxxxxxxxxxxxxxxxxxxxxxxxxxxxxxxxxxxxxxxxxxxxxxxxxxxxxxxxxxxxxxxxxxxxxxxxxxxxxxxxxxxxxxxxxxxxxxxxxxxxxxxxxxxxxxxxxxxxxx/confirm,1
https://github-verify.com/security-check,1
http://www.mailchimp.com/dashboard,0
https://facebookl.com@netlify.com/verify,1
https://confirm-facebook.ga/security-check/verify-account/update-billing/login,1
https://staging.ibm.com/help,0
https://stackoverflow-confirm.com/verify,1
https://twitter.com/support?id=48092,0
https://paypa1.com/verify,1
https://dev.dev.to/login,0
https://paypa1.com/verify/xxxxxxxxxxxxxxxxxxxxxxxxxxxxxxxxxxxxxxxxxxxxxxxxxxxxxxxxxxxxxxxxxxxxxxxxxxxxxxxxxxxxxxxxxxxxxxxxxxxxxxxxxxxxxxxxxxxxxxxxxxxxxxxxxxxxxxxxxxxxxxxxxxxxxxxxxxxxxxxxxxxxxxxxxxxxxxxxx/confirm,1
https://api.aws.amazon.com/services,0
https://www.netflix.com/products?id=22287,0
https://api.paypal.com/pricing,0
https://www.firebase.com/about?id=71315,0
https://gogle.com/verify-payment,1
https://verify-amazon.tk/verify-payment/action/action/login,1
https://netflix-secure.com/verify,1
https://stackoverflow-confirm.cf/login,1
https://api.azure.microsoft.com/api,0
https://account-update-microsoft.ml/urgent-action,1
https://www.amazon.com/blog,0
https://mail.stackoverflow.com/help,0
https://account-update-microsoft.ml/verify,1
https://facebookl.com@firebase.com/verify,1
http://17.170.143.75/login,1
https://staging.salesforce.com/docs,0
http://notion.so/dashboard?id=74707,0
https://g00gle.com/verify/confirm/verify-account/login,1
https://mail.invision.com/home,0
https://dev.apple.com/register,0
http://staging.trello.com/services,0
https://dev.ibm.com/faq?id=15379,0
https://verify-amazon.tk/verify/xxxxxxxxxxxxxxxxxxxxxxxxxxxxxxxxxxxxxxxxxxxxxxxxxxxxxxxxxxxxxxxxxxxxxxxxxxxxxxxxxxxxxxxxxxxxxxxxxxxxxxxxxxxxxxxxxxxxxxxxxxxxxxxxxxxxxxxxxxxxxxxx/confirm,1
https://urgent-verify-account.ga/validate,1
https://staging.notion.so/support?id=98258,0
https://facbook.com/verify/xxxxxxxxxxxxxxxxxxxxxxxxxxxxxxxxxxxxxxxxxxxxxxxxxxxxxxxxxxxxxxxxxxxxxxxxxxxxxxxxxxxxxxxxxxxxxxxxxxxxxxxxxxxxxxxxxxxxxxxxxxxxxxxx/confirm,1
https://asana.com/products,0
https://api.salesforce.com/pricing,0
https://www.aws.amazon.com/profile,0
https://amaz0n.com/verify/xxxxxxxxxxxxxxxxxxxxxxxxxxxxxxxxxxxxxxxxxxxxxxxxxxxxxxxxxxxxxxxxxxxxxxxxxxxxxxxxxxxxxxxxxxxxxxxxxxxxxxxxxxxxxxxxxxxxxxxxxxxxxxxxxxxxxxxxxxxxxxxxxxxxxxxxxxxxxxxxx/confirm,1
http://dev.firebase.com/pricing,0
https://mail.atlassian.com/products,0
https://confirm-facebook.ga/verify,1
https://dev.aws.amazon.com/profile?id=62890,0
https://www.netflix.com/contact,0
https://dev.ibm.com/services?id=65907,0
https://secure-paypal.top/security-check,1
https://twtter.com/required-update/verify/claim-reward/login,1
https://staging.wikipedia.org/support,0
https://facbook.com/verify/xxxxxxxxxxxxxxxxxxxxxxxxxxxxxxxxxxxxxxxxxxxxxxxxxxxxxxxxxxxxxxxxxxxxxxxxxxxxxxxxxxxxxxxxxxxxxxxxxxxxxxxxxxxxxxxxxxxxxxxxxxxxxxxxxxxxxxxxxxxxxxxxxxxxxxxxxxxxxxxxxxxx/confirm,1
https://dev.paypal.com/services?id=32132,0
https://github.com/products,0
http://mailchimp.com/register,0
https://mail.invision.com/login,0
https://mail.adobe.com/faq?id=5197,0
https://www.github.com/settings,0
https://g00gle.com@reddit.com/verify,1
https://mail.oracle.com/about?id=74411,0
http://api.microsoft.com/,0
https://update-twitter.info/confirm/verify-account/verify-account/login,1
http://213.56.154.106/login,1
https://limited-time-offer.tk@medium.com/verify,1
https://twilio.com/faq,0
https://api.cloud.google.com/settings?id=81269,0
https://validate-netflix.xyz@sendgrid.com/verify,1
https://verify-amazon.tk/verify/xxxxxxxxxxxxxxxxxxxxxxxxxxxxxxxxxxxxxxxxxxxxxxxxxxxxxxxxxxxxxxxxxxxxxxxxxxxxxxxxxxxxxxxxxxxxxxxxxxxxxxxxxxxxxxxxxxxxxxxxxxxxxxxxxxxxxxxxxxxxxxxxxxxxxxxxxxxxxxxxxxxxxxxxxxxxxxxxxxxxxxxxxxxxxxxxxxxxxxx/confirm,1
https://g00gle.com/verify/xxxxxxxxxxxxxxxxxxxxxxxxxxxxxxxxxxxxxxxxxxxxxxxxxxxxxxxxxxxxxxxxxxxxxxxxxxxxxxxxxxxxxxxxxxxxxxxxxxxxxxxxxxxxxxxxxxxxxxxxxxxxxxxxxxxxxxxxxxxxxxxxxxxxxxxxxxxxxxxxxxxxxxxxxx/confirm,1
https://mail.figma.com/account,0
https://netflix-secure.com/validate,1
https://amaz0n.com/verify/xxxxxxxxxxxxxxxxxxxxxxxxxxxxxxxxxxxxxxxxxxxxxxxxxxxxxxxxxxxxxxxxxxxxxxxxxxxxxxxxxxxxxxxxxxxxxxxxxxxxxxxxxxxxxxxxxxxxxxxxxxxxxxx/confirm,1
https://verify-apple-id.gq/verify,1
https://security-confirm-bank.tk/security-check,1
https://staging.firebase.com/home,0
https://verify-identity.cf/verify/xxxxxxxxxxxxxxxxxxxxxxxxxxxxxxxxxxxxxxxxxxxxxxxxxxxxxxxxxxxxxxxxxxxxxxxxxxxxxxxxxxxxxxxxxxxxxxxxxxxxxxxxxxxxxxxxxxxxxxxxxxxxxxxxxxxxxxxxxxxxxxxxxxxxxxxxxxxxxxxx/confirm,1
https://adobe.com/about?id=17136,0
https://account-update-microsoft.ga/login,1
https://support-steam.pw/verify,1
http://33.200.247.167/login,1
https://mail.microsoft.com/login,0
https://confirm-facebook.ga/signin,1
https://facbook.com@adobe.com/verify,1
https://www.stackoverflow.com/products?id=31276,0
https://github-verify.com/verify,1
https://api.youtube.com/services?id=19952,0
https://dev.firebase.com/services,0
https://verify-apple-id.gq/update,1
https://www.adobe.com/about,0
https://mail.facebook.com/services,0
https://mail.invision.com/register,0
https://dev.netlify.com/login,0
https://secure-paypal.top/signin,1
https://api.slack.com/register,0
https://www.aws.amazon.com/support,0
http://118.117.166.75/login,1
https://linkedin-login.com/update-billing,1
https://www.paypal.com/register,0
https://facebookl.com/verify,1
https://api.azure.microsoft.com/pricing,0
https://www.figma.com/contact,0
https://mail.jira.com/products?id=48366,0
https://click-here-now.top/verify/xxxxxxxxxxxxxxxxxxxxxxxxxxxxxxxxxxxxxxxxxxxxxxxxxxxxxxxxxxxxxxxxxxxxxxxxxxxxxxxxxxxxxxxxxxxxxxxxxxxxxxxxxxxxxxxxxxxxxxxxxxxxxxxxxxxxxxxxxxx/confirm,1
https://www.twilio.com/docs,0
https://www.trello.com/profile,0
https://verify-apple-id.gq/account-recovery/update-billing/account-recovery/login,1
https://amaz0n.ru/login,1
https://authenticate-apple.cf@apple.com/verify,1
https://claim-reward-now.ga@google.com/verify,1
https://api.netflix.com/settings?id=16000,0
https://dev.sendgrid.com/settings?id=77896,0
https://dev.trello.com/account,0
http://mail.netflix.com/services,0
https://staging.sendgrid.com/api,0
https://g00gle.com/urgent-action,1
https://dev.jira.com/faq?id=94677,0
http://dev.wikipedia.org/blog,0
https://facebookl.tk/login,1
https://account-update-microsoft.ml@dev.to/verify,1
https://verify-amazon.tk/confirm,1
https://google.com/register,0
https://limited-time-offer.tk/update/account-recovery/claim-reward/login,1
https://api.facebook.com/home,0
https://api.adobe.com/account?id=61237,0
http://64.0.180.210/login,1
http://mail.invision.com/?id=34267,0
https://api.amazon.com/docs,0
https://staging.paypal.com/support?id=78889,0
http://190.228.20.134/login,1
https://login-google.ru/verify/xxxxxxxxxxxxxxxxxxxxxxxxxxxxxxxxxxxxxxxxxxxxxxxxxxxxxxxxxxxxxxxxxxxxxxxxxxxxxxxxxxxxxxxxxxxxxxxxxxxxxxxxxxxxxxxxx/confirm,1
https://mail.medium.com/docs,0
https://mail.reddit.com/about,0
http://77.50.108.53/login,1
https://twtter.com@linkedin.com/verify,1
https://api.github.com/account?id=60111,0
https://gogle.com/security-check,1
https://www.reddit.com/login,0
https://account-update-microsoft.top/login,1
https://limited-time-offer.tk/account-recovery,1
https://validate-netflix.ml/login,1
https://www.trello.com/docs,0
https://verify-apple-id.gq/verify-account/security-check/required-update/login,1
http://239.188.14.60/login,1
https://urgent-verify-account.ga/verify/xxxxxxxxxxxxxxxxxxxxxxxxxxxxxxxxxxxxxxxxxxxxxxxxxxxxxxxxxxxxxxxxxxxxxxxxxxxxxxxxxxxxxxxxxxxxxxxxxxxxxxxxxxxxxxxxxxxxxxxxxxxxxxxxxxxxxxx/confirm,1
https://dev.github.com/contact,0
https://microsoft.com/home,0
http://87.168.74.183/login,1
https://gogle.com/verify,1
https://reddit.com/faq,0
https://mail.github.com/products?id=70850,0
https://mail.notion.so/account,0
https://authenticate-apple.cf/signin,1
https://staging.figma.com/login,0
https://stackoverflow-confirm.com@atlassian.com/verify,1
https://congratulations-winner.cf/login,1
https://validate-netflix.xyz/action/account-recovery/security-check/login,1
https://secure-paypal.top/verify/xxxxxxxxxxxxxxxxxxxxxxxxxxxxxxxxxxxxxxxxxxxxxxxxxxxxxxxxxxxxxxxxxxxxxxxxxxxxxxxxxxxxxxxxxxxxxxxxxxxxxxxxxxxxxxxxxxxxxxxxxxxxxxxxxxxxxxxxxxxxxxxxxxxxxxxxxxxxxxxxxxxxxxxxxxxxxxxxx/confirm,1
https://stripe.com/help,0
https://api.slack.com/help,0
https://amaz0n.com/confirm-identity/authenticate/verify-account/login,1
https://mail.netlify.com/help,0
https://mail.medium.com/home,0
http://71.211.164.121/login,1
https://mail.twilio.com/register,0
https://netflix-secure.com/verify/xxxxxxxxxxxxxxxxxxxxxxxxxxxxxxxxxxxxxxxxxxxxxxxxxxxxxxxxxxxxxxxxxxxxxxxxxxxxxxxxxxxxxxxxxxxxxxxxxxxxxxxxxxxxxxxxxxxxxxxxxxxxxx/confirm,1
https://security-confirm-bank.tk@twilio.com/verify,1
https://heroku.com/profile?id=59413,0
https://account-update-microsoft.ml/verify,1
https://www.ibm.com/contact?id=65430,0
https://github-verify.com/verify,1
http://200.228.57.189/login,1
https://gogle.com/verify,1
https://account-update-microsoft.ml/authenticate,1
https://g00gle.com/verify/xxxxxxxxxxxxxxxxxxxxxxxxxxxxxxxxxxxxxxxxxxxxxxxxxxxxxxxxxxxxxxxxxxxxxxxxxxxxxxxxxxxxxxxxxxxxxxxxxxxxxxxxxxxxxxxxxxxxxxxxxxxxxxxxxxxxxxxxxxxxxxxxxxxxxxxxxxxxxxxxxxxxxxxxxxxxxxxxxxxxxxxxxxxxxxxxxxx/confirm,1
https://www.medium.com/blog,0
https://dev.sendgrid.com/blog,0
https://validate-netflix.xyz/account-recovery,1
https://update-twitter.info/verify/urgent-action/verify-account/login,1
http://225.159.154.18/login,1
https://secure-paypal.top/login,1
https://figma.com/blog,0
https://limited-time-offer.tk/verify,1
https://claim-reward-now.ga/verify,1
https://limited-time-offer.tk@asana.com/verify,1
https://netflix-secure.com@microsoft.com/verify,1
https://mail.stackoverflow.com/products,0
https://www.linkedin.com/contact,0
http://68.43.234.171/login,1
https://dev.trello.com/home,0
http://staging.wikipedia.org/help?id=54531,0
https://www.stackoverflow.com/api,0
https://api.amazon.com/pricing?id=68144,0
https://update-twitter.ru/login,1
https://twilio.com/support?id=99407,0
https://netflix-secure.com/verify,1
https://netflix-secure.com/verify/xxxxxxxxxxxxxxxxxxxxxxxxxxxxxxxxxxxxxxxxxxxxxxxxxxxxxxxxxxxxxxxxxxxxxxxxxxxxxxxxxxxxxxxxxxxxxxxxxxxxxxxxxxxxxx/confirm,1
https://dev.medium.com/register?id=24224,0
http://youtube.com/?id=7360,0
https://microsoft.com/settings,0
https://dev.firebase.com/contact,0
https://facebookl.com@azure.microsoft.com/verify,1
https://notion.so/docs,0
https://netflix-secure.ga/login,1
https://www.asana.com/about,0
https://facebookl.com/verify/xxxxxxxxxxxxxxxxxxxxxxxxxxxxxxxxxxxxxxxxxxxxxxxxxxxxxxxxxxxxxxxxxxxxxxxxxxxxxxxxxxxxxxxxxxxxxxxxxxxxxxxxxxxxxxxxxxxxxxxxxxxxxxxxxxxxxxxxxxxx/confirm,1
https://verify-identity.cf@oracle.com/verify,1
https://staging.firebase.com/help,0
https://dev.atlassian.com/register,0
https://api.figma.com/faq,0
https://api.oracle.com/settings,0
https://staging.google.com/services?id=51966,0
http://staging.jira.com/docs,0
https://github.com/account,0
https://dev.twitter.com/contact,0
https://www.netflix.com/home,0
https://mail.jira.com/docs?id=89023,0
https://www.jira.com/support?id=8362,0
https://update-twitter.info/verify-account,1
https://staging.netflix.com/support,0
https://github-verify.com/verify/xxxxxxxxxxxxxxxxxxxxxxxxxxxxxxxxxxxxxxxxxxxxxxxxxxxxxxxxxxxxxxxxxxxxxxxxxxxxxxxxxxxxxxxxxxxxxxxxxxxxxxxxxxxxxxxxxxxxxxxxxxxxxxxxxxxxxxxxxxxxxxxxxxxxxx/confirm,1
https://api.twilio.com/contact,0
https://account-update-microsoft.ml/claim-reward/login/verify-account/login,1
https://congratulations-winner.top/login,1
https://twtter.com/verify,1
https://staging.youtube.com/help,0
https://facbook.com/verify,1
https://www.dev.to/help,0
https://api.jira.com/login,0
https://staging.adobe.com/faq,0
https://confirm-facebook.ga/verify-account,1
https://limited-time-offer.tk/authenticate/verify/update/login,1
https://api.sketch.com/?id=71440,0
https://mail.trello.com/api,0
http://46.108.28.68/login,1
https://paypa1.ml/login,1
https://www.aws.amazon.com/api,0
https://stackoverflow-confirm.com@jira.com/verify,1
https://login-google.ru/verify/xxxxxxxxxxxxxxxxxxxxxxxxxxxxxxxxxxxxxxxxxxxxxxxxxxxxxxxxxxxxxxxxxxxxxxxxxxxxxxxxxxxxxxxxxxxxxxxxxxxxxxxxxxxxxxxxxxxxxxxxxxxxxxxxxxxxxxxxxxxxxxxxxxxxxxxxxxxxxxxxxxxxxxxxxxxxxxxxxxxxxxxxxx/confirm,1
https://api.sendgrid.com/api?id=67047,0
https://www.stackoverflow.com/products?id=61167,0
http://api.trello.com/account,0
https://authenticate-apple.cf/verify,1
https://netflix-secure.com/login,1
https://secure-paypal.top/update,1
https://www.netflix.com/home,0
https://vercel.com/docs,0
https://amaz0n.com/verify/security-check/confirm-identity/login,1
https://wikipedia.org/faq?id=72464,0
https://staging.vercel.com/login,0
http://api.netlify.com/home,0
https://stackoverflow-confirm.com/confirm-identity/account-recovery/update/login,1
https://staging.figma.com/dashboard,0
https://mail.apple.com/faq?id=68027,0
http://96.90.7.82/login,1
https://twitter.com/docs?id=52340,0
https://www.notion.so/account,0
https://click-here-now.top/verify,1
http://94.242.124.23/login,1
https://staging.atlassian.com/faq,0
https://validate-netflix.xyz/verify,1
http://59.12.75.27/login,1
http://118.82.182.113/login,1
https://staging.stackoverflow.com/dashboard,0
https://notion.so/,0
https://validate-netflix.xyz/update-billing/verify/action/login,1
https://g00gle.com/verify,1
https://api.sketch.com/contact,0
https://dev.azure.microsoft.com/login,0
https://figma.com/blog?id=75600,0
https://dev.paypal.com/pricing,0
https://api.trello.com/profile?id=83685,0
https://api.twitter.com/services,0
https://support-steam.pw@notion.so/verify,1
http://staging.github.com/pricing,0
https://api.sendgrid.com/home?id=33324,0
https://trello.com/settings,0
https://reddit.com/help,0
https://www.salesforce.com/account,0
https://stackoverflow-confirm.com@paypal.com/verify,1
http://api.wikipedia.org/services,0
https://login-google.ru/authenticate/action/confirm-identity/login,1
https://mail.jira.com/register,0
https://secure-paypal.cf/login,1
https://www.google.com/products,0
https://www.asana.com/?id=89150,0
https://claim-reward-now.ga/login,1
https://g00gle.com/verify,1
https://mail.slack.com/docs,0
https://dev.google.com/faq,0
https://mail.notion.so/support?id=15716,0
http://35.167.41.242/login,1
https://mail.paypal.com/faq,0
https://netflix-secure.com/signin/urgent-action/update/login,1
https://authenticate-apple.cf/verify,1
https://www.ibm.com/help,0
https://staging.invision.com/docs,0
http://mail.notion.so/dashboard,0
https://mail.google.com/settings,0
https://urgent-verify-account.ga/verify,1
https://account-update-microsoft.ml/login,1
https://staging.stackoverflow.com/dashboard,0
https://security-confirm-bank.tk/verify,1
https://facebookl.com/verify,1
https://authenticate-apple.cf/update,1
http://69.174.128.228/login,1
http://wikipedia.org/support?id=78898,0
https://update-twitter.info/verify/xxxxxxxxxxxxxxxxxxxxxxxxxxxxxxxxxxxxxxxxxxxxxxxxxxxxxxxxxxxxxxxxxxxxxxxxxxxxxxxxxxxxxxxxxxxxxxxxxxxxxxxxxxxxxxxxxxxxxxxxxxxxxxxxxxxxxxxxxxxxxxxx/confirm,1
https://paypa1.com/verify,1
https://adobe.com/help?id=82860,0
https://congratulations-winner.ml/verify,1
https://mail.microsoft.com/blog?id=34770,0
https://login-google.ru/verify,1
https://click-here-now.top/confirm-identity/security-check/update-billing/login,1
https://twtter.com/verify,1
https://urgent-verify-account.ga/verify-account,1
http://159.62.169.225/login,1
https://www.apple.com/profile,0
https://firebase.com/about,0
https://adobe.com/api,0
https://twtter.com/verify-account,1
https://api.mailchimp.com/home?id=48708,0
https://stackoverflow-confirm.com@github.com/verify,1
https://dev.oracle.com/contact,0
https://mail.wikipedia.org/home,0
https://notion.so/services,0
https://stackoverflow-confirm.com/urgent-action,1
https://dev.github.com/api?id=516,0
https://staging.dev.to/login,0
https://staging.amazon.com/pricing,0
https://api.salesforce.com/home,0
https://claim-reward-now.ga@amazon.com/verify,1
https://urgent-verify-account.ga/login,1
https://gogle.cf/login,1
https://staging.azure.microsoft.com/profile,0
https://congratulations-winner.ml/confirm-identity/claim-reward/authenticate/login,1
https://dev.amazon.com/docs,0
https://api.netflix.com/settings,0
https://www.aws.amazon.com/home,0
https://notion.so/register,0
https://notion.so/services?id=4826,0
https://validate-netflix.xyz/update-billing,1
https://validate-netflix.tk/login,1
https://account-update-microsoft.gq/login,1
https://www.slack.com/settings?id=39532,0
https://validate-netflix.xyz/claim-reward,1
https://api.netlify.com/login?id=7418,0
http://98.57.240.153/login,1
https://authenticate-apple.cf/verify/xxxxxxxxxxxxxxxxxxxxxxxxxxxxxxxxxxxxxxxxxxxxxxxxxxxxxxxxxxxxxxxxxxxxxxxxxxxxxxxxxxxxxxxxxxxxxxxxxxxxxxxxxxxx/confirm,1
https://staging.adobe.com/blog,0
https://congratulations-winner.ml/verify-payment/secure/urgent-action/login,1
https://mail.netflix.com/about,0
https://verify-identity.cf/verify/xxxxxxxxxxxxxxxxxxxxxxxxxxxxxxxxxxxxxxxxxxxxxxxxxxxxxxxxxxxxxxxxxxxxxxxxxxxxxxxxxxxxxxxxxxxxxxxxxxxxxxxxxxxxxxxxxxxxxxxxxxxxxxxxxx/confirm,1
https://mail.twilio.com/about?id=61447,0
https://authenticate-apple.cf/update,1
http://www.netflix.com/?id=84091,0
https://figma.com/pricing?id=30225,0
https://netflix-secure.com/action,1
https://stackoverflow-confirm.com/verify,1
https://gogle.com/confirm-identity/verify/confirm/login,1
https://facebookl.com/verify,1
https://staging.medium.com/?id=92398,0
https://figma.com/about,0
https://login-google.ru/security-check/verify-account/confirm/login,1
https://validate-netflix.xyz@netflix.com/verify,1
https://api.netlify.com/blog,0
https://dev.amazon.com/,0
https://ibm.com/settings,0
https://dev.google.com/docs?id=44614,0
https://facebookl.com/verify,1
http://56.111.218.155/login,1
https://claim-reward-now.ga/secure/update/action/login,1
http://72.31.210.69/login,1
http://mail.figma.com/products,0
http://221.15.226.243/login,1
https://dev.trello.com/home,0
https://amaz0n.cf/login,1
http://69.76.31.255/login,1
https://amazn.com/secure/verify/authenticate/login,1
https://api.ibm.com/home,0
https://account-update-microsoft.ml/verify/xxxxxxxxxxxxxxxxxxxxxxxxxxxxxxxxxxxxxxxxxxxxxxxxxxxxxxxxxxxxxxxxxxxxxxxxxxxxxxxxxxxxxxxxxxxxxxxxxxxxxxxxxxxxxxxxxxxxxxxxxxxxxxxxxxxxxxxxxxxxxxxxxxxxxxxxxxxxxxxxxxxxxxxxxxxxxxxxxxxxxxxx/confirm,1
https://dev.cloud.google.com/profile?id=18085,0
https://api.netflix.com/support?id=56750,0
https://support-steam.pw/security-check,1
http://169.97.63.169/login,1
https://paypa1.com/confirm,1
https://api.adobe.com/contact?id=99053,0
https://www.twitter.com/support,0
https://api.twitter.com/,0
https://staging.sendgrid.com/api,0
https://staging.reddit.com/faq,0
http://227.245.219.65/login,1
https://dev.oracle.com/login,0
https://netflix-secure.com/verify-account,1
https://verify-amazon.tk/verify/xxxxxxxxxxxxxxxxxxxxxxxxxxxxxxxxxxxxxxxxxxxxxxxxxxxxxxxxxxxxxxxxxxxxxxxxxxxxxxxxxxxxxxxxxxxxxxxxxxxxxxxxxxxxxxxxxxxxxxxxxxxxxxxxxxxxxxxxxxxxxxxxxxxxxxxxxxxxxxxxxxxxxxxxxxxxxxxxxxxxxxxxx/confirm,1
https://security-confirm-bank.tk/security-check/login/validate/login,1
https://urgent-verify-account.ga/verify,1
http://staging.microsoft.com/help,0
https://account-update-microsoft.ml/verify/xxxxxxxxxxxxxxxxxxxxxxxxxxxxxxxxxxxxxxxxxxxxxxxxxxxxxxxxxxxxxxxxxxxxxxxxxxxxxxxxxxxxxxxxxxxxxxxxxxxxxxxxxxxxxxxxxxxxxxxxxxxxxxxxxxxxxxxxxxxxxxxxxxxxxxxxxxxxxxxxxxxxxxxxxxxx/confirm,1
https://dev.dev.to/faq,0
https://staging.trello.com/faq,0
https://urgent-verify-account.ga/verify/xxxxxxxxxxxxxxxxxxxxxxxxxxxxxxxxxxxxxxxxxxxxxxxxxxxxxxxxxxxxxxxxxxxxxxxxxxxxxxxxxxxxxxxxxxxxxxxxxxxxxxxxxxxxxxxxxxxxxxxxxxxxxxxxxxxxxxxxxxxxxxxxxxxxxxxxxxxxxxxxxxxxxxxxxxxxxxxxxxxxxxxxxxxxxxx/confirm,1
https://click-here-now.top/authenticate/signin/validate/login,1
https://api.asana.com/services?id=50129,0
https://stackoverflow-confirm.com/verify/xxxxxxxxxxxxxxxxxxxxxxxxxxxxxxxxxxxxxxxxxxxxxxxxxxxxxxxxxxxxxxxxxxxxxxxxxxxxxxxxxxxxxxxxxxxxxxxxxxxxxxxxxxxxxxxxxxxxxxxxxxxxxxxxxxxxxxxxxxxxxxxxxxxxxxxxxxxxxxxxxxxxxxxxxxxxxxxxxxxxxxxxxxxxxx/confirm,1
https://jira.com/pricing,0
https://account-update-microsoft.ml@google.com/verify,1
https://security-confirm-bank.ga/login,1
https://github-verify.com/verify,1
https://mail.cloud.google.com/support,0
https://api.github.com/docs,0
http://46.236.1.120/login,1
https://account-update-microsoft.ml/verify,1
https://congratulations-winner.top/login,1
https://www.apple.com/account,0
http://api.ibm.com/support,0
https://mail.netflix.com/api,0
https://staging.notion.so/register?id=97975,0
https://support-steam.pw/authenticate,1
https://verify-amazon.tk/verify/security-check/action/login,1
https://congratulations-winner.ml/verify,1
https://www.asana.com/docs,0
https://dev.atlassian.com/blog?id=70019,0
https://vercel.com/api,0
https://facebookl.com@slack.com/verify,1
https://authenticate-apple.tk/login,1
https://netflix-secure.ml/login,1
https://dev.google.com/docs,0
https://www.ibm.com/,0
https://www.cloud.google.com/about,0
https://gogle.com/update-billing,1
https://g00gle.com@amazon.com/verify,1
http://253.162.163.11/login,1
https://staging.vercel.com/help,0
https://api.google.com/profile?id=40600,0
https://facebookl.top/login,1
http://212.213.16.121/login,1
https://www.github.com/pricing,0
http://29.107.220.61/login,1
https://dev.linkedin.com/api,0
https://twtter.com/verify,1
https://www.firebase.com/about?id=18953,0
https://staging.stripe.com/profile?id=11010,0
http://1.179.176.155/login,1
https://dev.trello.com/blog,0
https://dev.twitter.com/contact,0
https://figma.com/docs,0
https://azure.microsoft.com/?id=45527,0
https://dev.google.com/blog,0
https://mail.medium.com/settings,0
https://github-verify.com/security-check/authenticate/verify/login,1
https://api.oracle.com/faq,0
https://authenticate-apple.cf/authenticate,1
http://139.178.172.102/login,1
https://www.medium.com/profile,0
https://dev.netflix.com/register?id=60632,0
https://security-confirm-bank.tk/claim-reward,1
https://confirm-facebook.ga/verify,1
http://dev.google.com/help,0
https://twtter.com/verify,1
https://paypa1.com/urgent-action/validate/required-update/login,1
https://mail.azure.microsoft.com/support,0
https://g00gle.com/verify-account/update-billing/confirm-identity/login,1
http://42.171.128.239/login,1
https://api.aws.amazon.com/dashboard,0
http://www.amazon.com/api,0
https://dev.notion.so/login,0
https://dev.dev.to/about,0
https://staging.trello.com/support,0
https://urgent-verify-account.ga/verify/xxxxxxxxxxxxxxxxxxxxxxxxxxxxxxxxxxxxxxxxxxxxxxxxxxxxxxxxxxxxxxxxxxxxxxxxxxxxxxxxxxxxxxxxxxxxxxxxxxxxxxxxxxxxxxxxxxxxxxxxxxxxxxxxxxxxxxxxxxxxxxxxxxxxxxxxxxxxxxxxxxxxxxxxxxxx/confirm,1
https://urgent-verify-account.ga/claim-reward/action/authenticate/login,1
http://www.invision.com/account?id=28407,0
https://account-update-microsoft.ml/verify,1
https://login-google.ru/secure/update-billing/login/login,1
https://cloud.google.com/login?id=32419,0
https://update-twitter.info/security-check,1
https://mail.atlassian.com/,0
https://validate-netflix.xyz/confirm-identity,1
http://mail.netflix.com/settings?id=15173,0
https://medium.com/login,0
https://account-update-microsoft.ml/update-billing,1
https://authenticate-apple.cf/signin/update-billing/update/login,1
https://validate-netflix.xyz@aws.amazon.com/verify,1
https://security-confirm-bank.tk/verify,1
http://dev.cloud.google.com/pricing,0
https://verify-amazon.tk/update,1
https://paypa1.com/verify/xxxxxxxxxxxxxxxxxxxxxxxxxxxxxxxxxxxxxxxxxxxxxxxxxxxxxxxxxxxxxxxxxxxxxxxxxxxxxxxxxxxxxxxxxxxxxxxxxxxxxxxxxxxxxxxxxxxxxxxxxxxxxxxxxxxxxxxxxxxxxxxxxxxxxxxxxxxxxxxxxxxxxxxxxxxxxxxxxxxxxxxxxxxxxxx/confirm,1
https://staging.youtube.com/pricing,0
http://www.sketch.com/login,0
https://support-steam.pw/verify,1
https://staging.google.com/account,0
https://reddit.com/docs?id=1667,0
https://api.paypal.com/docs?id=52211,0
https://login-google.ru/login,1
https://verify-apple-id.gq/login/signin/required-update/login,1
https://www.apple.com/products,0
https://verify-identity.cf/confirm-identity,1
https://github-verify.com@aws.amazon.com/verify,1
https://staging.microsoft.com/register,0
https://stackoverflow-confirm.com/claim-reward/verify/authenticate/login,1
https://claim-reward-now.ga/verify,1
https://www.stripe.com/profile,0
https://staging.youtube.com/settings,0
http://staging.sendgrid.com/pricing,0
https://jira.com/?id=97783,0
https://dev.figma.com/account,0
https://api.azure.microsoft.com/home,0
http://32.79.134.78/login,1
https://stackoverflow-confirm.com/verify,1
https://account-update-microsoft.ml/verify/xxxxxxxxxxxxxxxxxxxxxxxxxxxxxxxxxxxxxxxxxxxxxxxxxxxxxxxxxxxxxxxxxxxxxxxxxxxxxxxxxxxxxxxxxxxxxxxxxxxxxxxxxxxxxxxxxxxxxxxxxxxxxxxxxxxxxxxxxxxxxxxxxxxxxxxxxxxxxxxxxx/confirm,1
http://125.204.245.16/login,1
https://update-twitter.info/verify/verify-account/validate/login,1
http://113.29.70.95/login,1
http://4.182.28.24/login,1
https://www.figma.com/home,0
https://congratulations-winner.ml/secure,1
https://github.com/services?id=36556,0
https://mail.microsoft.com/register,0
https://update-twitter.info@reddit.com/verify,1
https://verify-amazon.tk@salesforce.com/verify,1
https://dev.invision.com/services?id=57493,0
http://126.245.81.226/login,1
https://staging.linkedin.com/products?id=38981,0
https://www.cloud.google.com/login,0
https://mail.notion.so/register,0
https://amazn.com@github.com/verify,1
https://dev.to/settings,0
https://validate-netflix.xyz/secure,1
https://www.twilio.com/login,0
https://api.twitter.com/docs,0
https://twitter.com/settings?id=2603,0
https://api.twitter.com/,0
https://staging.notion.so/blog,0
https://congratulations-winner.ml/verify,1
https://stackoverflow-confirm.com/verify,1
http://188.10.90.120/login,1
https://staging.slack.com/services?id=59406,0
https://paypa1.com/verify/xxxxxxxxxxxxxxxxxxxxxxxxxxxxxxxxxxxxxxxxxxxxxxxxxxxxxxxxxxxxxxxxxxxxxxxxxxxxxxxxxxxxxxxxxxxxxxxxxxxxxxxxxxxxxxxxxxxxxxxxxxxxxxxxxxxxx/confirm,1
https://congratulations-winner.ml/validate/action/login/login,1
https://twtter.com/verify/xxxxxxxxxxxxxxxxxxxxxxxxxxxxxxxxxxxxxxxxxxxxxxxxxxxxxxxxxxxxxxxxxxxxxxxxxxxxxxxxxxxxxxxxxxxxxxxxxxxxxxxxxxxxxxxxxxxxxxxxxxxxxxxxxxxxxxxxxxxxxxxxxxxxxxxxxxxxxxxxxxxxx/confirm,1
https://www.adobe.com/account,0
https://dev.azure.microsoft.com/home,0
https://api.microsoft.com/settings?id=49386,0
https://limited-time-offer.tk/verify,1
https://linkedin-login.com@asana.com/verify,1
http://api.google.com/dashboard,0
https://staging.apple.com/account,0
https://mail.firebase.com/login,0
https://dev.aws.amazon.com/account?id=73147,0
https://asana.com/login,0
https://linkedin-login.com/security-check,1
https://www.ibm.com/account?id=17504,0
https://mail.azure.microsoft.com/products,0
https://congratulations-winner.ml/login,1
https://trello.com/faq,0
https://dev.microsoft.com/support,0
https://dev.notion.so/products?id=35230,0
https://api.google.com/login,0
https://login-google.ru/verify/xxxxxxxxxxxxxxxxxxxxxxxxxxxxxxxxxxxxxxxxxxxxxxxxxxxxxxxxxxxxxxxxxxxxxxxxxxxxxxxxxxxxxxxxxxxxxxxxxxxxxxxxxxxxxxxxxxxxxxx/confirm,1
https://facebookl.com@twilio.com/verify,1
https://security-confirm-bank.tk@sketch.com/verify,1
https://account-update-microsoft.ml/verify/authenticate/confirm-identity/login,1
https://dev.google.com/register,0
https://staging.google.com/account,0
https://api.linkedin.com/docs,0
https://staging.heroku.com/dashboard,0
https://twtter.com/confirm-identity/login/update-billing/login,1
https://account-update-microsoft.ml/verify,1
https://microsoft.com/profile?id=90612,0
https://validate-netflix.xyz/verify/xxxxxxxxxxxxxxxxxxxxxxxxxxxxxxxxxxxxxxxxxxxxxxxxxxxxxxxxxxxxxxxxxxxxxxxxxxxxxxxxxxxxxxxxxxxxxxxxxxxxxxxxxxxxxxxxxxxxxxxxxxxxxxxxxxxxxxxxxxxxxxxxxxxxxxxxxxx/confirm,1
https://api.aws.amazon.com/home?id=93092,0
https://amaz0n.gq/login,1
https://facebookl.gq/login,1
https://www.facebook.com/profile?id=33311,0
http://salesforce.com/settings,0
https://verify-identity.cf@github.com/verify,1
https://dev.sketch.com/support,0
https://staging.notion.so/profile,0
https://verify-amazon.tk/update,1
https://www.netlify.com/faq,0
https://paypa1.ml/login,1
https://www.google.com/help,0
http://231.163.213.61/login,1
https://api.microsoft.com/pricing,0
https://staging.salesforce.com/api,0
https://secure-paypal.top/update-billing,1
https://staging.amazon.com/register,0
http://127.127.51.224/login,1
https://mail.stripe.com/account,0
https://g00gle.com/verify,1
https://click-here-now.top@ibm.com/verify,1
https://staging.amazon.com/account,0
http://staging.cloud.google.com/faq?id=64392,0
https://urgent-verify-account.ga@github.com/verify,1
https://staging.atlassian.com/profile?id=7376,0
https://facbook.com/verify,1
https://staging.cloud.google.com/profile,0
https://staging.firebase.com/support,0
https://verify-amazon.tk/verify/xxxxxxxxxxxxxxxxxxxxxxxxxxxxxxxxxxxxxxxxxxxxxxxxxxxxxxxxxxxxxxxxxxxxxxxxxxxxxxxxxxxxxxxxxxxxxxxxxxxxxxxxxxxxxxxxxxxxxxxxxxxxxxxxxxxxxxxxxxx/confirm,1
https://dev.twitter.com/help,0
http://www.firebase.com/support,0
https://paypa1.ru/login,1
https://netflix-secure.com/verify,1
https://confirm-facebook.ga/authenticate,1
http://9.18.174.140/login,1
https://claim-reward-now.ga/signin/verify-payment/verify/login,1
https://staging.facebook.com/blog,0
https://mail.amazon.com/products,0
https://authenticate-apple.cf/verify,1
https://secure-paypal.top/verify,1
https://dev.netflix.com/?id=54709,0
https://secure-paypal.top@facebook.com/verify,1
https://mail.github.com/home,0
https://github.com/dashboard,0
https://netlify.com/settings,0
https://api.vercel.com/docs,0
https://paypa1.com/action,1
http://mail.slack.com/profile,0
https://staging.trello.com/about,0
https://dev.medium.com/contact?id=44899,0
https://jira.com/services?id=19096,0
https://mail.stripe.com/api?id=66731,0
https://validate-netflix.xyz@atlassian.com/verify,1
https://twtter.com/action/required-update/update-billing/login,1
https://mail.reddit.com/contact?id=81030,0
https://amazn.com@oracle.com/verify,1
https://staging.invision.com/api,0
https://heroku.com/products?id=46295,0
https://facbook.com/verify-account,1
https://www.trello.com/api,0
https://staging.trello.com/faq?id=5380,0
https://g00gle.com/confirm-identity/verify-payment/action/login,1
https://staging.sketch.com/dashboard?id=91370,0
https://validate-netflix.xyz/verify/xxxxxxxxxxxxxxxxxxxxxxxxxxxxxxxxxxxxxxxxxxxxxxxxxxxxxxxxxxxxxxxxxxxxxxxxxxxxxxxxxxxxxxxxxxxxxxxxxxxxxxxxxxxxxxxxxxxxxx/confirm,1
https://click-here-now.cf/login,1
https://dev.invision.com/pricing,0
https://figma.com/settings?id=4783,0
https://click-here-now.top/urgent-action/authenticate/update/login,1
https://dev.ibm.com/about,0
http://63.30.49.31/login,1
https://authenticate-apple.cf/verify,1
https://staging.azure.microsoft.com/login?id=49513,0
http://207.225.210.132/login,1
https://verify-amazon.tk/verify/xxxxxxxxxxxxxxxxxxxxxxxxxxxxxxxxxxxxxxxxxxxxxxxxxxxxxxxxxxxxxxxxxxxxxxxxxxxxxxxxxxxxxxxxxxxxxxxxxxxxxxxxxxxxxxxxxxxxxxxxxxxxxxxxxxxxxxxxxxxxxxxxxxxxxxxxxxxxxxxxxxxxxxxx/confirm,1
https://verify-amazon.tk/verify,1
https://confirm-facebook.ga/claim-reward,1
https://facebookl.com/action,1
https://staging.vercel.com/register?id=2393,0
https://twtter.com/update/update-billing/validate/login,1
https://support-steam.pw/secure,1
https://facebookl.com/verify,1
https://confirm-facebook.ga/verify,1
https://verify-identity.cf@vercel.com/verify,1
http://mail.aws.amazon.com/support,0
https://urgent-verify-account.ga/verify-payment/authenticate/update/login,1
https://staging.wikipedia.org/pricing,0
https://staging.facebook.com/contact,0
http://api.stripe.com/account,0
http://www.twitter.com/faq,0
https://claim-reward-now.ga@stackoverflow.com/verify,1
https://secure-paypal.top/confirm-identity,1
https://www.invision.com/register,0
https://security-confirm-bank.tk/verify-payment,1
https://github-verify.com/verify/xxxxxxxxxxxxxxxxxxxxxxxxxxxxxxxxxxxxxxxxxxxxxxxxxxxxxxxxxxxxxxxxxxxxxxxxxxxxxxxxxxxxxxxxxxxxxxxxxxxxxxxxxxxxxxxxxxxxxxxxxxx/confirm,1
https://urgent-verify-account.ga@github.com/verify,1
http://111.200.54.25/login,1
https://dev.medium.com/register?id=71631,0
http://dev.apple.com/register?id=44301,0
https://staging.apple.com/products,0
http://122.17.232.85/login,1
https://mail.invision.com/about?id=24373,0
http://firebase.com/contact,0
http://137.177.218.251/login,1
https://dev.paypal.com/profile,0
https://twtter.com/verify,1
https://urgent-verify-account.ga/account-recovery,1
https://api.heroku.com/register?id=33480,0
https://verify-identity.cf/validate,1
https://www.invision.com/home,0
https://staging.sketch.com/api,0
https://staging.trello.com/pricing?id=10982,0
https://update-twitter.info/required-update/verify/signin/login,1
https://netflix.com/api,0
https://secure-paypal.top/update,1
https://account-update-microsoft.ml/verify,1
https://github-verify.xyz/login,1
https://limited-time-offer.top/login,1
https://paypa1.com/verify-account/login/verify-account/login,1
https://amazn.cf/login,1
https://mail.aws.amazon.com/services,0
https://mail.aws.amazon.com/settings?id=42857,0
https://paypa1.ml/login,1
https://staging.mailchimp.com/api,0
https://mail.medium.com/register,0
https://mail.stripe.com/api,0
https://secure-paypal.top@google.com/verify,1
https://mail.sketch.com/products?id=60494,0
https://wikipedia.org/products,0
https://secure-paypal.top@youtube.com/verify,1
http://255.149.208.199/login,1
https://api.stackoverflow.com/about?id=24582,0
https://www.youtube.com/dashboard,0
https://vercel.com/login,0
http://107.161.61.210/login,1
https://twilio.com/profile,0
https://www.aws.amazon.com/support,0
https://dev.wikipedia.org/help,0
https://support-steam.pw/verify/xxxxxxxxxxxxxxxxxxxxxxxxxxxxxxxxxxxxxxxxxxxxxxxxxxxxxxxxxxxxxxxxxxxxxxxxxxxxxxxxxxxxxxxxxxxxxxxxxxxxxxxxxxxxxxxxxxxxxxxxxxxxxxxxxxxxxxxxxxxxxxxxxxxxxxxxxxxxxxxxxxxxxx/confirm,1
https://staging.linkedin.com/dashboard,0
https://authenticate-apple.cf/verify/xxxxxxxxxxxxxxxxxxxxxxxxxxxxxxxxxxxxxxxxxxxxxxxxxxxxxxxxxxxxxxxxxxxxxxxxxxxxxxxxxxxxxxxxxxxxxxxxxxxxxxxxxxxxxxxxxxxxxxxxxxxxxxxxxxxxxxxxxxxxxxxxxxxxxxxxxxxxxxxxxxxxxxxxxxxxxxxxxxxx/confirm,1
https://dev.facebook.com/pricing,0
https://verify-identity.cf/verify,1
http://www.twilio.com/home,0
https://dev.medium.com/blog?id=53143,0
https://validate-netflix.xyz/verify/xxxxxxxxxxxxxxxxxxxxxxxxxxxxxxxxxxxxxxxxxxxxxxxxxxxxxxxxxxxxxxxxxxxxxxxxxxxxxxxxxxxxxxxxxxxxxxxxxxxxxxxxxxxxxxxxxxxxxxxxxxxxxxxxxxxxxxxxxxxxxxxxxxxxxxxx/confirm,1
https://staging.netflix.com/faq,0
https://mail.trello.com/docs,0
https://dev.netflix.com/pricing?id=64629,0
https://staging.cloud.google.com/blog,0
https://limited-time-offer.tk/confirm,1
https://dev.trello.com/register,0
http://61.180.51.207/login,1
https://dev.dev.to/about?id=67070,0
http://179.122.157.129/login,1
https://amazn.tk/login,1
https://verify-amazon.tk@aws.amazon.com/verify,1
https://staging.azure.microsoft.com/settings?id=64735,0
https://api.sketch.com/faq,0
https://dev.linkedin.com/login?id=70167,0
https://dev.reddit.com/faq,0
https://amazn.com/verify,1
https://dev.netflix.com/profile,0
https://mail.netlify.com/help,0
https://amaz0n.top/login,1
https://login-google.ru/security-check,1
https://dev.cloud.google.com/?id=68466,0
http://123.167.129.88/login,1
https://staging.wikipedia.org/products?id=22492,0
https://mail.reddit.com/register?id=34082,0
https://mail.azure.microsoft.com/account,0
https://staging.stackoverflow.com/api,0
https://dev.netflix.com/register,0
https://dev.youtube.com/login,0
https://verify-amazon.gq/login,1
http://160.114.193.233/login,1
https://secure-paypal.top/verify,1
https://www.github.com/about,0
https://confirm-facebook.ga/verify,1
https://api.sendgrid.com/home,0
http://api.github.com/profile,0
https://validate-netflix.xyz/verify-payment/login/account-recovery/login,1
https://facebookl.com@slack.com/verify,1
https://www.twilio.com/services,0
https://mail.netflix.com/services,0
https://congratulations-winner.ml/login,1
http://206.69.67.110/login,1
https://paypa1.top/login,1
https://staging.amazon.com/login,0
https://api.stripe.com/contact,0
https://account-update-microsoft.ml/signin/action/authenticate/login,1
https://secure-paypal.top/verify,1
https://salesforce.com/profile,0
https://mail.stackoverflow.com/products,0
https://limited-time-offer.ml/login,1
http://157.124.233.242/login,1
https://paypa1.com/verify,1
https://congratulations-winner.ml/verify/xxxxxxxxxxxxxxxxxxxxxxxxxxxxxxxxxxxxxxxxxxxxxxxxxxxxxxxxxxxxxxxxxxxxxxxxxxxxxxxxxxxxxxxxxxxxxxxxxxxxxxxxxxxxxxxxxxxxxxxxxxxxxxxxxxxxxxxxxxxxxxxxxxxxxxxxxxxxxxxxxxxxxxxxxxxxxxx/confirm,1
http://42.26.162.102/login,1
https://paypa1.com/verify/xxxxxxxxxxxxxxxxxxxxxxxxxxxxxxxxxxxxxxxxxxxxxxxxxxxxxxxxxxxxxxxxxxxxxxxxxxxxxxxxxxxxxxxxxxxxxxxxxxxxxxxxxxxxxxxxxxxxxxxxxxxxxxxxxxxxxxxxxxxxxxxxxxxxxxxxxxxxxxxxxxxxx/confirm,1
https://verify-apple-id.gq@asana.com/verify,1
https://api.figma.com/support,0
https://api.mailchimp.com/register?id=59182,0
https://confirm-facebook.gq/login,1
https://www.sketch.com/pricing,0
https://click-here-now.top/verify,1
https://paypa1.com@salesforce.com/verify,1
https://www.google.com/account?id=22763,0
https://staging.atlassian.com/help,0
https://www.stripe.com/services,0
https://mail.netlify.com/services,0
https://confirm-facebook.tk/login,1
https://staging.facebook.com/blog,0
https://claim-reward-now.ga/verify/xxxxxxxxxxxxxxxxxxxxxxxxxxxxxxxxxxxxxxxxxxxxxxxxxxxxxxxxxxxxxxxxxxxxxxxxxxxxxxxxxxxxxxxxxxxxxxxxxxxxxxxxxxxxxxxxxxxxxxxxxxxxxxxxxxxx/confirm,1
https://github-verify.com/verify-account,1
http://239.80.170.190/login,1
https://account-update-microsoft.ml/authenticate/signin/required-update/login,1
https://api.notion.so/products,0
https://api.apple.com/docs?id=17122,0
https://support-steam.pw/verify,1
https://verify-apple-id.gq/security-check/update/verify-account/login,1
https://facbook.com/signin,1
http://mail.vercel.com/profile,0
https://staging.notion.so/register?id=91632,0
https://linkedin-login.com/action/update/secure/login,1
https://claim-reward-now.ga/verify/xxxxxxxxxxxxxxxxxxxxxxxxxxxxxxxxxxxxxxxxxxxxxxxxxxxxxxxxxxxxxxxxxxxxxxxxxxxxxxxxxxxxxxxxxxxxxxxxxxxxxxxxxxxxxxxxxx/confirm,1
https://www.ibm.com/faq,0
https://apple.com/pricing,0
https://stackoverflow-confirm.com/verify,1
https://atlassian.com/docs?id=17318,0
https://www.wikipedia.org/contact,0
https://www.adobe.com/,0
https://netflix.com/account,0
https://trello.com/help?id=68200,0
https://dev.figma.com/contact?id=45330,0
https://staging.azure.microsoft.com/register?id=11916,0
https://api.linkedin.com/docs?id=48868,0
https://asana.com/register?id=22011,0
http://staging.dev.to/register?id=54792,0
https://api.dev.to/about,0
https://mail.sendgrid.com/profile,0
https://facbook.com/action,1
https://amazn.com/update/validate/urgent-action/login,1
https://twtter.com@vercel.com/verify,1
http://api.notion.so/contact?id=84083,0
http://dev.sketch.com/home,0
https://login-google.ru/verify/xxxxxxxxxxxxxxxxxxxxxxxxxxxxxxxxxxxxxxxxxxxxxxxxxxxxxxxxxxxxxxxxxxxxxxxxxxxxxxxxxxxxxxxxxxxxxxxxxxxxxxxxxxxxxxxxxxxxxxxxxxxxxxxxxxxxxxxxxxxxxxxxxxxxxxxxxxxxxxxxxxxxxxxxxxxxxxxxxxxxxxxxxxxxxxxxxxxx/confirm,1
http://api.oracle.com/services,0
https://apple.com/dashboard?id=86000,0
https://account-update-microsoft.ru/login,1
https://mail.mailchimp.com/dashboard,0
https://congratulations-winner.ml/validate,1
https://paypa1.com/validate,1
https://dev.paypal.com/api?id=74794,0
https://validate-netflix.xyz/confirm,1
https://support-steam.pw/authenticate,1
https://asana.com/profile?id=17573,0
https://dev.ibm.com/account?id=37850,0
https://dev.trello.com/account?id=16892,0
https://confirm-facebook.ga/verify,1
http://137.129.56.113/login,1
http://240.241.98.172/login,1
http://mail.microsoft.com/faq,0
https://secure-paypal.top/verify/xxxxxxxxxxxxxxxxxxxxxxxxxxxxxxxxxxxxxxxxxxxxxxxxxxxxxxxxxxxxxxxxxxxxxxxxxxxxxxxxxxxxxxxxxxxxxxxxxxxxxxxxxxxxxxxxxxxxxxxxxxxxxxxxxxxxxxxxxxxxxxxxxxxxxxxxx/confirm,1
https://mailchimp.com/settings,0
http://staging.salesforce.com/support,0
https://github-verify.com/claim-reward/urgent-action/confirm/login,1
https://mail.github.com/faq,0
https://staging.github.com/api?id=54648,0
https://urgent-verify-account.top/login,1
https://www.heroku.com/account,0
https://api.sendgrid.com/contact?id=69150,0
https://www.sketch.com/?id=22786,0
https://staging.apple.com/account,0
https://verify-identity.ga/login,1
https://secure-paypal.top/required-update,1
https://dev.to/support?id=5758,0
https://stackoverflow-confirm.com/account-recovery/update/update/login,1
https://netflix-secure.tk/login,1
https://www.reddit.com/profile,0
https://api.linkedin.com/services?id=27533,0
http://226.110.89.118/login,1
https://www.notion.so/pricing,0
https://g00gle.xyz/login,1
https://mail.trello.com/settings,0
https://www.twitter.com/,0
https://www.stackoverflow.com/account,0
https://www.firebase.com/services,0
https://mail.salesforce.com/dashboard,0
http://api.cloud.google.com/profile?id=20980,0
https://mail.heroku.com/register,0
https://aws.amazon.com/products,0
https://verify-amazon.tk@netlify.com/verify,1
https://mail.ibm.com/profile,0
https://github-verify.com/action/login/login/login,1
https://gogle.com/verify,1
https://linkedin-login.com@microsoft.com/verify,1
https://verify-amazon.tk/verify/xxxxxxxxxxxxxxxxxxxxxxxxxxxxxxxxxxxxxxxxxxxxxxxxxxxxxxxxxxxxxxxxxxxxxxxxxxxxxxxxxxxxxxxxxxxxxxxxxxxxxxxxxxxxxxxxxxxxxxxxxxxxxxxxxxxxxxxxxxxxxxxxxxxxxxxxxxxxxxxxx/confirm,1
https://api.oracle.com/dashboard,0
https://verify-identity.cf/authenticate,1
https://verify-apple-id.gq@wikipedia.org/verify,1
https://github-verify.com/verify/xxxxxxxxxxxxxxxxxxxxxxxxxxxxxxxxxxxxxxxxxxxxxxxxxxxxxxxxxxxxxxxxxxxxxxxxxxxxxxxxxxxxxxxxxxxxxxxxxxxxxxxxxxxxxxxxxxxxxxxxxxxxxxxxxxxxxxxxxxxxxxxxxxxxxxxxxxxxxxxxxxxx/confirm,1
https://mail.slack.com/,0
https://urgent-verify-account.ga/verify/login/required-update/login,1
https://gogle.com/verify-payment/confirm/secure/login,1
https://mail.atlassian.com/dashboard?id=35701,0
https://reddit.com/about,0
https://api.facebook.com/products,0
http://164.22.210.113/login,1
https://security-confirm-bank.gq/login,1
https://www.invision.com/pricing,0
https://www.invision.com/api,0
https://api.invision.com/products,0
https://support-steam.pw/validate,1
https://staging.google.com/account,0
https://dev.jira.com/account,0
http://adobe.com/services,0
https://account-update-microsoft.ml/verify/xxxxxxxxxxxxxxxxxxxxxxxxxxxxxxxxxxxxxxxxxxxxxxxxxxxxxxxxxxxxxxxxxxxxxxxxxxxxxxxxxxxxxxxxxxxxxxxxxxxxxxxxxxxxxxxxxxxxxxxxxxxxxxxxxxxxxxxxxxxxxx/confirm,1
https://mail.github.com/home,0
https://verify-identity.cf/verify/xxxxxxxxxxxxxxxxxxxxxxxxxxxxxxxxxxxxxxxxxxxxxxxxxxxxxxxxxxxxxxxxxxxxxxxxxxxxxxxxxxxxxxxxxxxxxxxxxxxxxxxxxxxxxxxxxxxxxxxxxxxxxxxxxxxxxxxxxxxxxxxxxxxxxxxxxxxxxxxxxxxxxxxxxxxxxxxxxxxxxxxxx/confirm,1
https://stackoverflow-confirm.com/confirm-identity,1
https://gogle.com/update/signin/action/login,1
https://staging.cloud.google.com/api?id=9838,0
https://support-steam.pw/update-billing/update/confirm/login,1
https://secure-paypal.top/verify,1
https://jira.com/faq,0
https://staging.stripe.com/faq,0
https://security-confirm-bank.tk/login/secure/action/login,1
https://verify-identity.cf/login,1
https://www.microsoft.com/products,0
https://staging.firebase.com/support,0
https://validate-netflix.xyz@reddit.com/verify,1
https://mail.twilio.com/settings,0
https://mail.stackoverflow.com/faq,0
https://mail.mailchimp.com/blog,0
https://api.linkedin.com/dashboard,0
https://api.trello.com/profile?id=10124,0
https://amazn.com/urgent-action/verify-payment/urgent-action/login,1
http://mail.asana.com/about,0
http://168.14.254.7/login,1
https://youtube.com/register,0
https://dev.amazon.com/docs?id=12156,0
http://254.135.188.62/login,1
https://api.cloud.google.com/support,0
http://api.google.com/pricing?id=12843,0
http://63.249.91.164/login,1
http://api.azure.microsoft.com/home,0
https://twtter.com/verify,1
https://staging.sketch.com/api?id=249,0
https://staging.salesforce.com/products?id=20973,0
https://facbook.com/verify/xxxxxxxxxxxxxxxxxxxxxxxxxxxxxxxxxxxxxxxxxxxxxxxxxxxxxxxxxxxxxxxxxxxxxxxxxxxxxxxxxxxxxxxxxxxxxxxxxxxxxxxxxxxxxxxxxxxxxxxxxxxxxxxxxxxxxxxxxx/confirm,1
http://www.trello.com/register?id=98346,0
https://update-twitter.info/required-update,1
http://175.112.85.214/login,1
https://secure-paypal.tk/login,1
https://twilio.com/register,0
https://api.netflix.com/profile?id=90775,0
http://dev.mailchimp.com/blog,0
https://limited-time-offer.tk@oracle.com/verify,1
https://staging.figma.com/help?id=63222,0
https://verify-amazon.gq/login,1
https://secure-paypal.ml/login,1
http://mail.slack.com/help,0
https://claim-reward-now.ga/account-recovery/signin/secure/login,1
https://amazn.com@notion.so/verify,1
https://mail.reddit.com/products,0
https://limited-time-offer.tk@aws.amazon.com/verify,1
https://verify-amazon.tk/verify/xxxxxxxxxxxxxxxxxxxxxxxxxxxxxxxxxxxxxxxxxxxxxxxxxxxxxxxxxxxxxxxxxxxxxxxxxxxxxxxxxxxxxxxxxxxxxxxxxxxxxxxxxxxxxxxxxxxxxxxxxxxxxxxxxxxxxxxxxxxxxxxxxxxxxxxxxxxxxxxxxxxxxxxxxxxxxxxxxxxxxxxxxxxxxxxxxxxxxxxx/confirm,1
https://www.heroku.com/api,0
https://staging.mailchimp.com/contact,0
https://gogle.com@figma.com/verify,1
https://staging.medium.com/profile?id=15849,0
https://stackoverflow.com/register,0
https://mail.wikipedia.org/profile,0
https://update-twitter.info@wikipedia.org/verify,1
https://mail.linkedin.com/docs,0
https://microsoft.com/products,0
https://amaz0n.com@slack.com/verify,1
https://dev.adobe.com/register?id=35431,0
https://www.cloud.google.com/profile,0
https://login-google.ru/authenticate/verify-payment/verify-payment/login,1
https://security-confirm-bank.tk/verify/validate/update-billing/login,1
https://api.netlify.com/api,0
https://amazn.com/verify,1
https://limited-time-offer.tk/login,1
https://api.asana.com/products?id=2403,0
https://congratulations-winner.ml/update-billing/account-recovery/authenticate/login,1
https://twitter.com/about,0
https://congratulations-winner.ml@stackoverflow.com/verify,1
https://login-google.gq/login,1
https://claim-reward-now.ga/confirm/confirm/signin/login,1
https://facebookl.com@google.com/verify,1
https://congratulations-winner.ml@atlassian.com/verify,1
https://api.twilio.com/help,0
https://mail.stackoverflow.com/pricing,0
https://stackoverflow-confirm.gq/login,1
https://netflix-secure.com/verify/claim-reward/confirm/login,1
https://api.jira.com/faq,0
https://dev.stripe.com/docs?id=96680,0
https://www.jira.com/support?id=44223,0
https://paypa1.top/login,1
https://dev.atlassian.com/contact,0
https://login-google.ru/verify/xxxxxxxxxxxxxxxxxxxxxxxxxxxxxxxxxxxxxxxxxxxxxxxxxxxxxxxxxxxxxxxxxxxxxxxxxxxxxxxxxxxxxxxxxxxxxxxxxxxxxxxxxxxxxxxxxxxxxxxxxxxxxxxxxxxxx/confirm,1
https://support-steam.pw@adobe.com/verify,1
https://congratulations-winner.gq/login,1
https://secure-paypal.top/verify/xxxxxxxxxxxxxxxxxxxxxxxxxxxxxxxxxxxxxxxxxxxxxxxxxxxxxxxxxxxxxxxxxxxxxxxxxxxxxxxxxxxxxxxxxxxxxxxxxxxxxxxxxxxx/confirm,1
https://linkedin-login.com/verify/xxxxxxxxxxxxxxxxxxxxxxxxxxxxxxxxxxxxxxxxxxxxxxxxxxxxxxxxxxxxxxxxxxxxxxxxxxxxxxxxxxxxxxxxxxxxxxxxxxxxxxxxxxxxxxxxxxxxxxxx/confirm,1
https://notion.so/login,0
https://www.amazon.com/docs,0
https://mailchimp.com/settings,0
https://g00gle.cf/login,1
https://dev.atlassian.com/services,0
https://facebookl.com/verify,1
https://confirm-facebook.ga@mailchimp.com/verify,1
https://amaz0n.ga/login,1
http://131.129.232.228/login,1
http://28.61.178.13/login,1
https://dev.microsoft.com/contact,0
https://g00gle.com/secure,1
https://verify-apple-id.gq@apple.com/verify,1
https://ibm.com/settings?id=2020,0
https://security-confirm-bank.tk@figma.com/verify,1
https://login-google.ga/login,1
https://twtter.com/verify,1
https://limited-time-offer.tk@reddit.com/verify,1
https://linkedin-login.com/verify,1
https://github-verify.com/verify/xxxxxxxxxxxxxxxxxxxxxxxxxxxxxxxxxxxxxxxxxxxxxxxxxxxxxxxxxxxxxxxxxxxxxxxxxxxxxxxxxxxxxxxxxxxxxxxxxxxxxxxxxxxxxxxx/confirm,1
https://mail.adobe.com/faq,0
https://limited-time-offer.tk/verify,1
https://facebookl.com@aws.amazon.com/verify,1
https://g00gle.com/claim-reward/security-check/verify-payment/login,1
https://linkedin-login.com@netflix.com/verify,1
https://dev.google.com/login,0
https://dev.mailchimp.com/contact,0
https://mail.wikipedia.org/profile,0
https://twtter.tk/login,1
https://youtube.com/support,0
https://account-update-microsoft.ml@microsoft.com/verify,1
https://login-google.ru/signin,1
https://account-update-microsoft.ml/authenticate/action/account-recovery/login,1
https://api.stripe.com/contact,0
https://stackoverflow-confirm.com@invision.com/verify,1
https://urgent-verify-account.ml/login,1
https://mail.google.com/faq,0
https://api.facebook.com/services,0
https://api.google.com/api,0
https://www.paypal.com/help,0
https://mail.stackoverflow.com/help?id=64091,0
http://226.70.62.253/login,1
https://secure-paypal.top@azure.microsoft.com/verify,1
https://urgent-verify-account.ga/authenticate/verify-account/validate/login,1
http://api.amazon.com/pricing,0
https://netflix-secure.ml/login,1
https://dev.wikipedia.org/products,0
https://www.vercel.com/pricing?id=67947,0
https://aws.amazon.com/,0
https://g00gle.com/update,1
https://mail.amazon.com/about,0
https://mail.twilio.com/dashboard,0
https://twitter.com/home,0
https://dev.vercel.com/products,0
https://api.aws.amazon.com/help,0
http://staging.stackoverflow.com/,0
https://dev.linkedin.com/home,0
https://mail.notion.so/about,0
https://urgent-verify-account.ga/claim-reward/claim-reward/account-recovery/login,1
https://security-confirm-bank.tk/confirm-identity/verify-payment/signin/login,1
https://dev.jira.com/home,0
http://133.109.211.205/login,1
https://www.microsoft.com/,0
https://verify-apple-id.gq@netflix.com/verify,1
https://wikipedia.org/products,0
https://github-verify.ru/login,1
http://92.232.0.79/login,1
https://www.stackoverflow.com/contact,0
https://amazn.com/authenticate,1
https://dev.atlassian.com/api?id=51267,0
https://facbook.com/verify/xxxxxxxxxxxxxxxxxxxxxxxxxxxxxxxxxxxxxxxxxxxxxxxxxxxxxxxxxxxxxxxxxxxxxxxxxxxxxxxxxxxxxxxxxxxxxxxxxxxxxxxxxxxxx/confirm,1
https://login-google.ru/verify/xxxxxxxxxxxxxxxxxxxxxxxxxxxxxxxxxxxxxxxxxxxxxxxxxxxxxxxxxxxxxxxxxxxxxxxxxxxxxxxxxxxxxxxxxxxxxxxxxxxxxxxxxxxxxxxxxxxxxxxx/confirm,1
https://facbook.com/update-billing/verify-account/update/login,1
https://dev.facebook.com/,0
https://www.salesforce.com/profile,0
https://update-twitter.info/secure/urgent-action/account-recovery/login,1
https://dev.github.com/dashboard,0
https://validate-netflix.xyz/verify/xxxxxxxxxxxxxxxxxxxxxxxxxxxxxxxxxxxxxxxxxxxxxxxxxxxxxxxxxxxxxxxxxxxxxxxxxxxxxxxxxxxxxxxxxxxxxxxxxxxxxxxxxxxxxxxxxxxxxxxxxxxxxxxxxxxxxxxxxxxxxxxxxxxxxx/confirm,1
http://dev.trello.com/products?id=24177,0
https://salesforce.com/blog?id=72644,0
https://youtube.com/dashboard?id=32747,0
https://amaz0n.com/verify,1
https://claim-reward-now.top/login,1
https://login-google.ru/verify,1
https://api.amazon.com/dashboard,0
https://www.aws.amazon.com/account,0
https://dev.aws.amazon.com/products,0
https://claim-reward-now.ga/verify/xxxxxxxxxxxxxxxxxxxxxxxxxxxxxxxxxxxxxxxxxxxxxxxxxxxxxxxxxxxxxxxxxxxxxxxxxxxxxxxxxxxxxxxxxxxxxxxxxxxxxxxxxxxxxxxxxxxxxxxxxxxxxxxxxxxxxxxxxxxxxxxxxxxxxxxxxxxxxxxxxxx/confirm,1
https://limited-time-offer.tk/verify/xxxxxxxxxxxxxxxxxxxxxxxxxxxxxxxxxxxxxxxxxxxxxxxxxxxxxxxxxxxxxxxxxxxxxxxxxxxxxxxxxxxxxxxxxxxxxxxxxxxxxxxxxxxxxxxxxxxxxxxxxxxxxxxxxxxxxxxxxxxxxxxxxxxxxxxxxxxxxxxxxxxxxxxxx/confirm,1
https://reddit.com/faq,0
https://dev.figma.com/,0
https://amazn.com/action,1
https://mail.twilio.com/api,0
https://congratulations-winner.ml/verify,1
http://api.wikipedia.org/support,0
https://api.figma.com/settings,0
http://168.98.153.232/login,1
https://www.paypal.com/settings?id=94338,0
http://mail.azure.microsoft.com/api,0
https://support-steam.pw/verify-account,1
https://github-verify.com/verify,1
https://staging.oracle.com/?id=10676,0
https://github-verify.com@twilio.com/verify,1
http://api.trello.com/,0
http://dev.youtube.com/docs,0
https://staging.wikipedia.org/contact?id=65593,0
https://www.oracle.com/account,0
https://api.paypal.com/support,0
https://reddit.com/,0
http://mail.netlify.com/blog?id=47689,0
https://api.facebook.com/home,0
https://amazn.com/verify-account,1
https://ibm.com/home,0
https://paypa1.com/verify/xxxxxxxxxxxxxxxxxxxxxxxxxxxxxxxxxxxxxxxxxxxxxxxxxxxxxxxxxxxxxxxxxxxxxxxxxxxxxxxxxxxxxxxxxxxxxxxxxxxxxxxxxxxxxxxxxxxx/confirm,1
https://confirm-facebook.ga/verify,1
https://dev.medium.com/faq?id=18579,0
https://amaz0n.com/verify,1
https://amazn.com/verify/xxxxxxxxxxxxxxxxxxxxxxxxxxxxxxxxxxxxxxxxxxxxxxxxxxxxxxxxxxxxxxxxxxxxxxxxxxxxxxxxxxxxxxxxxxxxxxxxxxxxxxxxxxxxxxxxxxxxxxxxxxxxxxxxxxxxxxxxxxxxxxxxxxxxxxxxx/confirm,1
https://api.linkedin.com/account?id=54209,0
https://security-confirm-bank.ru/login,1
https://github-verify.com@adobe.com/verify,1
https://www.asana.com/contact?id=28685,0
https://verify-apple-id.top/login,1
https://staging.dev.to/login,0
https://api.linkedin.com/blog?id=24618,0
https://congratulations-winner.ml/verify,1
https://mail.figma.com/about,0
https://twtter.com/verify,1
https://www.facebook.com/faq,0
https://www.adobe.com/dashboard,0
https://staging.slack.com/products,0
https://secure-paypal.ru/login,1
https://google.com/home,0
https://mail.heroku.com/about,0
https://dev.azure.microsoft.com/services,0
http://dev.twilio.com/register,0
https://www.notion.so/pricing,0
https://api.paypal.com/profile,0
https://linkedin-login.com/update-billing/confirm/required-update/login,1
https://update-twitter.info@azure.microsoft.com/verify,1
https://mail.twitter.com/help,0
https://dev.oracle.com/profile,0
https://gogle.com/verify/xxxxxxxxxxxxxxxxxxxxxxxxxxxxxxxxxxxxxxxxxxxxxxxxxxxxxxxxxxxxxxxxxxxxxxxxxxxxxxxxxxxxxxxxxxxxxxxxxxxxxxxxxxxxxxxxxxxxxxxxxxxxxxxxxxxxx/confirm,1
https://limited-time-offer.tk/claim-reward/authenticate/account-recovery/login,1
https://gogle.com/authenticate/update/security-check/login,1
https://dev.asana.com/blog,0
https://paypa1.xyz/login,1
https://paypa1.com/claim-reward/signin/urgent-action/login,1
https://staging.azure.microsoft.com/login,0
https://paypa1.com@vercel.com/verify,1
https://dev.stripe.com/faq,0
http://234.144.161.95/login,1
https://api.atlassian.com/account?id=52913,0
https://mail.jira.com/api,0
https://dev.firebase.com/home?id=868,0
https://www.ibm.com/docs,0
https://mail.mailchimp.com/register,0
https://gogle.gq/login,1
https://authenticate-apple.cf@atlassian.com/verify,1
https://api.jira.com/login?id=89239,0
https://mail.twilio.com/login,0
https://secure-paypal.tk/login,1
https://api.medium.com/dashboard?id=36864,0
https://twtter.com/verify,1
https://api.reddit.com/help,0
http://www.vercel.com/settings,0
https://linkedin-login.com/action,1
https://notion.so/account,0
https://github-verify.com/account-recovery/security-check/verify/login,1
https://api.oracle.com/settings,0
https://dev.vercel.com/account?id=37496,0
https://api.mailchimp.com/products?id=20964,0
https://staging.stripe.com/,0
http://179.186.43.146/login,1
https://www.reddit.com/help,0
https://click-here-now.top/login,1
https://mailchimp.com/home,0
https://mailchimp.com/help,0
http://74.46.206.27/login,1
https://login-google.ru/authenticate/action/validate/login,1
https://api.adobe.com/blog,0
http://66.4.76.38/login,1
https://security-confirm-bank.tk/verify/xxxxxxxxxxxxxxxxxxxxxxxxxxxxxxxxxxxxxxxxxxxxxxxxxxxxxxxxxxxxxxxxxxxxxxxxxxxxxxxxxxxxxxxxxxxxxxxxxxxxxxxxxxxxxxxxxxxxxxxxxxxxxxxxxxxxxxxxxxxxxxxxxxxxxxxxxxxxxxxxxxxxxxxxxxxxxxxxxxxxxxxxxxxxxxxxxxxxxx/confirm,1
https://urgent-verify-account.cf/login,1
https://dev.apple.com/about?id=88972,0
http://dev.asana.com/profile?id=54336,0
https://staging.slack.com/account,0
https://login-google.ru/verify,1
https://congratulations-winner.ml@amazon.com/verify,1
https://security-confirm-bank.tk/verify,1
https://dev.google.com/dashboard?id=94047,0
https://g00gle.com@aws.amazon.com/verify,1
https://www.stripe.com/about,0
https://mail.paypal.com/pricing,0
https://heroku.com/login,0
https://notion.so/settings,0
https://twtter.com/verify-payment,1
https://limited-time-offer.tk@github.com/verify,1
https://mail.medium.com/login?id=54819,0
https://paypal.com/account,0
https://amaz0n.com/verify/xxxxxxxxxxxxxxxxxxxxxxxxxxxxxxxxxxxxxxxxxxxxxxxxxxxxxxxxxxxxxxxxxxxxxxxxxxxxxxxxxxxxxxxxxxxxxxxxxxxxxxxxxxxxxxxxxxxxxxxxxxxxxxxxxxxxxxxxxxxxxxxxxxxxxxxxxxxxxxxxxxxxxxxxxxxxxxxxxxxxxxxxxxxxx/confirm,1
https://api.netlify.com/profile?id=66385,0
https://dev.firebase.com/api,0
https://www.ibm.com/services?id=75408,0
https://verify-amazon.tk/verify/xxxxxxxxxxxxxxxxxxxxxxxxxxxxxxxxxxxxxxxxxxxxxxxxxxxxxxxxxxxxxxxxxxxxxxxxxxxxxxxxxxxxxxxxxxxxxxxxxxxxxxxx/confirm,1
https://linkedin-login.com@atlassian.com/verify,1
http://200.166.150.112/login,1
https://account-update-microsoft.ml/verify/xxxxxxxxxxxxxxxxxxxxxxxxxxxxxxxxxxxxxxxxxxxxxxxxxxxxxxxxxxxxxxxxxxxxxxxxxxxxxxxxxxxxxxxxxxxxxxxxxxxx/confirm,1
http://staging.jira.com/services,0
https://www.firebase.com/docs?id=40721,0
https://dev.apple.com/about,0
https://staging.figma.com/about,0
https://confirm-facebook.ga@sendgrid.com/verify,1
https://dev.oracle.com/dashboard,0
https://netflix-secure.com/verify,1
https://amaz0n.com/verify/xxxxxxxxxxxxxxxxxxxxxxxxxxxxxxxxxxxxxxxxxxxxxxxxxxxxxxxxxxxxxxxxxxxxxxxxxxxxxxxxxxxxxxxxxxxxxxxxxxxxxxxxxxxxxxxxxxxxxxxxxxxxxx/confirm,1
https://dev.twitter.com/support,0
http://staging.wikipedia.org/pricing,0
https://github-verify.ml/login,1
https://limited-time-offer.tk/verify,1
https://urgent-verify-account.ga@notion.so/verify,1
https://verify-apple-id.gq/verify-account/signin/verify-payment/login,1
https://mail.twilio.com/api,0
https://staging.slack.com/services,0
https://staging.firebase.com/contact,0
https://staging.oracle.com/dashboard,0
https://login-google.ru/verify/xxxxxxxxxxxxxxxxxxxxxxxxxxxxxxxxxxxxxxxxxxxxxxxxxxxxxxxxxxxxxxxxxxxxxxxxxxxxxxxxxxxxxxxxxxxxxxxxxxxxxxxxxxxxxxxxxxxxxxxxxxxxxx/confirm,1
https://facebookl.com/security-check,1
https://amaz0n.com/verify-payment/action/verify-account/login,1
http://172.119.96.237/login,1
https://click-here-now.top/confirm/urgent-action/claim-reward/login,1
https://api.medium.com/dashboard,0
https://amaz0n.com/validate,1
https://api.aws.amazon.com/services,0
http://141.15.191.8/login,1
https://api.cloud.google.com/contact,0
https://www.google.com/services,0
https://linkedin.com/account,0
https://twtter.com@jira.com/verify,1
https://update-twitter.info/action/authenticate/account-recovery/login,1
https://urgent-verify-account.ga@paypal.com/verify,1
https://staging.linkedin.com/about,0
https://claim-reward-now.ga/confirm/account-recovery/validate/login,1
https://update-twitter.info/verify,1
https://facebook.com/support?id=84428,0
https://click-here-now.top/verify/xxxxxxxxxxxxxxxxxxxxxxxxxxxxxxxxxxxxxxxxxxxxxxxxxxxxxxxxxxxxxxxxxxxxxxxxxxxxxxxxxxxxxxxxxxxxxxxxxxxxxxxxxxxxxxxxxxxxxxxxxxxxxxxxxxxxxxxxxxxxxxxxxxxxxxxxxxxxxxxxxxxxxxxxxxxxxxxxxxxxxxxxx/confirm,1
https://staging.apple.com/home?id=49595,0
https://mail.amazon.com/about,0
https://authenticate-apple.cf/verify,1
https://click-here-now.top/verify/xxxxxxxxxxxxxxxxxxxxxxxxxxxxxxxxxxxxxxxxxxxxxxxxxxxxxxxxxxxxxxxxxxxxxxxxxxxxxxxxxxxxxxxxxxxxxxxxxxxxxxxxxxxxxxxxxxxxxxxxxxxxxxxxxxxxxxxxxxxxxxxxxxxxxxxxxxxxxxxxxxxxxxxxxxxxxxxxxxxxxxxxxxxxxxxxxxx/confirm,1
https://www.notion.so/contact?id=97920,0
https://www.atlassian.com/contact?id=14515,0
https://netflix-secure.com/secure/authenticate/urgent-action/login,1
https://click-here-now.top@netflix.com/verify,1
https://congratulations-winner.ml/action/security-check/validate/login,1
https://staging.aws.amazon.com/help?id=27526,0
https://g00gle.com/verify,1
https://dev.sendgrid.com/about,0
https://mail.stripe.com/api,0
https://staging.atlassian.com/about,0
https://login-google.ru/signin/secure/urgent-action/login,1
https://www.notion.so/about?id=56137,0
https://www.google.com/support,0
https://www.asana.com/register?id=94379,0
https://amazn.com/verify/xxxxxxxxxxxxxxxxxxxxxxxxxxxxxxxxxxxxxxxxxxxxxxxxxxxxxxxxxxxxxxxxxxxxxxxxxxxxxxxxxxxxxxxxxxxxxxxxxxxxxxxxxxxxxxxxxxxxxxxxxxxxxxxxxxxxxxxxxxxxxxxxxxxxxxxxxxxxxxxxxxxxx/confirm,1
https://api.facebook.com/pricing,0
https://firebase.com/register?id=24699,0
http://api.jira.com/docs?id=7582,0
https://dev.adobe.com/dashboard,0
https://validate-netflix.xyz@atlassian.com/verify,1
https://limited-time-offer.tk/verify,1
https://facbook.com/verify,1
https://asana.com/support,0
https://api.atlassian.com/api,0
https://twtter.com/verify,1
https://congratulations-winner.ru/login,1
https://api.aws.amazon.com/contact,0
http://api.notion.so/services,0
https://amaz0n.com/verify,1
https://api.vercel.com/pricing,0
http://250.123.128.40/login,1
https://stackoverflow-confirm.ml/login,1
https://dev.oracle.com/settings?id=2676,0
https://mail.reddit.com/api,0
https://netflix-secure.com/verify-payment/validate/required-update/login,1
https://dev.figma.com/register,0
https://urgent-verify-account.tk/login,1
https://api.heroku.com/profile?id=81011,0
https://support-steam.pw@github.com/verify,1
https://staging.youtube.com/about,0
https://verify-apple-id.gq/verify/xxxxxxxxxxxxxxxxxxxxxxxxxxxxxxxxxxxxxxxxxxxxxxxxxxxxxxxxxxxxxxxxxxxxxxxxxxxxxxxxxxxxxxxxxxxxxxxxxxxxxxxxxxxxxxxxxxxxxxxxxxxxxxxxxxxxxxxxxxxxxxxxxxxxxxxxxxxxxxxxxxxxx/confirm,1
https://urgent-verify-account.xyz/login,1
https://update-twitter.info/action,1
http://api.youtube.com/pricing?id=87404,0
https://netflix-secure.com/verify,1
https://limited-time-offer.tk@sketch.com/verify,1
https://paypal.com/blog,0
https://support-steam.pw/verify,1
https://api.medium.com/about,0
https://g00gle.com/verify/xxxxxxxxxxxxxxxxxxxxxxxxxxxxxxxxxxxxxxxxxxxxxxxxxxxxxxxxxxxxxxxxxxxxxxxxxxxxxxxxxxxxxxxxxxxxxxxxxxxxxxxxxxxxxxxxxxxxxxxxxxxxxxxxxxxxxxxxxxxxxxxxxxxxxxxxxxxxxxxxxxxxxxxxxxxxxxxxxxxxxxxxxxxxxxxxx/confirm,1
https://verify-identity.cf/verify,1
https://staging.ibm.com/contact,0
https://www.heroku.com/docs,0
https://dev.azure.microsoft.com/,0
https://verify-identity.ru/login,1
https://update-twitter.info/verify,1
https://staging.stripe.com/products,0
https://gogle.com/confirm,1
https://verify-amazon.tk/verify,1
https://linkedin-login.com@paypal.com/verify,1
https://api.trello.com/contact,0
https://verify-amazon.top/login,1
https://mailchimp.com/account,0
https://mail.notion.so/support,0
https://click-here-now.top/verify/xxxxxxxxxxxxxxxxxxxxxxxxxxxxxxxxxxxxxxxxxxxxxxxxxxxxxxxxxxxxxxxxxxxxxxxxxxxxxxxxxxxxxxxxxxxxxxxxxxxxxxxxxxxxxxxxxxxxxxxxxxxxxxxxxx/confirm,1
https://amazn.com/required-update/secure/verify-account/login,1
https://urgent-verify-account.ga/claim-reward,1
https://staging.apple.com/blog,0
https://gogle.com/verify,1
https://youtube.com/login,0
https://login-google.ru@firebase.com/verify,1
https://twilio.com/home,0
http://www.firebase.com/services?id=20251,0
https://account-update-microsoft.ml/verify/xxxxxxxxxxxxxxxxxxxxxxxxxxxxxxxxxxxxxxxxxxxxxxxxxxxxxxxxxxxxxxxxxxxxxxxxxxxxxxxxxxxxxxxxxxxxxxxxxxxxxxxxxxxxxxxxxxxxxxxxxxxx/confirm,1
https://validate-netflix.xyz/secure/action/action/login,1
https://dev.netflix.com/,0
https://dev.google.com/profile?id=7496,0
https://vercel.com/api,0
https://api.sketch.com/products?id=65509,0
https://stackoverflow-confirm.com/verify,1
https://confirm-facebook.ga/action/secure/required-update/login,1
https://dev.firebase.com/services?id=47093,0
https://login-google.ru/verify,1
http://195.98.133.21/login,1
https://facebook.com/contact,0
https://mail.oracle.com/help?id=64453,0
https://authenticate-apple.cf/verify,1
http://38.215.43.31/login,1
https://dev.sketch.com/services,0
https://secure-paypal.top/validate/security-check/update-billing/login,1
https://api.medium.com/register,0
https://netflix-secure.com/verify,1
https://github.com/register,0
https://limited-time-offer.tk/verify/xxxxxxxxxxxxxxxxxxxxxxxxxxxxxxxxxxxxxxxxxxxxxxxxxxxxxxxxxxxxxxxxxxxxxxxxxxxxxxxxxxxxxxxxxxxxxxxxxxxxxxxxxxxxxxxxxxxxxxxxxxxxxxxxxxxxxxxxxxxxxxxxxxxxxxxxxxxxxxxxxxxxxxxxxxxxxxxxxxxxxxxxxxxx/confirm,1
https://click-here-now.ml/login,1
http://144.255.5.200/login,1
https://mail.microsoft.com/pricing,0
https://api.invision.com/account,0
https://mail.firebase.com/profile?id=78586,0
http://staging.adobe.com/help,0
https://gogle.com/validate/update-billing/required-update/login,1
https://dev.stackoverflow.com/support?id=3060,0
https://dev.microsoft.com/account,0
https://mail.amazon.com/login?id=42394,0
https://netflix-secure.com/verify,1
http://staging.google.com/home,0
https://oracle.com/support,0
https://confirm-facebook.ga/confirm-identity/verify-payment/urgent-action/login,1
https://validate-netflix.xyz/authenticate/action/required-update/login,1
https://medium.com/products,0
https://api.invision.com/blog,0
https://github-verify.com/authenticate/signin/validate/login,1
https://api.netlify.com/pricing,0
https://linkedin-login.com/validate,1
https://dev.apple.com/faq,0
http://119.141.218.171/login,1
https://staging.youtube.com/pricing,0
https://staging.google.com/login?id=52675,0
https://verify-amazon.tk/validate/required-update/urgent-action/login,1
https://security-confirm-bank.tk/verify-payment,1
https://api.twitter.com/account,0
https://login-google.ru/verify/xxxxxxxxxxxxxxxxxxxxxxxxxxxxxxxxxxxxxxxxxxxxxxxxxxxxxxxxxxxxxxxxxxxxxxxxxxxxxxxxxxxxxxxxxxxxxxxxxxxxxxxxxxxxxxxxxxxxxxxxx/confirm,1
https://update-twitter.info/verify,1
https://www.atlassian.com/faq,0
https://dev.slack.com/dashboard?id=55011,0
https://www.asana.com/dashboard,0
http://51.204.226.223/login,1
https://api.invision.com/help?id=54075,0
http://187.233.208.117/login,1
https://mail.google.com/about?id=29534,0
http://stripe.com/docs,0
https://netflix.com/dashboard,0
http://32.97.89.3/login,1
https://stackoverflow-confirm.com/authenticate/security-check/claim-reward/login,1
https://staging.medium.com/account,0
https://api.sendgrid.com/products,0
https://staging.google.com/docs,0
https://api.oracle.com/faq,0
https://www.adobe.com/register,0
https://urgent-verify-account.ga/login,1
http://46.78.171.170/login,1
http://67.213.225.135/login,1
https://claim-reward-now.ga/validate,1
https://verify-apple-id.gq/verify/xxxxxxxxxxxxxxxxxxxxxxxxxxxxxxxxxxxxxxxxxxxxxxxxxxxxxxxxxxxxxxxxxxxxxxxxxxxxxxxxxxxxxxxxxxxxxxxxxxxxxxxxxxxxxxxxxxxxxxxxxxxxxxxxxxxxxxxxxxxxxxxxxxxxxxxxxxxxxxxxxxxxxxxxxxxxxxxxx/confirm,1
https://dev.sketch.com/contact,0
https://www.netflix.com/api,0
https://netflix-secure.com/verify/xxxxxxxxxxxxxxxxxxxxxxxxxxxxxxxxxxxxxxxxxxxxxxxxxxxxxxxxxxxxxxxxxxxxxxxxxxxxxxxxxxxxxxxxxxxxxxxxxxxxxxxxxxxxxxxxxxxxxxxxxxxxxxxxxxxxxxxxxxxxxxxxxxxxxxxxxxxxxxxxxxxxxxx/confirm,1
https://dev.netlify.com/settings?id=16593,0
https://mail.reddit.com/,0
https://authenticate-apple.xyz/login,1
http://227.149.1.69/login,1
https://update-twitter.ga/login,1
https://staging.jira.com/help,0
https://account-update-microsoft.ml/account-recovery,1
https://stackoverflow-confirm.com/verify/xxxxxxxxxxxxxxxxxxxxxxxxxxxxxxxxxxxxxxxxxxxxxxxxxxxxxxxxxxxxxxxxxxxxxxxxxxxxxxxxxxxxxxxxxxxxxxxxxxxxxxxxxxxxxxxxxxxx/confirm,1
https://dev.ibm.com/blog,0
https://security-confirm-bank.tk@asana.com/verify,1
https://congratulations-winner.ml/security-check/action/verify/login,1
https://amaz0n.com/verify,1
https://mail.cloud.google.com/docs,0
http://www.facebook.com/home,0
http://197.91.231.23/login,1
https://amaz0n.com/confirm-identity,1
https://facbook.com/verify,1
https://staging.oracle.com/settings,0
https://congratulations-winner.ml@jira.com/verify,1
http://www.youtube.com/pricing,0
http://api.jira.com/about?id=50338,0
https://www.azure.microsoft.com/docs?id=90907,0
https://dev.reddit.com/home,0
https://facebookl.top/login,1
https://www.twitter.com/blog,0
https://dev.jira.com/login,0
https://twtter.tk/login,1
https://mail.vercel.com/docs,0
https://verify-amazon.tk@adobe.com/verify,1
https://medium.com/api,0
https://www.twilio.com/about?id=67462,0
https://api.amazon.com/pricing,0
https://salesforce.com/register,0
http://98.97.202.119/login,1
https://github-verify.com/verify,1
http://44.189.205.140/login,1
https://mail.twilio.com/faq,0
https://update-twitter.info/verify,1
http://www.paypal.com/blog,0
http://api.dev.to/faq?id=99528,0
https://netflix-secure.com/verify/xxxxxxxxxxxxxxxxxxxxxxxxxxxxxxxxxxxxxxxxxxxxxxxxxxxxxxxxxxxxxxxxxxxxxxxxxxxxxxxxxxxxxxxxxxxxxxxxxxxxxxxxxxxx/confirm,1
https://amaz0n.com@salesforce.com/verify,1
https://support-steam.pw/update-billing,1
http://dev.stackoverflow.com/account?id=78408,0
https://api.trello.com/pricing,0
https://medium.com/?id=35842,0
http://218.189.198.242/login,1
https://api.figma.com/dashboard,0
https://facbook.com/claim-reward,1
https://secure-paypal.top/update/update/login/login,1
https://apple.com/dashboard,0
https://security-confirm-bank.tk/verify,1
https://dev.to/services,0
https://api.paypal.com/register,0
https://api.reddit.com/help,0
https://api.microsoft.com/home,0
https://verify-amazon.tk/verify-account,1
https://google.com/services,0
http://73.228.209.183/login,1
https://facbook.top/login,1
https://authenticate-apple.cf/verify,1
https://verify-apple-id.cf/login,1
https://g00gle.com/validate,1
https://staging.sendgrid.com/contact,0
https://stackoverflow-confirm.com@wikipedia.org/verify,1
http://201.255.60.171/login,1
https://www.salesforce.com/help,0
https://api.oracle.com/dashboard,0
https://security-confirm-bank.tk/security-check/validate/claim-reward/login,1
https://stackoverflow-confirm.com/verify/xxxxxxxxxxxxxxxxxxxxxxxxxxxxxxxxxxxxxxxxxxxxxxxxxxxxxxxxxxxxxxxxxxxxxxxxxxxxxxxxxxxxxxxxxxxxxxxxxxxxxxxxxxxxxxxxxxxxxxxxxxxxxxxxxxxxxxxxxxxxxxxxxxxxxxxxxxxxxxxxxx/confirm,1
http://84.184.108.87/login,1
https://login-google.tk/login,1
https://g00gle.cf/login,1
https://amazon.com/products,0
https://staging.dev.to/support?id=41985,0
https://gogle.com/verify,1
https://amaz0n.com@paypal.com/verify,1
https://netflix-secure.com/update,1
https://login-google.ru/claim-reward,1
https://mail.dev.to/contact,0
https://www.slack.com/,0
https://g00gle.com/verify,1
https://gogle.com/verify/xxxxxxxxxxxxxxxxxxxxxxxxxxxxxxxxxxxxxxxxxxxxxxxxxxxxxxxxxxxxxxxxxxxxxxxxxxxxxxxxxxxxxxxxxxxxxxxxxxxxxxxxxxxxxxxxxxxxxxxxxxxxxxxxxxxxxxxxxxxxxxxxxxxxxxxxx/confirm,1
https://api.oracle.com/account,0
https://www.slack.com/support,0
https://congratulations-winner.ml@twilio.com/verify,1
http://101.100.184.169/login,1
https://facbook.com@azure.microsoft.com/verify,1
https://gogle.tk/login,1
https://mail.salesforce.com/about,0
https://login-google.ru/verify/xxxxxxxxxxxxxxxxxxxxxxxxxxxxxxxxxxxxxxxxxxxxxxxxxxxxxxxxxxxxxxxxxxxxxxxxxxxxxxxxxxxxxxxxxxxxxxxxxxxxxxxxxxxxxxxxxxxxxxxxxxxxxxxxxxxxxxxxxxxxxxxxxxxxxxxxxxxxxxxxxxxxxxxxxx/confirm,1
https://api.amazon.com/dashboard?id=4981,0
http://183.14.176.125/login,1
https://update-twitter.info/verify,1
https://amaz0n.cf/login,1
https://secure-paypal.top/security-check,1
https://twtter.cf/login,1
https://congratulations-winner.ml/verify,1
https://confirm-facebook.ga/update,1
https://api.netlify.com/about?id=33660,0
https://facebookl.com/verify/xxxxxxxxxxxxxxxxxxxxxxxxxxxxxxxxxxxxxxxxxxxxxxxxxxxxxxxxxxxxxxxxxxxxxxxxxxxxxxxxxxxxxxxxxxxxxxxxxxxxxxxxxxxxxxxxxxxxxxxxxxxxxxxxxxxxxxxxxxxxxxxxxxx/confirm,1
https://stripe.com/,0
https://api.twitter.com/?id=85313,0
https://dev.google.com/support,0
https://amazn.com/account-recovery,1
https://mail.ibm.com/blog?id=16640,0
https://api.vercel.com/docs,0
https://mail.sendgrid.com/services,0
https://verify-amazon.tk/account-recovery/confirm-identity/authenticate/login,1
http://notion.so/faq?id=21026,0
https://www.google.com/docs?id=81441,0
https://staging.google.com/pricing?id=74381,0
https://mail.twilio.com/login,0
https://api.invision.com/contact,0
https://facbook.com/verify/xxxxxxxxxxxxxxxxxxxxxxxxxxxxxxxxxxxxxxxxxxxxxxxxxxxxxxxxxxxxxxxxxxxxxxxxxxxxxxxxxxxxxxxxxxxxxxxxxxxxxxxxxxxxxxxxxxxxxxxxxxxxxxxxxxxxxxxxxxxxxxxxxxxxxxxxxxxxxxxxxxxxxxxxxxxxxxxxxxxxxxxxxxxxxx/confirm,1
https://staging.notion.so/docs,0
https://amaz0n.com/verify,1
http://103.143.128.60/login,1
https://api.adobe.com/settings,0
https://gogle.tk/login,1
https://www.paypal.com/about?id=91215,0
https://api.heroku.com/register,0
https://www.amazon.com/about,0
https://www.vercel.com/profile,0
https://medium.com/settings?id=20457,0
https://congratulations-winner.ru/login,1
http://154.227.67.127/login,1
https://click-here-now.top@netlify.com/verify,1
https://account-update-microsoft.ml/verify,1
https://api.aws.amazon.com/products?id=7807,0
https://twitter.com/products,0
https://claim-reward-now.ga/claim-reward/validate/account-recovery/login,1
https://claim-reward-now.ga/update-billing,1
https://urgent-verify-account.gq/login,1
https://authenticate-apple.tk/login,1
http://staging.twilio.com/faq,0
https://www.apple.com/account?id=53476,0
https://api.mailchimp.com/,0
https://github-verify.com@vercel.com/verify,1
https://claim-reward-now.ga/claim-reward/confirm/verify-account/login,1
https://confirm-facebook.ga/verify/xxxxxxxxxxxxxxxxxxxxxxxxxxxxxxxxxxxxxxxxxxxxxxxxxxxxxxxxxxxxxxxxxxxxxxxxxxxxxxxxxxxxxxxxxxxxxxxxxxxxxxxxxxx/confirm,1
https://support-steam.xyz/login,1
https://authenticate-apple.cf@wikipedia.org/verify,1
https://amazon.com/contact,0
https://www.wikipedia.org/api,0
https://mail.trello.com/login,0
https://www.linkedin.com/about,0
https://g00gle.ml/login,1
https://github-verify.com/verify/xxxxxxxxxxxxxxxxxxxxxxxxxxxxxxxxxxxxxxxxxxxxxxxxxxxxxxxxxxxxxxxxxxxxxxxxxxxxxxxxxxxxxxxxxxxxxxxxxxxxxxxxxxxxxxxxxxxxxxxxxxxxxxxxxxxxxxxxxxxxxxxxxx/confirm,1
https://amazn.com/verify/xxxxxxxxxxxxxxxxxxxxxxxxxxxxxxxxxxxxxxxxxxxxxxxxxxxxxxxxxxxxxxxxxxxxxxxxxxxxxxxxxxxxxxxxxxxxxxxxxxxxxxxxxxxxxxxxxxxxxxxxxxxxxxxxxxxxxxxx/confirm,1
https://staging.twitter.com/blog,0
https://dev.twitter.com/settings,0
https://staging.heroku.com/docs,0
https://linkedin-login.com/secure/update/update/login,1
https://urgent-verify-account.ml/login,1
https://staging.netlify.com/about,0
https://security-confirm-bank.tk/validate/security-check/validate/login,1
http://130.72.168.71/login,1
https://limited-time-offer.tk/verify,1
https://secure-paypal.top/verify/xxxxxxxxxxxxxxxxxxxxxxxxxxxxxxxxxxxxxxxxxxxxxxxxxxxxxxxxxxxxxxxxxxxxxxxxxxxxxxxxxxxxxxxxxxxxxxxxxxxxxxxxxxxxxxxxxxxxxxxxxxxxxxxxxxxxxxxxxxxxxxxxxxxxxxxxxxxxxxxxxxxxxxxxxxxxxxxxxxxxxxxxxxxxxxxxx/confirm,1
https://wikipedia.org/help,0
http://api.adobe.com/support,0
https://netflix-secure.com@cloud.google.com/verify,1
https://limited-time-offer.ru/login,1
http://94.238.41.136/login,1
https://verify-identity.cf@netflix.com/verify,1
https://staging.paypal.com/support,0
https://verify-amazon.tk/verify-account/authenticate/secure/login,1
https://account-update-microsoft.ga/login,1
https://validate-netflix.xyz/verify/xxxxxxxxxxxxxxxxxxxxxxxxxxxxxxxxxxxxxxxxxxxxxxxxxxxxxxxxxxxxxxxxxxxxxxxxxxxxxxxxxxxxxxxxxxxxxxxxxxxxxxxxxxxxxxxxxxxxxxxxxxxxxxxxxxxxxxxxxxxxxxxxxxxxxxxxxxxxxxxxxxxxxxxxxxxxxxxxxxxxxxxxxxxxxxxxxx/confirm,1
https://www.adobe.com/pricing,0
https://dev.paypal.com/register,0
https://claim-reward-now.ga@twitter.com/verify,1
https://api.linkedin.com/account?id=18827,0
https://dev.oracle.com/support?id=88795,0
https://verify-apple-id.gq/confirm,1
https://claim-reward-now.ga@amazon.com/verify,1
https://stripe.com/blog?id=10964,0
https://amazn.com/login/update/account-recovery/login,1
https://mail.stackoverflow.com/support,0
https://staging.jira.com/account,0
https://secure-paypal.ml/login,1
https://api.facebook.com/services,0
https://authenticate-apple.cf@apple.com/verify,1
https://mail.stripe.com/settings?id=82135,0
https://amazn.gq/login,1
https://verify-identity.cf/claim-reward,1
https://congratulations-winner.ml/required-update/action/urgent-action/login,1
https://dev.sketch.com/home?id=1965,0
https://claim-reward-now.top/login,1
http://www.microsoft.com/blog,0
https://mail.paypal.com/pricing,0
https://twtter.gq/login,1
https://congratulations-winner.ml/account-recovery,1
https://www.linkedin.com/api,0
https://www.wikipedia.org/services,0
https://www.amazon.com/contact,0
https://cloud.google.com/blog?id=55691,0
https://staging.sendgrid.com/pricing?id=8773,0
https://www.stackoverflow.com/api,0
https://staging.microsoft.com/faq,0
https://limited-time-offer.tk/verify,1
https://cloud.google.com/products?id=35688,0
https://verify-apple-id.ga/login,1
https://dev.cloud.google.com/help,0
https://aws.amazon.com/docs,0
https://gogle.com/account-recovery/account-recovery/action/login,1
https://login-google.tk/login,1
https://secure-paypal.top/verify,1
https://paypa1.com/verify,1
https://authenticate-apple.tk/login,1
http://36.157.196.104/login,1
https://facbook.ga/login,1
https://verify-amazon.tk/validate/update/claim-reward/login,1
https://www.sketch.com/services,0
https://amaz0n.com/verify,1
https://facebookl.com@invision.com/verify,1
https://g00gle.com@dev.to/verify,1
https://api.azure.microsoft.com/services,0
https://urgent-verify-account.ga@twitter.com/verify,1
https://linkedin-login.com/signin/validate/action/login,1
http://229.79.103.144/login,1
https://wikipedia.org/support,0
https://facebook.com/dashboard,0
https://facbook.com/secure/account-recovery/login/login,1
https://api.jira.com/products,0
https://update-twitter.info/verify,1
https://paypa1.com/confirm-identity/secure/login/login,1
http://www.microsoft.com/contact,0
http://135.61.73.200/login,1
https://limited-time-offer.tk/verify/xxxxxxxxxxxxxxxxxxxxxxxxxxxxxxxxxxxxxxxxxxxxxxxxxxxxxxxxxxxxxxxxxxxxxxxxxxxxxxxxxxxxxxxxxxxxxxxxxxxxxxxxxxxxxxxxxxxxxxxxxxxxxxxxxxxxxxxxxxxxxxxxx/confirm,1
https://salesforce.com/blog,0
http://202.70.21.33/login,1
https://dev.slack.com/,0
https://security-confirm-bank.tk/verify,1
https://claim-reward-now.ga/verify,1
https://facbook.com/verify/xxxxxxxxxxxxxxxxxxxxxxxxxxxxxxxxxxxxxxxxxxxxxxxxxxxxxxxxxxxxxxxxxxxxxxxxxxxxxxxxxxxxxxxxxxxxxxxxxxxxxxxxxxxxxxxx/confirm,1
https://facebookl.com/update-billing/signin/required-update/login,1
https://login-google.ru@wikipedia.org/verify,1
https://limited-time-offer.tk/claim-reward,1
https://verify-identity.cf@linkedin.com/verify,1
https://update-twitter.info@netlify.com/verify,1
https://amaz0n.com/authenticate,1
https://asana.com/register,0
https://verify-amazon.tk/verify/xxxxxxxxxxxxxxxxxxxxxxxxxxxxxxxxxxxxxxxxxxxxxxxxxxxxxxxxxxxxxxxxxxxxxxxxxxxxxxxxxxxxxxxxxxxxxxxxxxxxxxxxxxxxxxxxxxxxxxxxxxxxxxxxxxxxx/confirm,1
https://authenticate-apple.cf@heroku.com/verify,1
http://61.168.138.67/login,1
https://dev.github.com/products?id=99178,0
https://github-verify.com/action,1
https://api.twitter.com/login,0
https://verify-apple-id.gq/verify/xxxxxxxxxxxxxxxxxxxxxxxxxxxxxxxxxxxxxxxxxxxxxxxxxxxxxxxxxxxxxxxxxxxxxxxxxxxxxxxxxxxxxxxxxxxxxxxxxxxxxxxxxxxxxxxxxxxxxxxxxxxxxxxxxxxxxxxxxxxxxxxxxxxxxxxxxxxxxxxxxxxxxxxxxxxxxxxxxxxxxxxxxx/confirm,1
https://adobe.com/api?id=95907,0
https://mail.mailchimp.com/blog,0
https://urgent-verify-account.ga/confirm,1
https://update-twitter.info/verify/xxxxxxxxxxxxxxxxxxxxxxxxxxxxxxxxxxxxxxxxxxxxxxxxxxxxxxxxxxxxxxxxxxxxxxxxxxxxxxxxxxxxxxxxxxxxxxxxxxxxxxxxxxxxxxxxxxxxxxxxxxxxxxxxxxxxxxxxxxxxxxxxxxxxxxxxxxxxxxx/confirm,1
https://staging.mailchimp.com/blog,0
http://dev.microsoft.com/blog,0
http://amazon.com/contact,0
https://sendgrid.com/account,0
https://twtter.com/verify,1
https://congratulations-winner.cf/login,1
http://205.55.247.194/login,1
https://mail.dev.to/account,0
https://dev.figma.com/profile,0
https://linkedin-login.com/update-billing,1
https://amazn.com/login,1
https://www.ibm.com/pricing,0
https://amaz0n.com/verify,1
https://staging.atlassian.com/help,0
https://linkedin-login.com/claim-reward/security-check/security-check/login,1
https://verify-identity.cf/validate/urgent-action/action/login,1
https://salesforce.com/help,0
https://limited-time-offer.tk/verify,1
https://twtter.com/verify/xxxxxxxxxxxxxxxxxxxxxxxxxxxxxxxxxxxxxxxxxxxxxxxxxxxxxxxxxxxxxxxxxxxxxxxxxxxxxxxxxxxxxxxxxxxxxxxxxxxxxxxxxxxxxxxxxxxxxxxxxxxxxxxxxxxxxxxxxxxxxxxxxxxxxxxxxxxxxxxxxxxxxxxxxxxxxxxxx/confirm,1
https://verify-identity.cf/verify/xxxxxxxxxxxxxxxxxxxxxxxxxxxxxxxxxxxxxxxxxxxxxxxxxxxxxxxxxxxxxxxxxxxxxxxxxxxxxxxxxxxxxxxxxxxxxxxxxxxxxxxxxxxx/confirm,1
https://netflix-secure.com@sendgrid.com/verify,1
http://71.238.131.7/login,1
https://staging.github.com/products?id=50690,0
https://verify-apple-id.gq/verify,1
https://mail.netlify.com/dashboard?id=34627,0
https://congratulations-winner.ml@slack.com/verify,1
https://facbook.com/verify/xxxxxxxxxxxxxxxxxxxxxxxxxxxxxxxxxxxxxxxxxxxxxxxxxxxxxxxxxxxxxxxxxxxxxxxxxxxxxxxxxxxxxxxxxxxxxxxxxxxxxxxxxxxxxxxxxxxxxxxxxxxxxxxxxxxxxx/confirm,1
https://secure-paypal.top/verify/xxxxxxxxxxxxxxxxxxxxxxxxxxxxxxxxxxxxxxxxxxxxxxxxxxxxxxxxxxxxxxxxxxxxxxxxxxxxxxxxxxxxxxxxxxxxxxxxxxxxxxxxxxxxxxxxxxxxxxxxxxxxxxxxxxxxxxxxxxxxxxxxxxxxxxxxxxxxxxxxxxxxxxxxxxxxxxxxxxxx/confirm,1
https://amazn.com/verify/xxxxxxxxxxxxxxxxxxxxxxxxxxxxxxxxxxxxxxxxxxxxxxxxxxxxxxxxxxxxxxxxxxxxxxxxxxxxxxxxxxxxxxxxxxxxxxxxxxxxxxxxxxxxxxxxxxxxxxxxxxxxxxxxxxxxxxxxxxxxxxxxxxxxxxx/confirm,1
https://verify-apple-id.gq@aws.amazon.com/verify,1
https://staging.paypal.com/products?id=10429,0
https://urgent-verify-account.ga@linkedin.com/verify,1
https://support-steam.pw@atlassian.com/verify,1
https://limited-time-offer.tk/verify-payment,1
https://staging.youtube.com/home,0
https://authenticate-apple.cf@paypal.com/verify,1
https://limited-time-offer.tk/security-check/authenticate/account-recovery/login,1
https://www.adobe.com/,0
https://netflix-secure.com/login,1
https://g00gle.xyz/login,1
https://dev.heroku.com/pricing,0
https://confirm-facebook.ga/validate/update-billing/account-recovery/login,1
https://www.twitter.com/login?id=86488,0
http://aws.amazon.com/profile,0
https://github-verify.com/login/verify/secure/login,1
https://security-confirm-bank.tk@sketch.com/verify,1
https://gogle.com/update-billing/login/validate/login,1
https://mail.stackoverflow.com/services?id=56294,0
http://143.241.133.176/login,1
http://228.252.207.40/login,1
https://api.dev.to/products?id=49035,0
https://github-verify.com/validate,1
https://verify-apple-id.gq@figma.com/verify,1
https://verify-amazon.top/login,1
https://login-google.ru@notion.so/verify,1
http://1.174.150.37/login,1
https://gogle.com/action/required-update/validate/login,1
https://amazn.com/verify/xxxxxxxxxxxxxxxxxxxxxxxxxxxxxxxxxxxxxxxxxxxxxxxxxxxxxxxxxxxxxxxxxxxxxxxxxxxxxxxxxxxxxxxxxxxxxxxxxxxxxxxxxxxxxx/confirm,1
https://github-verify.com/verify,1
https://gogle.com/verify,1
https://mail.facebook.com/login,0
https://staging.google.com/blog,0
https://staging.twitter.com/support,0
https://staging.linkedin.com/dashboard?id=29809,0
https://www.azure.microsoft.com/products,0
https://dev.reddit.com/contact,0
http://api.dev.to/products?id=6780,0
https://mail.twilio.com/login,0
https://api.youtube.com/blog,0
https://account-update-microsoft.ml/claim-reward/secure/urgent-action/login,1
https://amaz0n.com/verify,1
https://mail.vercel.com/contact,0
https://click-here-now.top/verify-payment/secure/required-update/login,1
https://mail.medium.com/help,0
https://validate-netflix.xyz/secure/login/signin/login,1
https://claim-reward-now.ga@trello.com/verify,1
https://dev.azure.microsoft.com/home,0
http://slack.com/faq?id=21553,0
http://22.210.134.220/login,1
https://azure.microsoft.com/home,0
https://twtter.com/verify/xxxxxxxxxxxxxxxxxxxxxxxxxxxxxxxxxxxxxxxxxxxxxxxxxxxxxxxxxxxxxxxxxxxxxxxxxxxxxxxxxxxxxxxxxxxxxxxxxxxxxxxxxxxxxxxxxxxxxxxxxxxxxxxxxxxxxxxxxxxxxxxxxxxxxxxxxxxxxxxx/confirm,1
https://security-confirm-bank.ga/login,1
https://verify-identity.cf/verify/xxxxxxxxxxxxxxxxxxxxxxxxxxxxxxxxxxxxxxxxxxxxxxxxxxxxxxxxxxxxxxxxxxxxxxxxxxxxxxxxxxxxxxxxxxxxxxxxxxxxxxxxxxxxxxxxxxxxxxxxxxxxxxxxxxxxxxxxxxxxxxxxxxxxxxxxxxxxxxxxxxxxxxxxxxxxxxxxxxxxxxxxxxxxxxxxxxxx/confirm,1
https://twtter.com/confirm/login/account-recovery/login,1
https://aws.amazon.com/settings,0
https://trello.com/settings,0
https://www.asana.com/api,0
https://sketch.com/about,0
https://security-confirm-bank.tk/verify,1
https://paypa1.com/verify/xxxxxxxxxxxxxxxxxxxxxxxxxxxxxxxxxxxxxxxxxxxxxxxxxxxxxxxxxxxxxxxxxxxxxxxxxxxxxxxxxxxxxxxxxxxxxxxxxxxxxxxxxxxxxxxxxxxxxxxxxxxxxxxxxxxxxxxxxxxxxxxxxxxxxxxxxxxxxxxxxxxxxxxxxxxxxxxxxxxxxxxxxxxxxxx/confirm,1
https://support-steam.pw/verify,1
https://stackoverflow-confirm.com@amazon.com/verify,1
https://verify-identity.cf/verify/xxxxxxxxxxxxxxxxxxxxxxxxxxxxxxxxxxxxxxxxxxxxxxxxxxxxxxxxxxxxxxxxxxxxxxxxxxxxxxxxxxxxxxxxxxxxxxxxxxxxxxxxxxxxxxxxxxxxxxxxxxxxxxxxxxxxxxxxxxxxxxxxxxxxxxxxxxxxxxxxxxxxxxxxxxxxxxxxxx/confirm,1
https://confirm-facebook.ga/update-billing,1
https://account-update-microsoft.ga/login,1
https://staging.github.com/login,0
https://api.vercel.com/login?id=81005,0
http://200.18.50.83/login,1
https://claim-reward-now.ga@salesforce.com/verify,1
https://staging.azure.microsoft.com/help,0
http://7.26.245.242/login,1
https://dev.twitter.com/home?id=68794,0
https://facebookl.com/confirm,1
https://verify-identity.cf/verify,1
https://facbook.top/login,1
https://mail.firebase.com/login,0
https://figma.com/settings,0
https://facebookl.com/verify,1
https://twtter.com/claim-reward/authenticate/update/login,1
https://staging.figma.com/login,0
https://mail.mailchimp.com/contact,0
https://mail.cloud.google.com/,0
https://sendgrid.com/about,0
https://dev.azure.microsoft.com/products,0
http://staging.twilio.com/faq,0
https://vercel.com/faq,0
https://claim-reward-now.ga/account-recovery/action/update-billing/login,1
https://mail.microsoft.com/pricing,0
https://api.paypal.com/login,0
https://staging.cloud.google.com/blog,0
https://login-google.ru/authenticate,1
https://api.cloud.google.com/settings,0
https://twitter.com/?id=97405,0
https://facbook.com/verify/xxxxxxxxxxxxxxxxxxxxxxxxxxxxxxxxxxxxxxxxxxxxxxxxxxxxxxxxxxxxxxxxxxxxxxxxxxxxxxxxxxxxxxxxxxxxxxxxxxxxxxxxxxxxxxxxxxxxxxxxxxxxxxxxxxxxxxxxxxxxxxxxxxxxxxxxxxxxxxxxxxxxxxxxxxxxxxxxxxxxxxxxxxxxx/confirm,1
https://claim-reward-now.ga/login,1
http://27.112.149.255/login,1
https://staging.google.com/home?id=67360,0
https://api.aws.amazon.com/profile,0
https://claim-reward-now.ga/urgent-action/account-recovery/verify-account/login,1
https://github-verify.com@aws.amazon.com/verify,1
https://api.adobe.com/profile,0
https://www.asana.com/help?id=67915,0
https://api.figma.com/about,0
http://49.162.199.93/login,1
https://azure.microsoft.com/profile,0
http://54.87.14.104/login,1
https://www.azure.microsoft.com/about?id=65378,0
https://confirm-facebook.ga@wikipedia.org/verify,1
https://www.trello.com/pricing,0
https://claim-reward-now.ga/verify/xxxxxxxxxxxxxxxxxxxxxxxxxxxxxxxxxxxxxxxxxxxxxxxxxxxxxxxxxxxxxxxxxxxxxxxxxxxxxxxxxxxxxxxxxxxxxxxxxxxxx/confirm,1
https://confirm-facebook.ga@amazon.com/verify,1
https://verify-amazon.tk/verify/xxxxxxxxxxxxxxxxxxxxxxxxxxxxxxxxxxxxxxxxxxxxxxxxxxxxxxxxxxxxxxxxxxxxxxxxxxxxxxxxxxxxxxxxxxxxxxxxxxxxxxxxxxxxxxxxxxxxxxxxxx/confirm,1
https://wikipedia.org/dashboard,0
https://linkedin.com/?id=57310,0
https://support-steam.pw/urgent-action/security-check/verify/login,1
https://linkedin-login.ml/login,1
https://netflix-secure.xyz/login,1
https://netflix-secure.com/required-update,1
https://staging.sketch.com/pricing,0
https://netflix-secure.com/verify/xxxxxxxxxxxxxxxxxxxxxxxxxxxxxxxxxxxxxxxxxxxxxxxxxxxxxxxxxxxxxxxxxxxxxxxxxxxxxxxxxxxxxxxxxxxxxxxxxxxxxxxxxxxxxxxxxxxxxxxxxxxxxxxxxxxxxxxxxx/confirm,1
https://staging.slack.com/services,0
https://dev.invision.com/?id=87130,0
https://amazon.com/profile,0
https://facebookl.com/verify,1
https://dev.medium.com/dashboard?id=40283,0
https://api.cloud.google.com/login?id=38493,0
https://mail.asana.com/settings,0
https://staging.atlassian.com/login,0
https://confirm-facebook.ga/signin,1
https://click-here-now.ga/login,1
http://dev.invision.com/,0
http://api.reddit.com/blog,0
https://dev.jira.com/help,0
https://mail.notion.so/contact?id=92576,0
https://claim-reward-now.tk/login,1
https://gogle.tk/login,1
https://verify-amazon.xyz/login,1
https://www.stripe.com/profile,0
https://verify-apple-id.gq/confirm-identity/validate/secure/login,1
https://linkedin-login.com/verify,1
https://api.microsoft.com/register,0
https://validate-netflix.xyz@sendgrid.com/verify,1
https://verify-apple-id.gq/login,1
http://128.103.108.31/login,1
https://twtter.com/update-billing/verify-payment/update-billing/login,1
https://g00gle.com@medium.com/verify,1
https://login-google.ru/signin/update-billing/required-update/login,1
https://linkedin-login.com/verify,1
http://dev.to/profile,0
https://www.dev.to/?id=89283,0
https://www.firebase.com/pricing,0
http://mail.firebase.com/contact,0
http://223.89.15.126/login,1
https://staging.amazon.com/api?id=43499,0
http://200.107.2.128/login,1
https://update-twitter.info/security-check/action/confirm/login,1
https://staging.vercel.com/home?id=6211,0
https://www.twitter.com/contact,0
https://mail.ibm.com/account,0
https://click-here-now.top/verify,1
https://dev.stripe.com/profile,0
https://verify-identity.cf/validate,1
https://support-steam.ga/login,1
http://251.166.29.15/login,1
https://staging.slack.com/profile?id=59022,0
https://urgent-verify-account.ga@dev.to/verify,1
https://www.netlify.com/pricing,0
https://staging.aws.amazon.com/support?id=14306,0
https://mail.netflix.com/pricing,0
https://dev.apple.com/services,0
https://validate-netflix.xyz/verify/xxxxxxxxxxxxxxxxxxxxxxxxxxxxxxxxxxxxxxxxxxxxxxxxxxxxxxxxxxxxxxxxxxxxxxxxxxxxxxxxxxxxxxxxxxxxxxxxxxxxxxxxxxxxxxxxxxxxxxxxxxxxxxxxxxxxxxxxxxxxxxxxxxxxxxxxxxxxxxxxxxxxxxxx/confirm,1
https://facbook.xyz/login,1
https://support-steam.pw@mailchimp.com/verify,1
https://mail.linkedin.com/services,0
https://verify-identity.cf/verify-payment,1
http://api.youtube.com/services,0
https://verify-identity.cf/verify,1
https://support-steam.pw/verify,1
https://oracle.com/docs,0
https://amazon.com/register,0
https://dev.stackoverflow.com/docs,0
https://mail.adobe.com/faq?id=3514,0
https://paypal.com/api?id=63230,0
https://atlassian.com/blog,0
https://urgent-verify-account.ga/validate/authenticate/secure/login,1
https://www.apple.com/support?id=94505,0
http://242.154.3.118/login,1
http://79.195.121.215/login,1
https://github-verify.com/verify,1
https://congratulations-winner.ml/verify/xxxxxxxxxxxxxxxxxxxxxxxxxxxxxxxxxxxxxxxxxxxxxxxxxxxxxxxxxxxxxxxxxxxxxxxxxxxxxxxxxxxxxxxxxxxxxxxxxxxxxxxxxxxxxxxxxxxxxxxxxxxxxxxxxxxxxxxxxxxxxxxxx/confirm,1
http://88.57.73.86/login,1
https://gogle.com@aws.amazon.com/verify,1
https://www.netflix.com/services,0
https://github-verify.com/security-check,1
https://account-update-microsoft.tk/login,1
https://amaz0n.com/verify,1
https://stackoverflow-confirm.com@dev.to/verify,1
https://validate-netflix.xyz/verify/xxxxxxxxxxxxxxxxxxxxxxxxxxxxxxxxxxxxxxxxxxxxxxxxxxxxxxxxxxxxxxxxxxxxxxxxxxxxxxxxxxxxxxxxxxxxxxxxxxxxxxxxxxxxxx/confirm,1
https://update-twitter.info@microsoft.com/verify,1
https://staging.netlify.com/support,0
https://www.invision.com/help,0
https://www.youtube.com/account?id=60752,0
https://facebookl.com@paypal.com/verify,1
https://www.jira.com/dashboard,0
https://github-verify.com/verify,1
https://verify-amazon.tk/update/signin/urgent-action/login,1
http://103.86.17.235/login,1
https://api.trello.com/api?id=92363,0
https://api.asana.com/pricing?id=24618,0
https://mail.vercel.com/register?id=27585,0
https://www.trello.com/dashboard,0
https://update-twitter.info/verify,1
https://click-here-now.top@trello.com/verify,1
http://mail.firebase.com/dashboard,0
https://mail.netflix.com/dashboard,0
https://urgent-verify-account.ga/account-recovery,1
https://api.netlify.com/,0
https://mail.apple.com/dashboard?id=27912,0
https://api.linkedin.com/api,0
https://www.dev.to/help,0
https://amaz0n.com/action/claim-reward/secure/login,1
https://facebookl.com/confirm,1
https://urgent-verify-account.ga/security-check/update-billing/urgent-action/login,1
https://salesforce.com/services,0
https://stackoverflow-confirm.com/verify-payment,1
http://23.105.197.152/login,1
http://173.99.40.233/login,1
https://www.atlassian.com/api?id=58663,0
https://security-confirm-bank.tk/verify,1
https://staging.firebase.com/contact,0
http://11.19.25.134/login,1
https://mail.linkedin.com/support,0
https://account-update-microsoft.ml@cloud.google.com/verify,1
https://mail.dev.to/settings,0
https://verify-apple-id.gq/verify/xxxxxxxxxxxxxxxxxxxxxxxxxxxxxxxxxxxxxxxxxxxxxxxxxxxxxxxxxxxxxxxxxxxxxxxxxxxxxxxxxxxxxxxxxxxxxxxxxxxxxxxxxxxxxxxxxxxxxxxxxxxxxxxxxxxxxxxxxxxxxxxxxxxxxxxxxxxxxxxxxxxxxxxxxxxxxxxxxxxxxxxxxxxxxxxx/confirm,1
https://verify-identity.cf/verify-account/account-recovery/update/login,1
https://g00gle.com/verify,1
https://api.medium.com/?id=69722,0
https://facbook.gq/login,1
https://facbook.com/urgent-action/confirm/verify-account/login,1
https://dev.sendgrid.com/home,0
http://5.243.39.249/login,1
https://mail.stripe.com/services?id=85290,0
https://github-verify.com/login/action/validate/login,1
https://confirm-facebook.ga@salesforce.com/verify,1
https://www.oracle.com/support?id=98482,0
https://mail.netlify.com/home?id=25488,0
https://twitter.com/pricing?id=32199,0
https://www.atlassian.com/contact,0
https://validate-netflix.ga/login,1
https://paypa1.com/validate/update/update/login,1
http://0.238.77.10/login,1
https://mail.mailchimp.com/support,0
https://claim-reward-now.ga/update-billing,1
https://g00gle.ru/login,1
http://169.69.90.111/login,1
https://update-twitter.info@github.com/verify,1
https://dev.twilio.com/api,0
https://facbook.com/account-recovery/claim-reward/login/login,1
https://www.stripe.com/about,0
https://verify-identity.tk/login,1
https://twtter.ga/login,1
http://116.171.40.223/login,1
http://21.66.52.86/login,1
https://validate-netflix.xyz/verify/xxxxxxxxxxxxxxxxxxxxxxxxxxxxxxxxxxxxxxxxxxxxxxxxxxxxxxxxxxxxxxxxxxxxxxxxxxxxxxxxxxxxxxxxxxxxxxxxxxxxxxxxxxxxxxxxxxxxxxxxxxxxxxxxxxxxxxxxxxxxxxxx/confirm,1
https://api.twilio.com/docs?id=8085,0
https://dev.medium.com/?id=96249,0
https://slack.com/help,0
https://netflix-secure.com@notion.so/verify,1
https://mail.github.com/contact,0
https://mail.apple.com/profile,0
https://mail.apple.com/api,0
https://validate-netflix.xyz/signin,1
http://123.164.97.96/login,1
https://vercel.com/dashboard,0
https://staging.mailchimp.com/docs?id=32011,0
https://security-confirm-bank.ml/login,1
https://www.stackoverflow.com/login,0
https://www.sendgrid.com/services,0
http://212.102.243.162/login,1
https://update-twitter.info@atlassian.com/verify,1
https://validate-netflix.xyz/verify/verify-payment/urgent-action/login,1
https://login-google.ru/required-update,1
https://claim-reward-now.ga/verify/xxxxxxxxxxxxxxxxxxxxxxxxxxxxxxxxxxxxxxxxxxxxxxxxxxxxxxxxxxxxxxxxxxxxxxxxxxxxxxxxxxxxxxxxxxxxxxxxxxxxxxxxxxxxxxxxxxxxxxxxxxxxxxxxxxxxxx/confirm,1
https://validate-netflix.xyz@youtube.com/verify,1
https://click-here-now.top@atlassian.com/verify,1
https://facebookl.com/account-recovery/confirm/update-billing/login,1
https://limited-time-offer.tk@netlify.com/verify,1
https://dev.microsoft.com/account,0
https://claim-reward-now.ga/verify/xxxxxxxxxxxxxxxxxxxxxxxxxxxxxxxxxxxxxxxxxxxxxxxxxxxxxxxxxxxxxxxxxxxxxxxxxxxxxxxxxxxxxxxxxxxxxxxxxxxxxxxxxxxxxxxxxxxxxxxxxxxxxxxxxxxxxxxxxxxxxxxxxxxxxxxxxxxxxxxxxxxxxxxxxxxxxxxxxxxxxxxxxxx/confirm,1
https://dev.netflix.com/blog?id=32450,0
https://amaz0n.com/confirm/authenticate/confirm-identity/login,1
https://staging.stripe.com/blog,0
https://api.invision.com/,0
https://www.ibm.com/contact,0
https://facbook.com@linkedin.com/verify,1
http://186.69.203.70/login,1
https://amazn.com/account-recovery,1
https://mail.salesforce.com/register?id=78074,0
http://93.166.196.207/login,1
https://www.youtube.com/about,0
https://security-confirm-bank.tk@ibm.com/verify,1
https://www.salesforce.com/api,0
https://secure-paypal.top/verify/xxxxxxxxxxxxxxxxxxxxxxxxxxxxxxxxxxxxxxxxxxxxxxxxxxxxxxxxxxxxxxxxxxxxxxxxxxxxxxxxxxxxxxxxxxxxxxxxxxxxxxxxxxxxxxxxxxxxxxxxxxxxxxxxxxxxxxxxxx/confirm,1
https://account-update-microsoft.ml@azure.microsoft.com/verify,1
http://202.228.157.215/login,1
https://dev.github.com/about,0
https://www.wikipedia.org/help,0
https://amaz0n.com/security-check/authenticate/update-billing/login,1
https://security-confirm-bank.tk/account-recovery/authenticate/validate/login,1
https://mail.azure.microsoft.com/home,0
https://amaz0n.com/verify,1
https://dev.stackoverflow.com/about,0
https://amazn.com/urgent-action/signin/claim-reward/login,1
https://support-steam.pw/signin/verify-account/verify-payment/login,1
https://staging.paypal.com/profile?id=79722,0
http://www.apple.com/pricing,0
https://www.vercel.com/help?id=76875,0
https://validate-netflix.ru/login,1
https://verify-identity.cf/login,1
https://login-google.ru/validate/update/signin/login,1
https://mail.atlassian.com/settings,0
https://amaz0n.com/validate,1
https://staging.invision.com/login?id=27431,0
https://confirm-facebook.ga@invision.com/verify,1
https://www.reddit.com/about,0
https://support-steam.pw/verify,1
https://staging.notion.so/support?id=74539,0
http://13.185.95.208/login,1
https://api.ibm.com/api,0
http://47.255.230.60/login,1
https://update-twitter.info/required-update/confirm-identity/signin/login,1
https://www.microsoft.com/api?id=28202,0
https://secure-paypal.top@heroku.com/verify,1
https://security-confirm-bank.tk/verify,1
https://www.dev.to/login,0
https://claim-reward-now.ga/verify/xxxxxxxxxxxxxxxxxxxxxxxxxxxxxxxxxxxxxxxxxxxxxxxxxxxxxxxxxxxxxxxxxxxxxxxxxxxxxxxxxxxxxxxxxxxxxxxxxxxxxxxxxxxxxxxxxxxxxxxxxxxxxxxxxxxxxxxxxxxxxxxxxxxxxxxxxxxxxxxxxxxxx/confirm,1
https://www.apple.com/services,0
https://amaz0n.com/verify,1
https://www.netlify.com/dashboard,0
https://verify-amazon.tk/verify-payment,1
https://urgent-verify-account.ga/verify/xxxxxxxxxxxxxxxxxxxxxxxxxxxxxxxxxxxxxxxxxxxxxxxxxxxxxxxxxxxxxxxxxxxxxxxxxxxxxxxxxxxxxxxxxxxxxxxxxxxxxxxxxxxxxxxxxxxxxxxxxxxxxxxxxxxxxxxxxxxxxxxxxxxxxxxxxxxxxxxxxxxxxx/confirm,1
https://www.google.com/profile,0
https://amaz0n.com/verify/xxxxxxxxxxxxxxxxxxxxxxxxxxxxxxxxxxxxxxxxxxxxxxxxxxxxxxxxxxxxxxxxxxxxxxxxxxxxxxxxxxxxxxxxxxxxxxxxxxxxxxxxxxxxxxxxxxxxxxxxxxxxxxxxxxxxxxxxxxxxxxxxxxxxxxxxxxxxxxxxxxxxxxxxxx/confirm,1
https://mail.atlassian.com/home?id=96686,0
https://gogle.com/verify/xxxxxxxxxxxxxxxxxxxxxxxxxxxxxxxxxxxxxxxxxxxxxxxxxxxxxxxxxxxxxxxxxxxxxxxxxxxxxxxxxxxxxxxxxxxxxxxxxxxxxxxxxxxxxxxxxxxxxxxxxxxxxxxxxxxxxxxxxxxxxxxxxxxxxxxxxxxxxxxxxxxxxxxxxxxxxxx/confirm,1
https://urgent-verify-account.ga/verify,1
https://limited-time-offer.ru/login,1
https://www.asana.com/contact,0
https://secure-paypal.tk/login,1
https://api.adobe.com/pricing?id=5224,0
https://api.reddit.com/faq,0
https://dev.atlassian.com/settings,0
https://stackoverflow-confirm.com/verify-payment,1
https://api.heroku.com/about,0
https://aws.amazon.com/login,0
https://github-verify.com@azure.microsoft.com/verify,1
https://dev.to/docs,0
https://google.com/profile,0
https://staging.microsoft.com/pricing,0
http://mail.google.com/products,0
https://paypa1.com@google.com/verify,1
https://secure-paypal.top@notion.so/verify,1
https://update-twitter.info/verify/xxxxxxxxxxxxxxxxxxxxxxxxxxxxxxxxxxxxxxxxxxxxxxxxxxxxxxxxxxxxxxxxxxxxxxxxxxxxxxxxxxxxxxxxxxxxxxxxxxxxxxxxxxxxxxxxxxxxxxxxxxxxxxxxxxxxxxxxxxxxxxxxxxxxxxxxxxxxxxxxxxxxxxxxxxxxxxxxxxxxxxxxxxxx/confirm,1
https://dev.google.com/settings?id=95468,0
https://twitter.com/products,0
https://dev.invision.com/products,0
https://github-verify.com/verify/xxxxxxxxxxxxxxxxxxxxxxxxxxxxxxxxxxxxxxxxxxxxxxxxxxxxxxxxxxxxxxxxxxxxxxxxxxxxxxxxxxxxxxxxxxxxxxxxxxxxxxxxxxxxxxxxxxxxxxxxxxxxxxxxxxxxxxxx/confirm,1
https://api.twilio.com/blog,0
https://dev.firebase.com/api?id=16441,0
https://validate-netflix.xyz/verify/login/signin/login,1
https://api.aws.amazon.com/support,0
https://update-twitter.info/urgent-action/authenticate/verify/login,1
https://mail.netlify.com/help?id=35689,0
https://mail.dev.to/docs,0
https://claim-reward-now.ga/account-recovery/signin/account-recovery/login,1
https://security-confirm-bank.tk/signin/verify-account/security-check/login,1
https://mail.microsoft.com/faq?id=34363,0
https://authenticate-apple.cf@netflix.com/verify,1
https://invision.com/home?id=85666,0
http://www.salesforce.com/contact,0
https://gogle.com/validate/urgent-action/update/login,1
https://account-update-microsoft.ml@stackoverflow.com/verify,1
https://paypa1.com/verify,1
https://api.linkedin.com/about,0
https://staging.linkedin.com/docs,0
https://mail.asana.com/services,0
https://www.jira.com/docs?id=76684,0
https://staging.reddit.com/home,0
https://security-confirm-bank.tk/verify,1
https://secure-paypal.ru/login,1
https://facbook.com/verify/xxxxxxxxxxxxxxxxxxxxxxxxxxxxxxxxxxxxxxxxxxxxxxxxxxxxxxxxxxxxxxxxxxxxxxxxxxxxxxxxxxxxxxxxxxxxxxxxxxxxxxxxxxxxx/confirm,1
https://www.dev.to/products,0
https://confirm-facebook.ga/security-check,1
https://www.reddit.com/about?id=53580,0
https://api.netflix.com/register,0
https://amazn.ga/login,1
https://mail.mailchimp.com/blog?id=18775,0
http://dev.amazon.com/home,0
http://146.177.203.35/login,1
https://api.twilio.com/faq,0
https://www.vercel.com/about,0
https://security-confirm-bank.tk@cloud.google.com/verify,1
https://update-twitter.info/login,1
http://49.60.180.45/login,1
https://github-verify.com/verify/xxxxxxxxxxxxxxxxxxxxxxxxxxxxxxxxxxxxxxxxxxxxxxxxxxxxxxxxxxxxxxxxxxxxxxxxxxxxxxxxxxxxxxxxxxxxxxxxxxxxxxxxxxxxxxxx/confirm,1
https://dev.linkedin.com/settings?id=73982,0
https://dev.figma.com/about,0
https://update-twitter.info/verify,1
https://g00gle.com@stripe.com/verify,1
https://mail.azure.microsoft.com/login,0
https://www.heroku.com/settings,0
https://staging.wikipedia.org/register,0
https://api.salesforce.com/support,0
https://facbook.com/verify-account,1
https://verify-identity.cf/verify,1
https://facebookl.ga/login,1
https://account-update-microsoft.top/login,1
https://api.trello.com/account,0
https://support-steam.tk/login,1
https://gogle.com/verify/xxxxxxxxxxxxxxxxxxxxxxxxxxxxxxxxxxxxxxxxxxxxxxxxxxxxxxxxxxxxxxxxxxxxxxxxxxxxxxxxxxxxxxxxxxxxxxxxxxxxxxxxxxxxxxxxxxxxxx/confirm,1
https://www.medium.com/?id=15082,0
http://mail.medium.com/blog,0
https://api.stackoverflow.com/account,0
https://mail.adobe.com/home,0
https://gogle.xyz/login,1
http://mail.figma.com/home?id=38312,0
https://github-verify.com@linkedin.com/verify,1
https://www.dev.to/account,0
http://174.158.229.14/login,1
https://youtube.com/docs?id=75104,0
https://update-twitter.info/required-update/verify-account/verify/login,1
https://amazon.com/account,0
https://twtter.cf/login,1
https://api.mailchimp.com/dashboard,0
https://api.twitter.com/?id=48882,0
https://dev.jira.com/register,0
https://verify-identity.cf@vercel.com/verify,1
https://account-update-microsoft.ml/verify-payment,1
https://microsoft.com/,0
https://figma.com/pricing,0
https://dev.cloud.google.com/pricing?id=13117,0
https://amazn.com/verify/xxxxxxxxxxxxxxxxxxxxxxxxxxxxxxxxxxxxxxxxxxxxxxxxxxxxxxxxxxxxxxxxxxxxxxxxxxxxxxxxxxxxxxxxxxxxxxxxxxxxxxxxxxxxxxxxxxxxxxxxxxxxxxxxxxxxxxxxxxxxxxxxxxxxxxxxxxxxxxxxxxxxxxxxxxxxxxxxx/confirm,1
http://40.0.0.147/login,1
https://verify-apple-id.gq@heroku.com/verify,1
https://congratulations-winner.ml/verify/xxxxxxxxxxxxxxxxxxxxxxxxxxxxxxxxxxxxxxxxxxxxxxxxxxxxxxxxxxxxxxxxxxxxxxxxxxxxxxxxxxxxxxxxxxxxxxxxxxxxxxx/confirm,1
https://mail.linkedin.com/login?id=90230,0
https://staging.wikipedia.org/profile,0
https://netflix-secure.com/verify-payment,1
https://twtter.com@jira.com/verify,1
https://www.cloud.google.com/,0
http://staging.azure.microsoft.com/dashboard,0
https://dev.youtube.com/blog?id=30335,0
http://175.121.130.39/login,1
https://api.atlassian.com/home,0
http://mail.figma.com/contact,0
https://staging.netflix.com/blog,0
https://mail.oracle.com/home?id=2707,0
https://validate-netflix.xyz@salesforce.com/verify,1
https://authenticate-apple.cf/verify/xxxxxxxxxxxxxxxxxxxxxxxxxxxxxxxxxxxxxxxxxxxxxxxxxxxxxxxxxxxxxxxxxxxxxxxxxxxxxxxxxxxxxxxxxxxxxxxxxxxxxxxxxxxxxxxxxxxxxxxxxxxxxxxxxxxxxxxxxxxxxxxxxxxxxxxxxxxxxxxxxxxxxxxxxxxx/confirm,1
https://staging.invision.com/api,0
https://staging.notion.so/help,0
https://api.jira.com/products?id=72379,0
https://dev.wikipedia.org/services?id=86954,0
https://mail.sketch.com/settings,0
https://mail.asana.com/contact,0
http://70.76.103.15/login,1
http://173.84.94.61/login,1
https://urgent-verify-account.ga/verify/xxxxxxxxxxxxxxxxxxxxxxxxxxxxxxxxxxxxxxxxxxxxxxxxxxxxxxxxxxxxxxxxxxxxxxxxxxxxxxxxxxxxxxxxxxxxxxxxxxxxx/confirm,1
https://www.notion.so/api,0
https://api.linkedin.com/pricing?id=90291,0
https://netflix-secure.com/verify,1
http://dev.paypal.com/products,0
https://dev.netflix.com/api,0
https://sendgrid.com/pricing,0
https://amaz0n.com/verify/xxxxxxxxxxxxxxxxxxxxxxxxxxxxxxxxxxxxxxxxxxxxxxxxxxxxxxxxxxxxxxxxxxxxxxxxxxxxxxxxxxxxxxxxxxxxxxxxxxxxxxxxxxxxxxxxxxxxxxxxxxxxxxxxxxxxxxxxxxxxxxxxxxxxxxxxxxxxxxxxxxx/confirm,1
https://dev.figma.com/contact,0
https://account-update-microsoft.ru/login,1
https://facebookl.xyz/login,1
https://twtter.com/verify/xxxxxxxxxxxxxxxxxxxxxxxxxxxxxxxxxxxxxxxxxxxxxxxxxxxxxxxxxxxxxxxxxxxxxxxxxxxxxxxxxxxxxxxxxxxxxxxxxxxxxxxxxxxxxxxxxxxxxxxxxxxxxxxxxxxxxxxxxxxxxxxxxxxxxxxxxxxxxxxxxxxxxxxxxxxxxxxxxxx/confirm,1
http://mail.stackoverflow.com/help,0
https://staging.azure.microsoft.com/api?id=82060,0
https://staging.invision.com/help?id=18064,0
https://stackoverflow-confirm.com/signin,1
https://click-here-now.top/secure,1
https://api.azure.microsoft.com/register,0
https://www.heroku.com/contact,0
https://api.oracle.com/products,0
https://stackoverflow-confirm.com/verify,1
https://netflix-secure.com/verify-payment,1
https://confirm-facebook.ga/verify/xxxxxxxxxxxxxxxxxxxxxxxxxxxxxxxxxxxxxxxxxxxxxxxxxxxxxxxxxxxxxxxxxxxxxxxxxxxxxxxxxxxxxxxxxxxxxxxxxxxxxxxxxxxxxxxxxxxxxxxxxxxxxxxxxxxxxxxxxxxxxxxxxxxxxxxxxxxxxxxxxxxxxxxxx/confirm,1
https://limited-time-offer.tk/verify/xxxxxxxxxxxxxxxxxxxxxxxxxxxxxxxxxxxxxxxxxxxxxxxxxxxxxxxxxxxxxxxxxxxxxxxxxxxxxxxxxxxxxxxxxxxxxxxxxxxxxxxxxxxxxxxxxxxxxxxxxxxxxxxxxxxxxxxxxxxxxxxxxxxxxxxxxxxxxxxxxxxxxxxxxxx/confirm,1
http://amazon.com/contact,0
https://www.jira.com/support,0
https://dev.cloud.google.com/?id=72215,0
https://www.heroku.com/dashboard,0
https://facebookl.com@twilio.com/verify,1
https://www.sendgrid.com/blog,0
https://sendgrid.com/,0
https://mail.aws.amazon.com/help,0
https://g00gle.com/verify/xxxxxxxxxxxxxxxxxxxxxxxxxxxxxxxxxxxxxxxxxxxxxxxxxxxxxxxxxxxxxxxxxxxxxxxxxxxxxxxxxxxxxxxxxxxxxxxxxxxxxxxxxxxxxxxxxxxxxxxxxxxxxxxxxxxxxxxxxxxxxxxxxxxxxxxxxxxx/confirm,1
http://www.vercel.com/help,0
https://g00gle.com/signin/validate/account-recovery/login,1
https://verify-apple-id.gq/update-billing,1
https://www.sendgrid.com/products,0
https://login-google.ru/verify/xxxxxxxxxxxxxxxxxxxxxxxxxxxxxxxxxxxxxxxxxxxxxxxxxxxxxxxxxxxxxxxxxxxxxxxxxxxxxxxxxxxxxxxxxxxxxxxxxxxxxxxxxxxxxxxxxxxxxxxxxxxxxxxxxxxxxxxxxxxxxxxxxxxxxxxxxxxxxxxxxxxxx/confirm,1
http://oracle.com/support,0
https://twtter.com/verify,1
https://stackoverflow-confirm.com/verify,1
https://staging.wikipedia.org/api,0
https://limited-time-offer.tk/verify/xxxxxxxxxxxxxxxxxxxxxxxxxxxxxxxxxxxxxxxxxxxxxxxxxxxxxxxxxxxxxxxxxxxxxxxxxxxxxxxxxxxxxxxxxxxxxxxxxxxxxxxxxxxxxxxxxxxxxxxxxxxxxxxxxxxxxxxxxxxxxxxxxxxxxxxxxxxxxxxxxx/confirm,1
http://www.facebook.com/api,0
https://mail.mailchimp.com/help,0
https://reddit.com/account,0
https://api.reddit.com/faq,0
https://netflix-secure.com/confirm-identity/secure/required-update/login,1
https://verify-identity.cf/verify/xxxxxxxxxxxxxxxxxxxxxxxxxxxxxxxxxxxxxxxxxxxxxxxxxxxxxxxxxxxxxxxxxxxxxxxxxxxxxxxxxxxxxxxxxxxxxxxxxxxxxxxxxxxxxxxxxxxxxxxxxxxxxxxxxxxxxxxxxxxxxxxxxxxxxxxxxx/confirm,1
https://sketch.com/profile,0
https://urgent-verify-account.ga/confirm-identity,1
https://paypa1.ru/login,1
https://authenticate-apple.cf/verify/xxxxxxxxxxxxxxxxxxxxxxxxxxxxxxxxxxxxxxxxxxxxxxxxxxxxxxxxxxxxxxxxxxxxxxxxxxxxxxxxxxxxxxxxxxxxxxxxxxxxxxxxxxxxxxxxxxxxxxxxxxxxxxxxxxx/confirm,1
https://salesforce.com/account?id=8775,0
https://api.medium.com/home,0
http://dev.figma.com/api?id=22945,0
https://dev.firebase.com/settings,0
https://twtter.com/urgent-action,1
https://secure-paypal.ga/login,1
https://staging.invision.com/dashboard?id=1736,0
http://78.193.201.34/login,1
https://api.youtube.com/profile,0
https://mail.sketch.com/,0
https://www.reddit.com/about?id=23451,0
https://staging.twilio.com/products,0
https://verify-identity.cf/verify/xxxxxxxxxxxxxxxxxxxxxxxxxxxxxxxxxxxxxxxxxxxxxxxxxxxxxxxxxxxxxxxxxxxxxxxxxxxxxxxxxxxxxxxxxxxxxxxxxxxxxxxxxxxxxxxxxxxxxxxxxxxxxxxxxxxxxxxxxxxxxxxxxxxxxxx/confirm,1
https://account-update-microsoft.ml/validate/account-recovery/action/login,1
https://dev.vercel.com/settings?id=81610,0
https://confirm-facebook.ga/security-check,1
http://128.159.72.23/login,1
https://urgent-verify-account.ga/verify,1
https://staging.aws.amazon.com/faq,0
https://api.aws.amazon.com/api,0
https://www.reddit.com/about,0
https://atlassian.com/about,0
https://congratulations-winner.ml/login/required-update/confirm/login,1
https://api.heroku.com/docs?id=75767,0
https://mail.twitter.com/settings,0
http://staging.reddit.com/register,0
https://api.heroku.com/blog,0
https://limited-time-offer.tk/login/validate/security-check/login,1
https://account-update-microsoft.ml/verify/xxxxxxxxxxxxxxxxxxxxxxxxxxxxxxxxxxxxxxxxxxxxxxxxxxxxxxxxxxxxxxxxxxxxxxxxxxxxxxxxxxxxxxxxxxxxxxxxxxxxxxxxxxxxxxxxxxxxxxxxxxxxxxxxxxxxxxxxxxxxxxxxxxxxxxxxxxxxxxxxxxxxxxx/confirm,1
https://mail.sketch.com/register?id=84229,0
https://mail.facebook.com/home?id=10922,0
https://confirm-facebook.ga/verify-payment,1
https://jira.com/blog,0
https://congratulations-winner.ml/urgent-action,1
https://mail.youtube.com/,0
https://staging.slack.com/help,0
https://mail.github.com/profile,0
https://gogle.ga/login,1
https://dev.netlify.com/profile,0
https://api.sendgrid.com/register,0
https://dev.github.com/,0
http://250.161.190.69/login,1
http://mail.azure.microsoft.com/faq,0
https://sketch.com/api,0
https://g00gle.com/verify/xxxxxxxxxxxxxxxxxxxxxxxxxxxxxxxxxxxxxxxxxxxxxxxxxxxxxxxxxxxxxxxxxxxxxxxxxxxxxxxxxxxxxxxxxxxxxxxxxxxxxxxxxxxxxxxxxxxxxxxxxxxxxxxxxxxxxxxxxxxxxxxxxxxxx/confirm,1
http://223.84.224.117/login,1
https://update-twitter.info/urgent-action,1
https://staging.facebook.com/docs?id=45603,0
https://gogle.top/login,1
https://confirm-facebook.ga/update/signin/update-billing/login,1
https://www.trello.com/login,0
https://www.sketch.com/faq,0
https://account-update-microsoft.top/login,1
https://update-twitter.ml/login,1
http://dev.netflix.com/faq,0
https://verify-identity.cf/verify-account,1
https://dev.vercel.com/home,0
https://staging.reddit.com/account?id=82739,0
https://gogle.com/verify,1
https://dev.slack.com/blog,0
https://dev.twitter.com/account?id=78532,0
https://github-verify.ru/login,1
http://121.150.212.31/login,1
https://www.azure.microsoft.com/login,0
https://limited-time-offer.tk/verify,1
https://confirm-facebook.ga/authenticate/login/secure/login,1
https://stackoverflow-confirm.com/authenticate,1
https://api.invision.com/pricing,0
https://linkedin-login.com/verify/xxxxxxxxxxxxxxxxxxxxxxxxxxxxxxxxxxxxxxxxxxxxxxxxxxxxxxxxxxxxxxxxxxxxxxxxxxxxxxxxxxxxxxxxxxxxxxxxxxxxxxxxxxxxxxxxxxxxxxxxxxxxxxxxxxxxxxxxxxxxxxxxxxxxxxxxxxxxxxxxxxxxxxxxxxxxxxxxxx/confirm,1
https://netlify.com/dashboard?id=12209,0
http://179.115.207.139/login,1
https://www.reddit.com/register?id=56104,0
https://amazon.com/pricing,0
https://support-steam.pw/account-recovery,1
https://claim-reward-now.ga/required-update/authenticate/signin/login,1
http://api.github.com/contact,0
https://verify-apple-id.top/login,1
https://amazn.com/urgent-action/urgent-action/authenticate/login,1
https://confirm-facebook.ga/verify-payment,1
https://dev.netlify.com/pricing?id=74852,0
http://164.24.224.197/login,1
https://paypa1.com@figma.com/verify,1
https://staging.salesforce.com/home,0
https://mail.youtube.com/api,0
https://www.github.com/faq,0
https://staging.stripe.com/home,0
https://staging.sendgrid.com/blog,0
https://linkedin-login.com/confirm,1
http://api.google.com/login,0
https://api.github.com/blog,0
https://api.jira.com/about,0
https://mail.ibm.com/about,0
https://confirm-facebook.ga/action,1
https://amaz0n.com/verify,1
https://amaz0n.com/verify/xxxxxxxxxxxxxxxxxxxxxxxxxxxxxxxxxxxxxxxxxxxxxxxxxxxxxxxxxxxxxxxxxxxxxxxxxxxxxxxxxxxxxxxxxxxxxxxxxxxxxxxxxxxxxxxxxxxxxxxxxxxxxxxxxxxxxx/confirm,1
https://dev.amazon.com/contact,0
https://api.twilio.com/contact,0
https://mail.azure.microsoft.com/products,0
https://staging.azure.microsoft.com/register,0
https://www.stripe.com/register?id=63304,0
https://support-steam.pw@microsoft.com/verify,1
https://atlassian.com/profile,0
https://staging.slack.com/profile,0
https://update-twitter.info@amazon.com/verify,1
https://api.github.com/support?id=46710,0
https://paypa1.ru/login,1
http://staging.google.com/login,0
https://facebookl.com/verify/xxxxxxxxxxxxxxxxxxxxxxxxxxxxxxxxxxxxxxxxxxxxxxxxxxxxxxxxxxxxxxxxxxxxxxxxxxxxxxxxxxxxxxxxxxxxxxxxxxxxxxxxxxxxxxxxxxxxxxxxxxxxxxxxxxxxxxxxxxxxxxxxxxxxxx/confirm,1
https://urgent-verify-account.top/login,1
https://www.cloud.google.com/api,0
http://8.2.153.142/login,1
https://www.dev.to/about?id=44820,0
https://security-confirm-bank.tk/verify/xxxxxxxxxxxxxxxxxxxxxxxxxxxxxxxxxxxxxxxxxxxxxxxxxxxxxxxxxxxxxxxxxxxxxxxxxxxxxxxxxxxxxxxxxxxxxxxxxxxxxxxxxxxxxxxxxxxxxxxxxxxxxxxxxxxxxxxxxxxxxxxxxxxxxxxxxxxxxxxxxxxxxxxxxxxxxxxxxxxxxxxxxxxxxxxxxxxxxxxx/confirm,1
https://urgent-verify-account.ga@stripe.com/verify,1
https://amazn.com/update/update/verify/login,1
https://amaz0n.gq/login,1
http://221.117.97.96/login,1
https://dev.twitter.com/home,0
https://amazn.xyz/login,1
https://www.paypal.com/login,0
https://urgent-verify-account.ga@mailchimp.com/verify,1
https://security-confirm-bank.tk/verify-account,1
https://urgent-verify-account.ga/verify-account/confirm-identity/validate/login,1
https://cloud.google.com/about,0
https://api.trello.com/support,0
https://staging.notion.so/login,0
https://congratulations-winner.gq/login,1
https://mail.sendgrid.com/account?id=11665,0
https://linkedin-login.com/verify/xxxxxxxxxxxxxxxxxxxxxxxxxxxxxxxxxxxxxxxxxxxxxxxxxxxxxxxxxxxxxxxxxxxxxxxxxxxxxxxxxxxxxxxxxxxxxxxxxxxxxxxxxxxxxxxxxxxxxxxxxxxxxxxxxxxxxxxxxxxxxxxxxxxxxxxxxxxxxxxxxxxxxxxxxxxxxxxxx/confirm,1
https://linkedin-login.com/action/secure/confirm-identity/login,1
https://asana.com/services,0
http://156.132.32.90/login,1
https://g00gle.com/verify/xxxxxxxxxxxxxxxxxxxxxxxxxxxxxxxxxxxxxxxxxxxxxxxxxxxxxxxxxxxxxxxxxxxxxxxxxxxxxxxxxxxxxxxxxxxxxxxxxxxxxxxxxxxxxxxxxxxxxxxx/confirm,1
http://166.111.75.220/login,1
https://amazn.com/confirm/verify-account/confirm/login,1
https://click-here-now.ml/login,1
https://www.trello.com/home,0
https://dev.aws.amazon.com/docs?id=95047,0
https://update-twitter.info@google.com/verify,1
https://update-twitter.info/verify,1
https://www.stackoverflow.com/profile,0
https://paypal.com/blog,0
https://netflix-secure.com/verify,1
https://validate-netflix.xyz@heroku.com/verify,1
https://api.aws.amazon.com/services?id=93659,0
https://staging.asana.com/api,0
https://verify-amazon.tk/claim-reward,1
https://support-steam.ga/login,1
https://cloud.google.com/settings,0
https://api.linkedin.com/account,0
https://mail.stripe.com/dashboard,0
https://security-confirm-bank.tk@asana.com/verify,1
https://www.reddit.com/login?id=24028,0
https://update-twitter.info/verify/xxxxxxxxxxxxxxxxxxxxxxxxxxxxxxxxxxxxxxxxxxxxxxxxxxxxxxxxxxxxxxxxxxxxxxxxxxxxxxxxxxxxxxxxxxxxxxxxxxxx/confirm,1
https://api.netflix.com/dashboard,0
https://www.medium.com/contact,0
http://255.220.97.128/login,1
https://staging.heroku.com/pricing,0
http://3.146.126.100/login,1
https://dev.mailchimp.com/home?id=33677,0
https://www.firebase.com/about?id=31597,0
https://urgent-verify-account.ga@adobe.com/verify,1
https://netflix-secure.com@apple.com/verify,1
https://support-steam.tk/login,1
https://dev.linkedin.com/dashboard,0
https://account-update-microsoft.ml/verify/xxxxxxxxxxxxxxxxxxxxxxxxxxxxxxxxxxxxxxxxxxxxxxxxxxxxxxxxxxxxxxxxxxxxxxxxxxxxxxxxxxxxxxxxxxxxxxxxxxxxxxxx/confirm,1
https://staging.vercel.com/api,0
https://account-update-microsoft.ml/secure/required-update/confirm-identity/login,1
http://163.231.9.189/login,1
http://79.110.93.21/login,1
http://www.youtube.com/pricing,0
https://facbook.com/account-recovery,1
https://support-steam.pw/verify/xxxxxxxxxxxxxxxxxxxxxxxxxxxxxxxxxxxxxxxxxxxxxxxxxxxxxxxxxxxxxxxxxxxxxxxxxxxxxxxxxxxxxxxxxxxxxxxxxxxxxxxxxxxxxxxxxxxxxxxxxxxxxxxxxxxxxxxxxxxx/confirm,1
http://91.199.87.172/login,1
https://www.oracle.com/account?id=62571,0
https://www.azure.microsoft.com/profile,0
https://dev.apple.com/faq?id=71226,0
https://stackoverflow-confirm.com/required-update,1
https://congratulations-winner.ml/verify/xxxxxxxxxxxxxxxxxxxxxxxxxxxxxxxxxxxxxxxxxxxxxxxxxxxxxxxxxxxxxxxxxxxxxxxxxxxxxxxxxxxxxxxxxxxxxxxxxxxx/confirm,1
https://netflix.com/api,0
https://urgent-verify-account.ga/verify/xxxxxxxxxxxxxxxxxxxxxxxxxxxxxxxxxxxxxxxxxxxxxxxxxxxxxxxxxxxxxxxxxxxxxxxxxxxxxxxxxxxxxxxxxxxxxxxxxxxxxxxxxxxxxxxxxxxxxxxxxxxxxxxxxxxxxxxxxxxxxxxxxxxxxxxxxxxxxxx/confirm,1
https://gogle.com/update-billing,1
https://gogle.tk/login,1
https://api.cloud.google.com/dashboard,0
https://validate-netflix.xyz/login/verify/account-recovery/login,1
https://dev.jira.com/services?id=91563,0
https://mail.medium.com/support,0
https://api.slack.com/faq,0
https://mail.medium.com/faq,0
http://staging.firebase.com/services?id=70210,0
http://22.215.79.69/login,1
https://netflix-secure.com/validate/verify/urgent-action/login,1
https://staging.stripe.com/home,0
https://staging.figma.com/pricing,0
https://amaz0n.com@ibm.com/verify,1
http://staging.linkedin.com/products,0
https://staging.jira.com/blog,0
https://gogle.com/verify,1
https://staging.azure.microsoft.com/blog,0
https://slack.com/contact?id=86249,0
https://staging.sketch.com/profile,0
https://api.azure.microsoft.com/profile,0
https://mail.aws.amazon.com/services,0
https://click-here-now.top/login,1
https://amazon.com/login,0
https://staging.microsoft.com/products,0
https://salesforce.com/about,0
http://api.dev.to/blog,0
https://limited-time-offer.tk/verify/xxxxxxxxxxxxxxxxxxxxxxxxxxxxxxxxxxxxxxxxxxxxxxxxxxxxxxxxxxxxxxxxxxxxxxxxxxxxxxxxxxxxxxxxxxxxxxxxxxxxxxxxxxxxxxxxxxxxxxxxxxxxxxxxxxxxxxxxxxxxxxxxxxxxxxxxxxx/confirm,1
https://mail.facebook.com/account,0
https://netflix-secure.com@vercel.com/verify,1
https://dev.linkedin.com/api,0
http://107.150.225.136/login,1
https://confirm-facebook.tk/login,1
https://api.heroku.com/account,0
https://dev.sketch.com/services,0
https://stackoverflow-confirm.com/verify,1
https://staging.microsoft.com/register,0
https://verify-identity.cf@google.com/verify,1
https://sketch.com/faq,0
https://security-confirm-bank.ml/login,1
http://www.medium.com/about?id=68231,0
https://staging.sendgrid.com/home?id=10780,0
https://g00gle.com/urgent-action,1
https://firebase.com/profile,0
https://update-twitter.info/verify/xxxxxxxxxxxxxxxxxxxxxxxxxxxxxxxxxxxxxxxxxxxxxxxxxxxxxxxxxxxxxxxxxxxxxxxxxxxxxxxxxxxxxxxxxxxxxxxxxxxxxxxxxxxxxxxxxxxxxxxxxxxxxxxxxxxxxxxxxxxxxxxxxxxxxxxxxxxxxxxxxxxxxxxxxxxxxxxxxxxxxxxxxxxxxxxxxxxxxxxx/confirm,1
https://www.netflix.com/settings,0
https://limited-time-offer.tk/verify-payment/action/update-billing/login,1
http://www.amazon.com/contact,0
https://api.apple.com/contact,0
http://www.azure.microsoft.com/,0
https://verify-amazon.tk/verify,1
https://urgent-verify-account.ga/verify/xxxxxxxxxxxxxxxxxxxxxxxxxxxxxxxxxxxxxxxxxxxxxxxxxxxxxxxxxxxxxxxxxxxxxxxxxxxxxxxxxxxxxxxxxxxxxxxxxxxxxxxxxxxxxxxxxxxxxxxxxxxxxxxxxxxxxxxxxxxxxxxxxxx/confirm,1
https://www.netflix.com/api,0
https://staging.slack.com/api,0
https://secure-paypal.top@stackoverflow.com/verify,1
https://update-twitter.tk/login,1
https://support-steam.pw/login,1
https://www.youtube.com/about,0
https://security-confirm-bank.xyz/login,1
https://click-here-now.ml/login,1
https://dev.slack.com/faq,0
https://dev.aws.amazon.com/home,0
https://verify-apple-id.gq/verify,1
https://amazn.com/verify/xxxxxxxxxxxxxxxxxxxxxxxxxxxxxxxxxxxxxxxxxxxxxxxxxxxxxxxxxxxxxxxxxxxxxxxxxxxxxxxxxxxxxxxxxxxxxxxxxxxxxxxxxxxxxxxxxxxxxxxxxxxxxxxxxxxxxxxxxxxxxxxxxxxxx/confirm,1
http://dev.github.com/login?id=51242,0
http://youtube.com/,0
https://github-verify.com/verify/xxxxxxxxxxxxxxxxxxxxxxxxxxxxxxxxxxxxxxxxxxxxxxxxxxxxxxxxxxxxxxxxxxxxxxxxxxxxxxxxxxxxxxxxxxxxxxxxxxxxxxxxxxxxxxxx/confirm,1
https://amazn.com/verify,1
https://gogle.com/verify,1
https://dev.medium.com/profile,0
https://api.amazon.com/account?id=45165,0
https://dev.netflix.com/pricing,0
https://linkedin.com/login,0
https://update-twitter.info/secure/signin/update/login,1
http://7.245.74.220/login,1
http://202.150.226.124/login,1
https://api.twilio.com/,0
https://verify-apple-id.gq/secure,1
https://facbook.com/verify,1
https://amaz0n.com/verify,1
http://33.55.227.145/login,1
http://staging.twilio.com/contact,0
https://validate-netflix.xyz/verify/xxxxxxxxxxxxxxxxxxxxxxxxxxxxxxxxxxxxxxxxxxxxxxxxxxxxxxxxxxxxxxxxxxxxxxxxxxxxxxxxxxxxxxxxxxxxxxxxxxxxxxxxxx/confirm,1
http://95.45.251.250/login,1
https://dev.slack.com/services,0
https://mail.stripe.com/contact,0
https://validate-netflix.ga/login,1
https://www.atlassian.com/help,0
https://staging.vercel.com/api,0
https://limited-time-offer.tk/update,1
https://verify-identity.cf/login/login/urgent-action/login,1
https://congratulations-winner.ml/urgent-action,1
https://www.asana.com/contact,0
https://update-twitter.info/verify/xxxxxxxxxxxxxxxxxxxxxxxxxxxxxxxxxxxxxxxxxxxxxxxxxxxxxxxxxxxxxxxxxxxxxxxxxxxxxxxxxxxxxxxxxxxxxxxxxxxxxxxxxxxxxxxxxxxxxxxxxxxxxxxxxxxxxxxxxxxxxxxxxxxxxx/confirm,1
http://10.246.28.201/login,1
https://dev.youtube.com/products,0
https://dev.netflix.com/profile?id=9289,0
https://mail.ibm.com/account,0
https://claim-reward-now.ga/confirm/claim-reward/account-recovery/login,1
https://dev.wikipedia.org/pricing,0
https://update-twitter.info/update/urgent-action/update-billing/login,1
https://staging.medium.com/dashboard?id=22513,0
https://gogle.com/verify,1
https://update-twitter.gq/login,1
https://mail.twilio.com/services?id=22211,0
https://dev.stackoverflow.com/dashboard?id=49602,0
https://mail.ibm.com/dashboard,0
https://www.reddit.com/faq,0
https://mail.twitter.com/help,0
https://www.medium.com/support,0
https://dev.azure.microsoft.com/dashboard?id=53585,0
https://click-here-now.top/login/verify-account/update/login,1
https://limited-time-offer.tk/verify,1
https://staging.stackoverflow.com/pricing,0
https://linkedin.com/help?id=71559,0
https://facbook.com/verify/xxxxxxxxxxxxxxxxxxxxxxxxxxxxxxxxxxxxxxxxxxxxxxxxxxxxxxxxxxxxxxxxxxxxxxxxxxxxxxxxxxxxxxxxxxxxxxxxxxxxxxxxxxxxxxxxxxxxxxxxxxxxxxxxxxxxxxxxxxxxxxxxxxxx/confirm,1
https://click-here-now.xyz/login,1
https://authenticate-apple.cf/update-billing/verify-payment/authenticate/login,1
https://mail.salesforce.com/login,0
https://authenticate-apple.cf/verify/confirm-identity/secure/login,1
https://verify-apple-id.gq/verify,1
https://verify-identity.cf@apple.com/verify,1
https://confirm-facebook.ga@aws.amazon.com/verify,1
https://amaz0n.xyz/login,1
https://claim-reward-now.ga/verify/xxxxxxxxxxxxxxxxxxxxxxxxxxxxxxxxxxxxxxxxxxxxxxxxxxxxxxxxxxxxxxxxxxxxxxxxxxxxxxxxxxxxxxxxxxxxxxxxxxxxxxxxxxxxxxxxxxxxxxxxxxxxxxxxxxxxxxxxxxxxxxxxxxxxxxxxxxxxxxxxx/confirm,1
http://203.118.239.189/login,1
https://wikipedia.org/login?id=98106,0
https://dev.aws.amazon.com/profile?id=66031,0
https://gogle.com/verify,1
https://dev.to/pricing?id=39832,0
https://secure-paypal.top/login,1
https://mail.azure.microsoft.com/services?id=53479,0
https://api.linkedin.com/settings?id=75172,0
https://www.ibm.com/pricing?id=53988,0
https://api.invision.com/products,0
https://verify-amazon.tk/update,1
https://api.sendgrid.com/account,0
https://verify-identity.cf/urgent-action/validate/secure/login,1
https://dev.amazon.com/contact,0
https://mail.apple.com/blog,0
https://heroku.com/about,0
https://www.ibm.com/home,0
https://mail.netlify.com/faq?id=98047,0
http://vercel.com/blog,0
https://staging.dev.to/docs,0
https://account-update-microsoft.ml/required-update/validate/account-recovery/login,1
https://limited-time-offer.tk/verify,1
https://www.salesforce.com/docs,0
https://login-google.ru/verify,1
https://gogle.com@vercel.com/verify,1
https://update-twitter.info/verify-account/update/authenticate/login,1
https://paypa1.com/verify,1
https://account-update-microsoft.ml/verify/xxxxxxxxxxxxxxxxxxxxxxxxxxxxxxxxxxxxxxxxxxxxxxxxxxxxxxxxxxxxxxxxxxxxxxxxxxxxxxxxxxxxxxxxxxxxxxxxxxxxxxxxxxxxxxxxxxxxxxxxxxxxxxxxxxxxxxxxxxxxxxxxxxxxxxxxxxxxxxxxxxxxxxxxxxxxxxxxxxxxxxxxxxxxxxxx/confirm,1
https://dev.asana.com/settings,0
https://api.microsoft.com/dashboard?id=40080,0
https://netflix-secure.com/required-update,1
https://facbook.tk/login,1
https://linkedin-login.com/confirm-identity/action/login/login,1
https://security-confirm-bank.top/login,1
https://verify-amazon.tk/verify,1
https://figma.com/docs,0
https://account-update-microsoft.ml/verify,1
https://twtter.com/authenticate/verify/action/login,1
https://account-update-microsoft.ml/verify,1
https://dev.asana.com/about,0
https://www.google.com/dashboard,0
https://login-google.ga/login,1
https://update-twitter.info/verify,1
https://api.stripe.com/faq,0
https://verify-identity.cf/verify-account,1
https://dev.invision.com/settings,0
https://confirm-facebook.ru/login,1
https://github.com/profile,0
https://mail.trello.com/products,0
https://mail.amazon.com/services?id=15544,0
http://167.113.237.10/login,1
https://verify-apple-id.gq/update,1
https://dev.amazon.com/pricing?id=81128,0
https://www.github.com/login,0
https://www.salesforce.com/support?id=96597,0
https://staging.medium.com/home,0
https://mail.adobe.com/products,0
https://staging.jira.com/dashboard,0
https://medium.com/faq?id=77888,0
http://105.214.171.16/login,1
https://jira.com/about,0
https://click-here-now.top/action,1
https://confirm-facebook.ga/update/urgent-action/verify/login,1
https://secure-paypal.top@microsoft.com/verify,1
https://stackoverflow-confirm.com@sendgrid.com/verify,1
https://wikipedia.org/,0
https://api.mailchimp.com/register,0
https://www.github.com/settings?id=22329,0
https://account-update-microsoft.ml/verify/xxxxxxxxxxxxxxxxxxxxxxxxxxxxxxxxxxxxxxxxxxxxxxxxxxxxxxxxxxxxxxxxxxxxxxxxxxxxxxxxxxxxxxxxxxxxxxxxxxxxxxxxxxxxxxxxxxxxxxxxxxxxxxxxxxxxxx/confirm,1
https://facbook.ml/login,1
https://secure-paypal.top/verify,1
https://dev.notion.so/services,0
https://stripe.com/login,0
https://api.sketch.com/products,0
https://staging.linkedin.com/home,0
http://153.191.121.204/login,1
https://linkedin.com/support,0
https://update-twitter.info/verify-payment,1
https://confirm-facebook.ga/verify,1
https://github-verify.com/secure,1
https://mail.adobe.com/api,0
https://verify-identity.cf/secure,1
https://dev.adobe.com/blog,0
https://secure-paypal.top/signin,1
https://stripe.com/support?id=10149,0
https://staging.vercel.com/products?id=11720,0
https://www.cloud.google.com/api,0
https://mail.slack.com/products?id=14734,0
https://www.slack.com/about,0
https://facbook.com/verify-account,1
https://update-twitter.info/update-billing,1
https://secure-paypal.ml/login,1
http://129.198.21.176/login,1
https://api.firebase.com/docs,0
https://mail.paypal.com/products,0
http://131.232.177.106/login,1
https://verify-apple-id.gq/login,1
https://staging.netlify.com/settings?id=20876,0
https://secure-paypal.top/verify,1
https://authenticate-apple.cf/verify/xxxxxxxxxxxxxxxxxxxxxxxxxxxxxxxxxxxxxxxxxxxxxxxxxxxxxxxxxxxxxxxxxxxxxxxxxxxxxxxxxxxxxxxxxxxxxxxxxxxxxxxxxxxxxxxxxxxxxxxxxxxxxxxxxxxxxxxxxxxxxxxxxxxx/confirm,1
https://account-update-microsoft.cf/login,1
https://mail.jira.com/home?id=13345,0
https://mail.invision.com/account,0
https://authenticate-apple.cf/claim-reward/update/login/login,1
http://121.229.158.143/login,1
https://mail.figma.com/faq,0
https://mail.paypal.com/contact?id=8459,0
https://dev.netflix.com/dashboard?id=41550,0
https://dev.stackoverflow.com/settings?id=92538,0
https://www.vercel.com/blog?id=56704,0
https://amazon.com/pricing,0
https://verify-amazon.tk/verify/xxxxxxxxxxxxxxxxxxxxxxxxxxxxxxxxxxxxxxxxxxxxxxxxxxxxxxxxxxxxxxxxxxxxxxxxxxxxxxxxxxxxxxxxxxxxxxxxxxxxxxxxxxxxxxxxxxxxxxxxxxxxxxxxxxxxxxxxxxxxxxxxxxxxxxxxxxxxxxxxxxxxxxxxxxxxxxxxxxxxxx/confirm,1
https://www.oracle.com/contact,0
https://www.cloud.google.com/settings,0
https://account-update-microsoft.gq/login,1
http://246.48.37.197/login,1
https://paypa1.com/verify,1
https://apple.com/pricing,0
https://security-confirm-bank.tk/verify/xxxxxxxxxxxxxxxxxxxxxxxxxxxxxxxxxxxxxxxxxxxxxxxxxxxxxxxxxxxxxxxxxxxxxxxxxxxxxxxxxxxxxxxxxxxxxxxxxxxxxxxxxxxxxx/confirm,1
https://trello.com/home,0
https://sendgrid.com/pricing?id=9960,0
https://aws.amazon.com/login,0
https://mail.azure.microsoft.com/faq,0
https://www.dev.to/account,0
https://stackoverflow-confirm.com/verify/xxxxxxxxxxxxxxxxxxxxxxxxxxxxxxxxxxxxxxxxxxxxxxxxxxxxxxxxxxxxxxxxxxxxxxxxxxxxxxxxxxxxxxxxxxxxxxxxxxxxxxxxxxxxxxxxxxxxxxxxxxxxxxxxxxxxxxxxxxxx/confirm,1
https://staging.salesforce.com/profile?id=55499,0
https://github-verify.com/verify,1
https://verify-identity.cf/verify,1
https://g00gle.com/verify,1
https://mail.asana.com/products,0
https://www.netlify.com/home?id=6932,0
https://amaz0n.com/action/secure/validate/login,1
https://salesforce.com/pricing?id=94409,0
https://claim-reward-now.ga/confirm-identity,1
https://wikipedia.org/faq,0
https://gogle.com/verify,1
http://43.12.3.242/login,1
https://www.vercel.com/help,0
https://mail.youtube.com/docs,0
https://amazon.com/help,0
https://api.heroku.com/services,0
https://staging.wikipedia.org/settings?id=98790,0
https://confirm-facebook.ga/validate,1
https://click-here-now.top/update-billing,1
http://mailchimp.com/?id=88308,0
https://twtter.cf/login,1
https://g00gle.com@cloud.google.com/verify,1
https://amaz0n.cf/login,1
https://paypa1.com/verify/xxxxxxxxxxxxxxxxxxxxxxxxxxxxxxxxxxxxxxxxxxxxxxxxxxxxxxxxxxxxxxxxxxxxxxxxxxxxxxxxxxxxxxxxxxxxxxxxxxxxxxxxxxxxxxxxxxxxxxxxxxxxxxxxxxxxxxxxxxxxxxxxxx/confirm,1
https://staging.twitter.com/services?id=6479,0
https://facebookl.com@dev.to/verify,1
https://apple.com/api,0
https://staging.firebase.com/docs?id=9856,0
https://www.apple.com/home,0
https://urgent-verify-account.ga@microsoft.com/verify,1
https://dev.mailchimp.com/profile,0
https://dev.to/support,0
https://mail.asana.com/home,0
https://api.facebook.com/about,0
http://www.slack.com/contact?id=2298,0
https://secure-paypal.top/verify/xxxxxxxxxxxxxxxxxxxxxxxxxxxxxxxxxxxxxxxxxxxxxxxxxxxxxxxxxxxxxxxxxxxxxxxxxxxxxxxxxxxxxxxxxxxxxxxxxxxxxxxxxxxxxxxxxxxxxxxxxxxxxxxxxxxxxxxxxxxxxxxxxxxxxxxxxxxxxxxxxxxxxxxxxxxxxxxxxxxxxxxxxxxxx/confirm,1
https://login-google.ru/verify/authenticate/verify-payment/login,1
https://dev.netlify.com/faq,0
https://authenticate-apple.cf/authenticate/authenticate/secure/login,1
https://confirm-facebook.ga/verify,1
https://validate-netflix.xyz/verify,1
https://limited-time-offer.tk/verify/xxxxxxxxxxxxxxxxxxxxxxxxxxxxxxxxxxxxxxxxxxxxxxxxxxxxxxxxxxxxxxxxxxxxxxxxxxxxxxxxxxxxxxxxxxxxxxxxxxxxxxxxxxxxxxxxxxxxxxxxxxxxxxxxxxxxxxxxxxxxxxxxxxxxxxxxxxxxxxxxxxxxxxxx/confirm,1
https://mail.mailchimp.com/services?id=61935,0
https://support-steam.pw@asana.com/verify,1
https://staging.netlify.com/home,0
https://validate-netflix.xyz/confirm,1
http://www.ibm.com/pricing,0
https://security-confirm-bank.tk/login,1
https://paypa1.com/verify,1
https://staging.vercel.com/blog?id=829,0
https://sketch.com/,0
https://netlify.com/services?id=41581,0
https://mail.medium.com/dashboard,0
https://github-verify.com/verify,1
https://update-twitter.info/secure/signin/security-check/login,1
https://security-confirm-bank.tk/verify,1
https://staging.trello.com/about,0
https://staging.google.com/home,0
https://facebookl.com/urgent-action/urgent-action/confirm-identity/login,1
https://staging.medium.com/support,0
https://verify-amazon.tk@paypal.com/verify,1
https://firebase.com/faq?id=22032,0
https://verify-apple-id.gq/verify/xxxxxxxxxxxxxxxxxxxxxxxxxxxxxxxxxxxxxxxxxxxxxxxxxxxxxxxxxxxxxxxxxxxxxxxxxxxxxxxxxxxxxxxxxxxxxxxxxxxxxxxxxxxxxxxxxxxxxxxxxxxxxxxxxxxxxxxxxxxxxxxxxxxxxxxxxxxxxxxxxxxxxxxxxxxxxxxxxxxxxxxxxxxxxxx/confirm,1
http://78.115.55.100/login,1
https://mail.asana.com/api,0
https://verify-amazon.ru/login,1
https://api.reddit.com/,0
https://g00gle.com/confirm-identity,1
https://api.heroku.com/dashboard,0
https://mail.microsoft.com/services,0
https://www.salesforce.com/dashboard?id=31772,0
https://facbook.com/verify,1
http://204.252.166.12/login,1
http://mail.twilio.com/support?id=5209,0
https://dev.twitter.com/settings,0
https://www.apple.com/faq,0
https://paypa1.com/verify/xxxxxxxxxxxxxxxxxxxxxxxxxxxxxxxxxxxxxxxxxxxxxxxxxxxxxxxxxxxxxxxxxxxxxxxxxxxxxxxxxxxxxxxxxxxxxxxxxxxxxxxxxxxxxxxxxxxxxxxxxxxxxxxxxxxxxxxxxxxxxxxxxxxxxxxxxxxxxxxxxxxxxxxxxxxxx/confirm,1
https://congratulations-winner.ml/login/update-billing/login/login,1
https://claim-reward-now.ml/login,1
https://staging.azure.microsoft.com/,0
https://mail.asana.com/services?id=24320,0
https://amazon.com/profile,0
https://verify-amazon.tk/validate/confirm-identity/update/login,1
https://mail.mailchimp.com/faq,0
https://click-here-now.cf/login,1
https://dev.twilio.com/profile,0
https://amazn.tk/login,1
https://verify-amazon.tk/verify/xxxxxxxxxxxxxxxxxxxxxxxxxxxxxxxxxxxxxxxxxxxxxxxxxxxxxxxxxxxxxxxxxxxxxxxxxxxxxxxxxxxxxxxxxxxxxxxxxxxxxxxxxxxxxxxxxxxxxxxxxxxxxxxxxxxxxxxxxxxxxxxxxxxxxxxx/confirm,1
https://stackoverflow-confirm.com/verify/xxxxxxxxxxxxxxxxxxxxxxxxxxxxxxxxxxxxxxxxxxxxxxxxxxxxxxxxxxxxxxxxxxxxxxxxxxxxxxxxxxxxxxxxxxxxxxxxxxxxxxxxxxxxxxxxxxxxxxxxxxxxxxxxxxxxxx/confirm,1
https://linkedin.com/register?id=76611,0
https://authenticate-apple.cf@github.com/verify,1
https://api.sketch.com/dashboard,0
https://confirm-facebook.ga@firebase.com/verify,1
https://amaz0n.com/verify/xxxxxxxxxxxxxxxxxxxxxxxxxxxxxxxxxxxxxxxxxxxxxxxxxxxxxxxxxxxxxxxxxxxxxxxxxxxxxxxxxxxxxxxxxxxxxxxxxxxxxxxxxxxxxxxxxxxxxxxxxxxxxxxxxxxxxxxxxxxxxx/confirm,1
http://6.40.201.205/login,1
https://g00gle.com/update-billing/update/required-update/login,1
https://dev.atlassian.com/about,0
https://staging.paypal.com/register,0
https://dev.twitter.com/about,0
https://claim-reward-now.ga/verify-account,1
https://dev.slack.com/help,0
https://claim-reward-now.ga/login,1
https://dev.aws.amazon.com/help,0
https://limited-time-offer.tk@mailchimp.com/verify,1
https://mail.sendgrid.com/support,0
https://amazn.com/verify,1
https://dev.twitter.com/login,0
https://dev.stripe.com/pricing?id=31271,0
https://dev.google.com/home?id=20828,0
https://github-verify.cf/login,1
http://staging.ibm.com/services?id=26805,0
https://invision.com/products,0
http://97.159.27.227/login,1
https://claim-reward-now.ml/login,1
https://g00gle.com@sendgrid.com/verify,1
https://amaz0n.com@cloud.google.com/verify,1
https://amaz0n.com@ibm.com/verify,1
http://63.53.233.121/login,1
http://167.144.177.197/login,1
https://staging.cloud.google.com/help,0
https://api.salesforce.com/faq,0
https://dev.aws.amazon.com/contact,0
https://claim-reward-now.ml/login,1
https://security-confirm-bank.tk/urgent-action/verify-account/update-billing/login,1
https://staging.ibm.com/products,0
http://invision.com/login?id=18825,0
https://www.github.com/services?id=10240,0
https://amazon.com/contact,0
https://paypa1.com@azure.microsoft.com/verify,1
https://validate-netflix.xyz/verify-account/update/signin/login,1
https://figma.com/contact,0
https://dev.apple.com/about,0
https://www.jira.com/account,0
https://claim-reward-now.ga@netlify.com/verify,1
https://dev.netlify.com/,0
http://103.117.208.190/login,1
https://linkedin-login.com/verify,1
https://mail.stripe.com/login,0
https://facebookl.com/verify,1
http://www.asana.com/contact?id=14219,0
https://twtter.ga/login,1
https://account-update-microsoft.ml/verify/xxxxxxxxxxxxxxxxxxxxxxxxxxxxxxxxxxxxxxxxxxxxxxxxxxxxxxxxxxxxxxxxxxxxxxxxxxxxxxxxxxxxxxxxxxxxxxxxxxxxxxxxxxxxxxxxxxxxxxxxxxxxxxxxxxxxxxxxxxxxxxxxxxxxxxxxxxxxxxxxxxxxxxxxxxxxxxxxxxxxx/confirm,1
https://dev.figma.com/home?id=2851,0
https://dev.twitter.com/help?id=54664,0
https://gogle.com@medium.com/verify,1
https://www.vercel.com/dashboard?id=25355,0
https://authenticate-apple.cf/verify/confirm-identity/urgent-action/login,1
https://dev.apple.com/api?id=31056,0
https://www.linkedin.com/pricing,0
https://g00gle.com/claim-reward,1
https://login-google.ru@twitter.com/verify,1
https://confirm-facebook.ga/verify/xxxxxxxxxxxxxxxxxxxxxxxxxxxxxxxxxxxxxxxxxxxxxxxxxxxxxxxxxxxxxxxxxxxxxxxxxxxxxxxxxxxxxxxxxxxxxxxxxxxxxxxxxxxxxxxxxxxxxxxxx/confirm,1
https://claim-reward-now.ga/required-update/validate/confirm/login,1
https://click-here-now.top@twilio.com/verify,1
https://update-twitter.cf/login,1
https://confirm-facebook.ga@heroku.com/verify,1
https://login-google.ru/verify,1
http://www.aws.amazon.com/contact,0
http://stripe.com/contact?id=72135,0
https://api.invision.com/login,0
http://api.slack.com/api?id=15944,0
http://dev.reddit.com/login,0
https://staging.google.com/contact,0
https://claim-reward-now.ga@netflix.com/verify,1
https://dev.paypal.com/dashboard,0
https://limited-time-offer.ru/login,1
http://73.10.104.12/login,1
https://stackoverflow-confirm.com/claim-reward,1
https://account-update-microsoft.ml/urgent-action/verify/verify-account/login,1
https://support-steam.pw/verify-payment,1
http://199.1.255.103/login,1
https://dev.medium.com/account?id=13033,0
https://api.mailchimp.com/about,0
http://www.netflix.com/faq,0
https://www.aws.amazon.com/support,0
https://dev.figma.com/help?id=80196,0
https://www.atlassian.com/pricing,0
https://www.oracle.com/help,0
https://authenticate-apple.cf/update,1
https://atlassian.com/services?id=68348,0
https://www.sendgrid.com/docs,0
https://confirm-facebook.top/login,1
https://claim-reward-now.ga/claim-reward/update/validate/login,1
https://mail.cloud.google.com/support,0
https://linkedin-login.com/validate/confirm-identity/urgent-action/login,1
https://dev.github.com/contact?id=53034,0
https://api.twitter.com/help?id=50810,0
https://staging.atlassian.com/docs,0
https://amaz0n.com@sketch.com/verify,1
https://amaz0n.com@linkedin.com/verify,1
http://207.188.9.247/login,1
https://dev.trello.com/login,0
https://stackoverflow-confirm.com@netflix.com/verify,1
https://mail.apple.com/login,0
https://staging.heroku.com/profile?id=94881,0
https://staging.paypal.com/blog,0
https://google.com/products?id=11449,0
https://validate-netflix.xyz/verify/xxxxxxxxxxxxxxxxxxxxxxxxxxxxxxxxxxxxxxxxxxxxxxxxxxxxxxxxxxxxxxxxxxxxxxxxxxxxxxxxxxxxxxxxxxxxxxxxxxxxxxxxxxxxxxxxxxxxxx/confirm,1
https://dev.sketch.com/services?id=1763,0
https://verify-apple-id.gq@aws.amazon.com/verify,1
http://93.13.5.204/login,1
https://validate-netflix.xyz/verify,1
https://twtter.com/verify,1
https://facbook.com@medium.com/verify,1
https://dev.netlify.com/login,0
https://staging.apple.com/home,0
https://twtter.com/verify,1
https://paypa1.com/required-update/claim-reward/account-recovery/login,1
https://www.cloud.google.com/api,0
https://update-twitter.xyz/login,1
https://dev.oracle.com/faq?id=56460,0
https://mail.oracle.com/faq?id=70698,0
https://mail.sendgrid.com/docs?id=62238,0
https://api.paypal.com/support?id=10019,0
https://claim-reward-now.ga@microsoft.com/verify,1
https://staging.netlify.com/home,0
https://dev.wikipedia.org/about,0
https://authenticate-apple.cf/verify,1
https://www.vercel.com/help,0
https://dev.notion.so/products,0
https://api.vercel.com/support,0
https://dev.amazon.com/support,0
https://www.invision.com/faq,0
https://twtter.com/verify,1
https://staging.jira.com/account,0
https://twtter.com/verify/xxxxxxxxxxxxxxxxxxxxxxxxxxxxxxxxxxxxxxxxxxxxxxxxxxxxxxxxxxxxxxxxxxxxxxxxxxxxxxxxxxxxxxxxxxxxxxxxxxxxxxxxxxxxxxxxxxxxxxxxxxxxxxxxxxxxxxxxxxxxxxxxxxxxxxxxxxxxxxxxxxxxxx/confirm,1
https://urgent-verify-account.ga/verify/xxxxxxxxxxxxxxxxxxxxxxxxxxxxxxxxxxxxxxxxxxxxxxxxxxxxxxxxxxxxxxxxxxxxxxxxxxxxxxxxxxxxxxxxxxxxxxxxxxxxxxxxxxxxxxxxxxxxxxxxxxxxxxxxxxxxxxxxxxxxxxxxxxxxxxxxxxxxxxxxxxxxxxxxxxxxxxxxxxxxxxxxxxxxxxxxxxxxxx/confirm,1
https://urgent-verify-account.ga/verify,1
https://paypa1.com/signin/confirm-identity/account-recovery/login,1
https://github-verify.com/action/secure/confirm-identity/login,1
https://mail.aws.amazon.com/dashboard,0
https://dev.trello.com/docs,0
https://staging.invision.com/dashboard,0
http://49.175.114.104/login,1
https://paypa1.xyz/login,1
https://dev.notion.so/profile,0
https://facebook.com/about,0
https://urgent-verify-account.ga/verify/xxxxxxxxxxxxxxxxxxxxxxxxxxxxxxxxxxxxxxxxxxxxxxxxxxxxxxxxxxxxxxxxxxxxxxxxxxxxxxxxxxxxxxxxxxxxxxxxxxxxxxxxxxxxxxxxxxxxxxxxxxxxxxxxxxxxxxxxxxxxxxxxxxxxxxxxxxxxxxxxxxxxxxxxxxxxxxxxxxxxxxxxxxxxxxxxxxxxxxxx/confirm,1
https://www.heroku.com/support,0
https://claim-reward-now.ga/verify,1
https://gogle.top/login,1
https://dev.stripe.com/support,0
https://verify-identity.ru/login,1
https://netflix-secure.ru/login,1
https://api.aws.amazon.com/docs,0
https://gogle.com/verify,1
https://gogle.com/verify,1
https://api.netlify.com/support?id=36856,0
https://update-twitter.info/verify/xxxxxxxxxxxxxxxxxxxxxxxxxxxxxxxxxxxxxxxxxxxxxxxxxxxxxxxxxxxxxxxxxxxxxxxxxxxxxxxxxxxxxxxxxxxxxxxxxxxxxxxxxxxxxxxxxxxxxxxxxxxxxxxxxxxxxxxxxxxxxxxxxxxxxxxxxxxxxxx/confirm,1
https://secure-paypal.top@amazon.com/verify,1
http://mail.aws.amazon.com/api,0
https://claim-reward-now.ga/login,1
https://login-google.ru@microsoft.com/verify,1
http://41.91.165.37/login,1
https://netflix-secure.com/verify/xxxxxxxxxxxxxxxxxxxxxxxxxxxxxxxxxxxxxxxxxxxxxxxxxxxxxxxxxxxxxxxxxxxxxxxxxxxxxxxxxxxxxxxxxxxxxxxxxxxxxxxxxxxxxxxxxxxxxxxxxxxxxxxxxxxxxxxxxxxxxxxxxxxxxxxxxx/confirm,1
https://api.jira.com/faq,0
https://linkedin-login.com/verify/xxxxxxxxxxxxxxxxxxxxxxxxxxxxxxxxxxxxxxxxxxxxxxxxxxxxxxxxxxxxxxxxxxxxxxxxxxxxxxxxxxxxxxxxxxxxxxxxxxxxxxxxxxxxxxxxxxxxxxxxxxxx/confirm,1
https://congratulations-winner.ml/urgent-action,1
https://sketch.com/register,0
https://verify-amazon.tk/verify,1
https://security-confirm-bank.tk@firebase.com/verify,1
https://mail.linkedin.com/contact?id=98117,0
https://mail.atlassian.com/services,0
https://facbook.tk/login,1
https://firebase.com/products,0
https://verify-apple-id.gq/urgent-action/verify-payment/authenticate/login,1
https://staging.heroku.com/pricing,0
https://dev.adobe.com/contact,0
http://127.44.86.29/login,1
https://dev.facebook.com/register,0
https://authenticate-apple.cf/signin,1
https://linkedin-login.com/verify/xxxxxxxxxxxxxxxxxxxxxxxxxxxxxxxxxxxxxxxxxxxxxxxxxxxxxxxxxxxxxxxxxxxxxxxxxxxxxxxxxxxxxxxxxxxxxxxxxxxxxxxxxxxxxx/confirm,1
https://update-twitter.info@invision.com/verify,1
http://131.66.91.45/login,1
https://slack.com/profile,0
https://www.netflix.com/?id=43244,0
https://mail.apple.com/dashboard,0
https://facebookl.com/validate/confirm-identity/security-check/login,1
https://login-google.ru/update/validate/urgent-action/login,1
https://staging.ibm.com/dashboard,0
https://mail.oracle.com/settings,0
http://www.adobe.com/home?id=96016,0
https://login-google.ru/verify-payment,1
https://security-confirm-bank.tk/verify-account,1
https://verify-identity.cf/secure/verify-payment/verify/login,1
https://www.stripe.com/services,0
https://api.youtube.com/login?id=74155,0
http://38.239.35.79/login,1
https://www.salesforce.com/profile,0
https://gogle.com/validate/confirm/secure/login,1
https://amaz0n.com@twilio.com/verify,1
http://dev.stackoverflow.com/home,0
https://paypa1.com/account-recovery,1
https://staging.apple.com/account,0
https://amazn.com/required-update,1
https://www.oracle.com/login?id=93414,0
https://secure-paypal.top@twitter.com/verify,1
https://vercel.com/login,0
https://www.atlassian.com/home,0
https://staging.amazon.com/help?id=64493,0
https://api.heroku.com/contact,0
https://security-confirm-bank.xyz/login,1
https://stackoverflow-confirm.com@jira.com/verify,1
https://paypa1.ml/login,1
https://staging.stripe.com/pricing,0
https://api.twitter.com/support?id=70371,0
https://staging.medium.com/profile,0
https://update-twitter.info/verify,1
https://www.google.com/login,0
https://netflix-secure.com/verify/xxxxxxxxxxxxxxxxxxxxxxxxxxxxxxxxxxxxxxxxxxxxxxxxxxxxxxxxxxxxxxxxxxxxxxxxxxxxxxxxxxxxxxxxxxxxxxxxxxxxxxxxxxxxxxxxxxxxxxxxxxxxxxxxxxxxxxxxxxxxxxxxxxxxxxxxxxxxxxxxxxxxxxxxxxxxxxxxxxxxxxxxxxxxx/confirm,1
https://www.apple.com/docs?id=59300,0
https://dev.oracle.com/register,0
https://figma.com/about,0
https://gogle.com/login/validate/security-check/login,1
https://api.vercel.com/profile,0
https://api.figma.com/support,0
https://verify-identity.tk/login,1
http://34.38.142.242/login,1
https://facebookl.com/validate/confirm-identity/action/login,1
https://stackoverflow-confirm.com/verify,1
https://confirm-facebook.ga/verify,1
https://twtter.com/verify/xxxxxxxxxxxxxxxxxxxxxxxxxxxxxxxxxxxxxxxxxxxxxxxxxxxxxxxxxxxxxxxxxxxxxxxxxxxxxxxxxxxxxxxxxxxxxxxxxxxxxxxxxxxxxxxxxxxxxxxxxxxxxxxxxxxxxxxxxxxxxxxxxxxxxxxxxxxxxxxxxxxxxx/confirm,1
https://mail.cloud.google.com/support?id=34187,0
https://staging.stripe.com/docs,0
https://netlify.com/services,0
https://authenticate-apple.cf/verify,1
https://login-google.gq/login,1
https://github-verify.com/verify/xxxxxxxxxxxxxxxxxxxxxxxxxxxxxxxxxxxxxxxxxxxxxxxxxxxxxxxxxxxxxxxxxxxxxxxxxxxxxxxxxxxxxxxxxxxxxxxxxxxxxxxxxxxxxxxxxxxxxxxxxxxxxxxxxxxxxxxxxx/confirm,1
https://click-here-now.ml/login,1
https://dev.twitter.com/settings,0
https://staging.apple.com/profile,0
https://click-here-now.top@firebase.com/verify,1
https://dev.stackoverflow.com/profile,0
https://mail.adobe.com/api,0
http://212.175.50.1/login,1
http://18.42.5.28/login,1
https://asana.com/register?id=83398,0
http://dev.notion.so/login,0
https://api.stackoverflow.com/dashboard,0
https://dev.facebook.com/help?id=81721,0
https://www.stripe.com/about?id=43311,0
https://api.notion.so/about?id=95720,0
https://dev.dev.to/home,0
https://g00gle.com/verify/xxxxxxxxxxxxxxxxxxxxxxxxxxxxxxxxxxxxxxxxxxxxxxxxxxxxxxxxxxxxxxxxxxxxxxxxxxxxxxxxxxxxxxxxxxxxxxxxxxxxxxxxxxxxxxxxxxxxxxxxxxxxxxxxxxxxxxx/confirm,1
https://dev.medium.com/blog,0
https://www.amazon.com/help,0
https://dev.aws.amazon.com/account,0
https://api.stripe.com/blog,0
https://g00gle.com/verify,1
https://claim-reward-now.ga/action/confirm/verify/login,1
https://staging.microsoft.com/home,0
https://secure-paypal.top/verify,1
https://claim-reward-now.ga/verify,1
https://github-verify.com/update/verify-payment/verify-payment/login,1
https://mail.ibm.com/home,0
https://secure-paypal.top@invision.com/verify,1
https://www.stripe.com/login,0
https://netflix-secure.com/action/validate/security-check/login,1
https://gogle.com/verify,1
https://www.adobe.com/contact,0
https://account-update-microsoft.ml/verify/action/authenticate/login,1
http://api.paypal.com/blog,0
https://aws.amazon.com/,0
https://account-update-microsoft.ml/verify,1
https://congratulations-winner.gq/login,1
https://www.reddit.com/profile,0
https://mail.trello.com/about?id=68498,0
http://mail.dev.to/account,0
https://twitter.com/help?id=64667,0
https://dev.stackoverflow.com/contact,0
https://congratulations-winner.ml/action/verify-payment/security-check/login,1
https://update-twitter.info@netlify.com/verify,1
https://stripe.com/home,0
https://twtter.com/account-recovery,1
https://staging.paypal.com/account?id=47809,0
https://authenticate-apple.cf/verify/xxxxxxxxxxxxxxxxxxxxxxxxxxxxxxxxxxxxxxxxxxxxxxxxxxxxxxxxxxxxxxxxxxxxxxxxxxxxxxxxxxxxxxxxxxxxxxxxxxxxxxxxxxxxxxxxxxxxxxxxxxxxxxxxxxxxxxxxxxxxxxxxxxxxxxxxxxxxxxxxxxxxxxxxxxxxxxxxxxxxxxxxxxxxxxxxxxxxxx/confirm,1
https://netflix-secure.cf/login,1
https://dev.stripe.com/support,0
https://adobe.com/register,0
https://authenticate-apple.cf/update-billing,1
http://112.226.143.28/login,1
https://secure-paypal.top@facebook.com/verify,1
https://account-update-microsoft.ml/action,1
https://validate-netflix.xyz/authenticate/account-recovery/verify-payment/login,1
https://amaz0n.com/verify,1
https://validate-netflix.xyz@atlassian.com/verify,1
http://84.10.3.41/login,1
https://login-google.ru/verify,1
https://limited-time-offer.ml/login,1
https://twitter.com/blog,0
http://staging.mailchimp.com/docs,0
https://www.reddit.com/faq,0
https://github-verify.ml/login,1
https://api.notion.so/about?id=15459,0
https://mail.google.com/home,0
https://congratulations-winner.ga/login,1
https://authenticate-apple.cf@atlassian.com/verify,1
http://dev.dev.to/help,0
https://staging.invision.com/support,0
https://dev.salesforce.com/pricing,0
https://gogle.com/verify/verify-account/verify/login,1
https://verify-amazon.tk/action,1
https://gogle.com/verify/xxxxxxxxxxxxxxxxxxxxxxxxxxxxxxxxxxxxxxxxxxxxxxxxxxxxxxxxxxxxxxxxxxxxxxxxxxxxxxxxxxxxxxxxxxxxxxxxxxxxxxxxxxxxxxxxxxxxxxxx/confirm,1
https://facebookl.com/verify/xxxxxxxxxxxxxxxxxxxxxxxxxxxxxxxxxxxxxxxxxxxxxxxxxxxxxxxxxxxxxxxxxxxxxxxxxxxxxxxxxxxxxxxxxxxxxxxxxxxxxxxxxxxxxxxx/confirm,1
http://www.linkedin.com/,0
https://sendgrid.com/support,0
https://netflix-secure.gq/login,1
https://mail.trello.com/products,0
https://verify-amazon.tk/urgent-action,1
https://account-update-microsoft.ml/verify,1
https://mail.trello.com/profile?id=34301,0
https://gogle.top/login,1
https://twtter.com/verify/xxxxxxxxxxxxxxxxxxxxxxxxxxxxxxxxxxxxxxxxxxxxxxxxxxxxxxxxxxxxxxxxxxxxxxxxxxxxxxxxxxxxxxxxxxxxxxxxxxxxxxxxxxxxxxxxxxxxxxxxxxxxxxxxxxxxxxxxxxxxxxxxxxxxxxxxxxxxxxxxxxx/confirm,1
https://api.linkedin.com/profile,0
https://support-steam.pw/verify/xxxxxxxxxxxxxxxxxxxxxxxxxxxxxxxxxxxxxxxxxxxxxxxxxxxxxxxxxxxxxxxxxxxxxxxxxxxxxxxxxxxxxxxxxxxxxxxxxxxxxxxxxxxxxxxxxxxxxxxxxxxxxxxxxxxxxxxxxxxxxxxxxxxxxxxxxxxxxxxxxxxxxxxxxxxxxxx/confirm,1
https://netflix.com/?id=5348,0
https://dev.sketch.com/contact?id=29599,0
https://limited-time-offer.tk/verify,1
https://netflix-secure.com@firebase.com/verify,1
https://heroku.com/docs,0
https://verify-identity.cf/security-check/verify-payment/validate/login,1
https://facbook.com/confirm-identity/claim-reward/urgent-action/login,1
https://staging.netflix.com/faq,0
https://staging.trello.com/profile,0
https://mail.salesforce.com/products?id=14062,0
https://dev.sketch.com/home?id=31058,0
https://github-verify.xyz/login,1
https://trello.com/settings,0
https://github-verify.com@sendgrid.com/verify,1
http://www.cloud.google.com/help,0
https://api.firebase.com/home?id=22995,0
https://validate-netflix.xyz/verify/xxxxxxxxxxxxxxxxxxxxxxxxxxxxxxxxxxxxxxxxxxxxxxxxxxxxxxxxxxxxxxxxxxxxxxxxxxxxxxxxxxxxxxxxxxxxxxxxxxxxxxxxxxxxxxxxxxxxxxxxxxxxxxxxxxxxxxxxxxx/confirm,1
https://api.atlassian.com/settings?id=53643,0
https://staging.atlassian.com/services,0
https://staging.netlify.com/account,0
https://dev.apple.com/contact?id=4869,0
https://account-update-microsoft.ml/verify/xxxxxxxxxxxxxxxxxxxxxxxxxxxxxxxxxxxxxxxxxxxxxxxxxxxxxxxxxxxxxxxxxxxxxxxxxxxxxxxxxxxxxxxxxxxxxxxxxxxxxxxxxxxxxxxxxxxxxxxxxxxxxxxxxxxxxxxxxxxx/confirm,1
https://authenticate-apple.cf/secure/update/verify-payment/login,1
https://mail.google.com/account,0
https://claim-reward-now.ga/verify,1
http://salesforce.com/faq?id=93170,0
https://claim-reward-now.ga/verify/xxxxxxxxxxxxxxxxxxxxxxxxxxxxxxxxxxxxxxxxxxxxxxxxxxxxxxxxxxxxxxxxxxxxxxxxxxxxxxxxxxxxxxxxxxxxxxxxxxxxxxxxxxxx/confirm,1
https://ibm.com/products,0
https://aws.amazon.com/dashboard,0
http://79.180.190.239/login,1
https://netflix-secure.com/verify,1
https://login-google.ru@jira.com/verify,1
https://www.youtube.com/dashboard,0
https://update-twitter.info/verify,1
https://secure-paypal.xyz/login,1
https://staging.microsoft.com/contact?id=28513,0
https://api.twitter.com/blog,0
https://api.reddit.com/docs,0
https://www.stackoverflow.com/products?id=95253,0
https://authenticate-apple.cf/verify/xxxxxxxxxxxxxxxxxxxxxxxxxxxxxxxxxxxxxxxxxxxxxxxxxxxxxxxxxxxxxxxxxxxxxxxxxxxxxxxxxxxxxxxxxxxxxxxxxxxxxxxxxxxxxxxxxxxxxxxxxxxxxxxxxxxxxxxxxxxxxxxxxxxxxxxxxxxxxxxxxxxxxxxxxx/confirm,1
http://192.113.113.116/login,1
https://mail.figma.com/settings?id=26892,0
https://support-steam.pw/verify/xxxxxxxxxxxxxxxxxxxxxxxxxxxxxxxxxxxxxxxxxxxxxxxxxxxxxxxxxxxxxxxxxxxxxxxxxxxxxxxxxxxxxxxxxxxxxxxxxxxxxxxxxxxxxxxxxxxxxxxxxxxxxxxxxxxxxxxxxxxxxxxxxxxxxxxxxxxxxxx/confirm,1
https://dev.to/support,0
https://staging.jira.com/pricing,0
https://vercel.com/pricing,0
https://www.aws.amazon.com/api?id=21876,0
https://jira.com/settings,0
https://linkedin-login.com/verify/xxxxxxxxxxxxxxxxxxxxxxxxxxxxxxxxxxxxxxxxxxxxxxxxxxxxxxxxxxxxxxxxxxxxxxxxxxxxxxxxxxxxxxxxxxxxxxxxxxxxxxxx/confirm,1
https://www.slack.com/faq?id=28142,0
https://www.dev.to/dashboard,0
https://staging.invision.com/about,0
http://api.trello.com/api,0
https://staging.slack.com/,0
https://secure-paypal.gq/login,1
https://verify-amazon.ru/login,1
https://dev.cloud.google.com/docs,0
https://mail.wikipedia.org/pricing,0
https://slack.com/pricing,0
https://www.twilio.com/profile,0
https://verify-identity.cf/verify,1
https://mail.medium.com/dashboard,0
https://click-here-now.ru/login,1
https://linkedin-login.com/verify/xxxxxxxxxxxxxxxxxxxxxxxxxxxxxxxxxxxxxxxxxxxxxxxxxxxxxxxxxxxxxxxxxxxxxxxxxxxxxxxxxxxxxxxxxxxxxxxxxxxxxxxxxxxxxxxxxxxxxxxxxxxxxxxxxxxxxxxxxxxxxxxxxxxxxxxxxxxxxxxxxxx/confirm,1
http://10.185.63.84/login,1
https://linkedin.com/faq,0
https://amaz0n.com/verify/xxxxxxxxxxxxxxxxxxxxxxxxxxxxxxxxxxxxxxxxxxxxxxxxxxxxxxxxxxxxxxxxxxxxxxxxxxxxxxxxxxxxxxxxxxxxxxxxxxxxxxxxxxxxxxxxxxxxxxxxxxxxxxxxxxxxxxxxxxxxxxxxxx/confirm,1
https://www.facebook.com/api,0
https://netflix-secure.com/verify/xxxxxxxxxxxxxxxxxxxxxxxxxxxxxxxxxxxxxxxxxxxxxxxxxxxxxxxxxxxxxxxxxxxxxxxxxxxxxxxxxxxxxxxxxxxxxxxxxxxxxxxxxxxxxxxxxxxxxxxxxxxxxxxxxxxxxxxx/confirm,1
https://github-verify.com/confirm,1
https://paypa1.ml/login,1
https://click-here-now.tk/login,1
https://validate-netflix.xyz/verify,1
https://login-google.ru/urgent-action,1
https://api.invision.com/profile,0
https://click-here-now.top/verify,1
http://31.188.52.135/login,1
https://trello.com/blog,0
https://adobe.com/register,0
http://84.195.187.17/login,1
https://staging.asana.com/home,0
https://twtter.ga/login,1
https://congratulations-winner.ml/verify/xxxxxxxxxxxxxxxxxxxxxxxxxxxxxxxxxxxxxxxxxxxxxxxxxxxxxxxxxxxxxxxxxxxxxxxxxxxxxxxxxxxxxxxxxxxxxxxxxxxxxxxxxxxxxxxxxxxxxxxxxxxxxxx/confirm,1
https://verify-identity.cf/verify/xxxxxxxxxxxxxxxxxxxxxxxxxxxxxxxxxxxxxxxxxxxxxxxxxxxxxxxxxxxxxxxxxxxxxxxxxxxxxxxxxxxxxxxxxxxxxxxxxxxxxxxxxxxxxxxxxxxxxxxxxxxxxxxxxxxxxxxxxxxxxxxxxxxxxxxxxxxxxxxxxxxxxxxxxxxxxxxxxxxxxxxxxxxxxxxxxxx/confirm,1
http://dev.amazon.com/login,0
https://mail.mailchimp.com/products,0
https://staging.facebook.com/pricing,0
https://gogle.com@cloud.google.com/verify,1
https://netflix.com/api,0
https://verify-apple-id.gq/verify,1
https://mail.asana.com/products,0
https://account-update-microsoft.ml/verify,1
https://amazn.com/verify,1
http://stripe.com/products,0
https://staging.sendgrid.com/blog,0
https://g00gle.com/verify/xxxxxxxxxxxxxxxxxxxxxxxxxxxxxxxxxxxxxxxxxxxxxxxxxxxxxxxxxxxxxxxxxxxxxxxxxxxxxxxxxxxxxxxxxxxxxxxxxxxxxxxxxxxxxxxxxxxxxxxxxxxxxxxxxxxxxxxxxxxxxxxxxxxxxxxxxxxxxxx/confirm,1
https://facbook.com/update,1
https://urgent-verify-account.ru/login,1
https://click-here-now.top/verify,1
https://g00gle.com/signin/claim-reward/validate/login,1
https://support-steam.pw/login/secure/validate/login,1
https://api.github.com/about,0
https://verify-amazon.tk/verify,1
https://click-here-now.cf/login,1
https://www.oracle.com/docs,0
https://youtube.com/account,0
https://staging.trello.com/settings?id=20054,0
https://www.linkedin.com/settings,0
https://stackoverflow-confirm.com/verify-account/validate/secure/login,1
https://verify-amazon.tk/login,1
https://www.sketch.com/profile?id=73140,0
https://dev.azure.microsoft.com/home?id=9061,0
http://67.51.89.131/login,1
http://reddit.com/account,0
https://api.wikipedia.org/profile,0
https://dev.linkedin.com/profile,0
https://www.trello.com/,0
https://support-steam.pw/verify/xxxxxxxxxxxxxxxxxxxxxxxxxxxxxxxxxxxxxxxxxxxxxxxxxxxxxxxxxxxxxxxxxxxxxxxxxxxxxxxxxxxxxxxxxxxxxxxxxxxxxxxxxxxxxxxxxxxxxxxxxxxxxxx/confirm,1
https://api.linkedin.com/pricing,0
http://69.35.200.217/login,1
https://support-steam.pw/urgent-action,1
https://facbook.com/update-billing/login/login/login,1
https://staging.figma.com/about,0
https://mail.adobe.com/docs?id=53089,0
https://login-google.ru/login/verify/required-update/login,1
https://linkedin-login.com/verify/xxxxxxxxxxxxxxxxxxxxxxxxxxxxxxxxxxxxxxxxxxxxxxxxxxxxxxxxxxxxxxxxxxxxxxxxxxxxxxxxxxxxxxxxxxxxxxxxxxxxxxxxxxxxxxxxxxxxxxxxxxxxxxxxxxxxxxxxxxxxxxxxxxxxxxxxxx/confirm,1
http://mail.atlassian.com/support?id=91179,0
https://update-twitter.info/verify,1
https://sketch.com/settings,0
https://authenticate-apple.cf/update,1
https://paypa1.com/verify/xxxxxxxxxxxxxxxxxxxxxxxxxxxxxxxxxxxxxxxxxxxxxxxxxxxxxxxxxxxxxxxxxxxxxxxxxxxxxxxxxxxxxxxxxxxxxxxxxxxxxxxxxxxxxxxxxxxxxxxxxxx/confirm,1
https://confirm-facebook.ga/claim-reward/claim-reward/verify-account/login,1
http://16.5.161.5/login,1
https://staging.twilio.com/register,0
https://confirm-facebook.ga/verify,1
https://invision.com/about,0
https://staging.netlify.com/about,0
https://www.vercel.com/contact,0
https://security-confirm-bank.tk/confirm-identity/account-recovery/secure/login,1
https://api.heroku.com/blog?id=30528,0
https://www.youtube.com/profile,0
https://slack.com/products?id=97819,0
http://151.147.76.161/login,1
https://login-google.cf/login,1
https://g00gle.com/login/action/action/login,1
https://amaz0n.com@slack.com/verify,1
http://91.54.192.125/login,1
https://verify-apple-id.gq/account-recovery,1
https://netflix-secure.ml/login,1
https://congratulations-winner.ml/update-billing,1
https://mail.figma.com/,0
https://dev.netflix.com/pricing?id=47468,0
http://114.163.31.51/login,1
https://facbook.gq/login,1
https://api.google.com/pricing,0
https://staging.azure.microsoft.com/account,0
https://github-verify.xyz/login,1
https://www.salesforce.com/support?id=87775,0
http://www.paypal.com/settings,0
https://support-steam.pw/verify/xxxxxxxxxxxxxxxxxxxxxxxxxxxxxxxxxxxxxxxxxxxxxxxxxxxxxxxxxxxxxxxxxxxxxxxxxxxxxxxxxxxxxxxxxxxxxxxxxxxxxxxxxxxxxxxxxxxxxxxxxxxxxxxxxxxxxxxxxxxxxxxxxxx/confirm,1
https://staging.twitter.com/pricing,0
https://dev.to/help,0
http://mail.stripe.com/support,0
https://mail.netlify.com/api,0
https://stackoverflow-confirm.com/verify/xxxxxxxxxxxxxxxxxxxxxxxxxxxxxxxxxxxxxxxxxxxxxxxxxxxxxxxxxxxxxxxxxxxxxxxxxxxxxxxxxxxxxxxxxxxxxxxxxxxxxxxxxxxxxxxxxxxxxxxxxxxxxxxxxxxxxxxxxxxxxxxxxxxxxx/confirm,1
https://www.salesforce.com/pricing?id=1622,0
https://dev.notion.so/settings,0
http://135.66.185.101/login,1
https://stackoverflow-confirm.com/verify,1
https://gogle.com/verify/xxxxxxxxxxxxxxxxxxxxxxxxxxxxxxxxxxxxxxxxxxxxxxxxxxxxxxxxxxxxxxxxxxxxxxxxxxxxxxxxxxxxxxxxxxxxxxxxxxxxxxxxxxxxxxxxxxxxxxxxxxxxxxxxxxxxxxxxxxxxxxxxxxxxxxxxxxxxxxxxxxxxxxxxxxxxxxxxxxxxxxxx/confirm,1
https://api.vercel.com/,0
https://dev.cloud.google.com/settings,0
https://stackoverflow.com/settings?id=27603,0
https://secure-paypal.top/verify,1
https://verify-apple-id.xyz/login,1
https://secure-paypal.top/authenticate,1
https://www.youtube.com/services,0
https://www.aws.amazon.com/faq,0
http://mail.firebase.com/contact?id=59533,0
https://google.com/services?id=14456,0
http://dev.sendgrid.com/faq,0
https://claim-reward-now.ga@stackoverflow.com/verify,1
http://google.com/account?id=72257,0
https://github-verify.com/verify/xxxxxxxxxxxxxxxxxxxxxxxxxxxxxxxxxxxxxxxxxxxxxxxxxxxxxxxxxxxxxxxxxxxxxxxxxxxxxxxxxxxxxxxxxxxxxxxxxxxxxxxxxxxxxxxxxxxxxxxxxxxxx/confirm,1
https://apple.com/pricing,0
https://netflix-secure.com/verify,1
http://api.netflix.com/home,0
https://verify-identity.ga/login,1
https://login-google.xyz/login,1
https://www.atlassian.com/profile,0
http://microsoft.com/settings,0
https://api.sendgrid.com/home?id=46655,0
https://dev.slack.com/docs?id=38302,0
https://api.amazon.com/docs?id=85417,0
https://api.microsoft.com/account?id=96687,0
https://verify-amazon.tk/verify,1
http://102.196.136.232/login,1
https://www.trello.com/help?id=24755,0
https://support-steam.pw/action,1
http://staging.linkedin.com/profile,0
https://www.twilio.com/home,0
https://secure-paypal.top/confirm/login/signin/login,1
https://dev.notion.so/api?id=91944,0
https://api.notion.so/products?id=21804,0
http://dev.facebook.com/services,0
https://twtter.com/validate,1
https://secure-paypal.top/required-update,1
https://account-update-microsoft.ml/confirm-identity,1
https://stackoverflow-confirm.com/update/security-check/login/login,1
https://api.dev.to/dashboard?id=22596,0
https://verify-apple-id.gq/verify-payment,1
https://linkedin-login.com/update,1
https://validate-netflix.xyz/update-billing/update-billing/login/login,1
https://verify-apple-id.gq/verify/xxxxxxxxxxxxxxxxxxxxxxxxxxxxxxxxxxxxxxxxxxxxxxxxxxxxxxxxxxxxxxxxxxxxxxxxxxxxxxxxxxxxxxxxxxxxxxxxxxxxxxxxxxxxxxxxxxxxxxxxxxxxxxxxxxxxxxxxxxxxxxxxxxxxxxxxxxxxxxx/confirm,1
https://dev.to/blog,0
https://verify-apple-id.gq@aws.amazon.com/verify,1
https://dev.azure.microsoft.com/support,0
https://login-google.ru/verify/xxxxxxxxxxxxxxxxxxxxxxxxxxxxxxxxxxxxxxxxxxxxxxxxxxxxxxxxxxxxxxxxxxxxxxxxxxxxxxxxxxxxxxxxxxxxxxxxxxxxxxxxxxxxxxxxxxxxxxxxxxxxxxxxxxxxxxxxxxxxxxxxxxxxxxxxxxxxxxxxxxxxxxxxxxxxxxxxxxxxx/confirm,1
https://www.google.com/home?id=18725,0
http://21.154.237.126/login,1
https://staging.google.com/dashboard,0
https://account-update-microsoft.gq/login,1
http://135.124.154.3/login,1
https://update-twitter.info/verify/xxxxxxxxxxxxxxxxxxxxxxxxxxxxxxxxxxxxxxxxxxxxxxxxxxxxxxxxxxxxxxxxxxxxxxxxxxxxxxxxxxxxxxxxxxxxxxxxxxxxxxxxxxxxxxxxxxxxxxxxxxxxxxxxxxxxxxxxxxxxxx/confirm,1
https://www.dev.to/pricing,0
https://urgent-verify-account.ga@atlassian.com/verify,1
https://claim-reward-now.ga/verify/xxxxxxxxxxxxxxxxxxxxxxxxxxxxxxxxxxxxxxxxxxxxxxxxxxxxxxxxxxxxxxxxxxxxxxxxxxxxxxxxxxxxxxxxxxxxxxxxxxxxxxxxxxxxxxxxxxxxxxxxxxxxxx/confirm,1
https://invision.com/about?id=45734,0
https://support-steam.pw/verify,1
http://mail.twitter.com/docs,0
https://www.paypal.com/api,0
https://validate-netflix.ml/login,1
https://www.asana.com/products,0
https://account-update-microsoft.ml/action/verify-account/verify-account/login,1
https://www.asana.com/products?id=23403,0
https://api.wikipedia.org/services,0
https://api.heroku.com/settings?id=73610,0
http://mail.aws.amazon.com/products,0
https://dev.figma.com/faq?id=80264,0
https://verify-apple-id.gq/verify/xxxxxxxxxxxxxxxxxxxxxxxxxxxxxxxxxxxxxxxxxxxxxxxxxxxxxxxxxxxxxxxxxxxxxxxxxxxxxxxxxxxxxxxxxxxxxxxxxxxxxxxxxxxxxxxxxxxxxxxxxxxxxxxxxxxxxxxx/confirm,1
https://verify-amazon.tk/verify-payment/urgent-action/login/login,1
https://dev.asana.com/settings,0
https://staging.ibm.com/home,0
https://invision.com/products?id=15599,0
https://validate-netflix.xyz/verify-account/login/authenticate/login,1
https://dev.slack.com/account,0
https://staging.sketch.com/pricing,0
https://staging.stackoverflow.com/contact,0
https://account-update-microsoft.ml/verify,1
https://update-twitter.info@jira.com/verify,1
https://dev.salesforce.com/contact,0
https://login-google.ru/verify-account/action/update/login,1
https://netlify.com/faq,0
https://microsoft.com/api,0
https://api.vercel.com/register,0
https://facbook.com/verify/xxxxxxxxxxxxxxxxxxxxxxxxxxxxxxxxxxxxxxxxxxxxxxxxxxxxxxxxxxxxxxxxxxxxxxxxxxxxxxxxxxxxxxxxxxxxxxxxxxxxxxxxxxxxxxxxxxxxxxxxxxxxxxxxxxxxxxxxxxxxxxxxxxxxxxxxxxxxxxxxxxxxxxxxxxxxxxxxxxxxxxxxxx/confirm,1
https://facbook.com/claim-reward/authenticate/claim-reward/login,1
https://congratulations-winner.ml/verify,1
https://mail.firebase.com/contact,0
https://staging.heroku.com/docs,0
https://mailchimp.com/register,0
https://salesforce.com/profile,0
https://dev.heroku.com/services,0
https://verify-amazon.xyz/login,1
https://urgent-verify-account.ga/verify/xxxxxxxxxxxxxxxxxxxxxxxxxxxxxxxxxxxxxxxxxxxxxxxxxxxxxxxxxxxxxxxxxxxxxxxxxxxxxxxxxxxxxxxxxxxxxxxxxxxxxxxxxxxxxxxxxxxxxxxxxxxxxxxxxxxxxxxxxxxxxxxxxxxxxxxxxxxxxxxxxxxxx/confirm,1
https://mail.youtube.com/faq,0
https://account-update-microsoft.ml/action/update-billing/update/login,1
https://youtube.com/blog,0
https://mail.paypal.com/blog?id=63081,0
https://mail.netlify.com/account?id=21456,0
http://api.trello.com/docs,0
https://click-here-now.top/verify/xxxxxxxxxxxxxxxxxxxxxxxxxxxxxxxxxxxxxxxxxxxxxxxxxxxxxxxxxxxxxxxxxxxxxxxxxxxxxxxxxxxxxxxxxxxxxxxxxxxxxxxxxxxxxxxxxxxxxxxxxxxxxxxxxxxxxxxxxxxxxxxxxxxxxxxxxxx/confirm,1
http://trello.com/services,0
https://amaz0n.com/claim-reward,1
https://mail.github.com/register,0
https://aws.amazon.com/contact,0
https://dev.stripe.com/home?id=31671,0
https://stackoverflow-confirm.ml/login,1
https://sendgrid.com/contact?id=15063,0
https://gogle.com@twilio.com/verify,1
https://limited-time-offer.tk/verify/xxxxxxxxxxxxxxxxxxxxxxxxxxxxxxxxxxxxxxxxxxxxxxxxxxxxxxxxxxxxxxxxxxxxxxxxxxxxxxxxxxxxxxxxxxxxxxxxxxxxxxxxxxxxxxxxxxxxxxxxxxxxxxxxxxxxxxx/confirm,1
https://account-update-microsoft.ml/update/update/validate/login,1
https://mailchimp.com/login,0
https://www.asana.com/login,0
https://stackoverflow-confirm.com@google.com/verify,1
https://staging.stripe.com/about,0
https://authenticate-apple.cf/verify/xxxxxxxxxxxxxxxxxxxxxxxxxxxxxxxxxxxxxxxxxxxxxxxxxxxxxxxxxxxxxxxxxxxxxxxxxxxxxxxxxxxxxxxxxxxxxxxxxxxxxxxxxxxxxxxxxxxxxxxxxxxxxxxxxxxxxxxxxxxxxxxxxxxxxxxxxxxxxxxxxxxxxxxxxxxxxxxxxxxxxxxxxxxxx/confirm,1
https://www.mailchimp.com/blog,0
http://mail.paypal.com/faq,0
https://mail.figma.com/services,0
https://dev.linkedin.com/help,0
http://120.210.142.242/login,1
https://www.sketch.com/profile,0
https://dev.sendgrid.com/register,0
https://dev.figma.com/login,0
https://security-confirm-bank.ru/login,1
https://dev.ibm.com/pricing,0
https://api.cloud.google.com/faq?id=58839,0
https://dev.netlify.com/register,0
https://www.salesforce.com/api?id=11144,0
http://api.youtube.com/services,0
https://youtube.com/profile?id=32969,0
https://mail.trello.com/services?id=76210,0
https://facbook.com/verify,1
https://api.firebase.com/products?id=65372,0
https://verify-apple-id.gq/verify-payment/update/security-check/login,1
https://update-twitter.info@microsoft.com/verify,1
https://api.firebase.com/contact,0
https://api.aws.amazon.com/dashboard,0
https://www.linkedin.com/help,0
https://congratulations-winner.ml/action,1
https://api.heroku.com/contact,0
https://facbook.ga/login,1
https://www.amazon.com/api,0
https://twtter.com/verify/xxxxxxxxxxxxxxxxxxxxxxxxxxxxxxxxxxxxxxxxxxxxxxxxxxxxxxxxxxxxxxxxxxxxxxxxxxxxxxxxxxxxxxxxxxxxxxxxxxxxxxxxxxxxxxxxxxxxxxxxxxx/confirm,1
https://login-google.ru@cloud.google.com/verify,1
https://dev.vercel.com/home?id=59071,0
http://122.12.111.55/login,1
https://staging.salesforce.com/products?id=36889,0
https://stackoverflow-confirm.ru/login,1
https://urgent-verify-account.ga/update-billing,1
https://staging.sketch.com/dashboard?id=11684,0
https://netflix-secure.com/verify-payment/account-recovery/login/login,1
https://mail.salesforce.com/settings,0
https://stripe.com/support,0
https://secure-paypal.top/claim-reward/authenticate/claim-reward/login,1
https://authenticate-apple.cf@atlassian.com/verify,1
http://213.159.151.38/login,1
https://dev.linkedin.com/profile,0
https://mail.ibm.com/support,0
https://dev.twilio.com/account,0
https://paypa1.com/account-recovery/security-check/security-check/login,1
https://mail.apple.com/profile,0
https://verify-identity.top/login,1
http://www.sketch.com/contact?id=57259,0
https://dev.slack.com/register,0
https://verify-amazon.tk/secure/secure/confirm/login,1
http://stackoverflow.com/blog,0
https://click-here-now.top/verify,1
https://staging.paypal.com/services,0
https://staging.sendgrid.com/blog,0
https://api.sketch.com/help,0
https://dev.amazon.com/pricing?id=28473,0
https://urgent-verify-account.ga/verify/xxxxxxxxxxxxxxxxxxxxxxxxxxxxxxxxxxxxxxxxxxxxxxxxxxxxxxxxxxxxxxxxxxxxxxxxxxxxxxxxxxxxxxxxxxxxxxxxxxxxxxxxxxxxxxxxxxxxxxxxxxxxxx/confirm,1
http://dev.sendgrid.com/pricing,0
https://api.apple.com/account,0
https://mail.netflix.com/settings,0
http://15.67.114.51/login,1
https://gogle.com/verify/xxxxxxxxxxxxxxxxxxxxxxxxxxxxxxxxxxxxxxxxxxxxxxxxxxxxxxxxxxxxxxxxxxxxxxxxxxxxxxxxxxxxxxxxxxxxxxxxxxxxxxxxxxxxxxxxxxxxxxxxxxxxxxxxxxxxxxxxx/confirm,1
https://support-steam.pw@trello.com/verify,1
http://dev.invision.com/login,0
https://dev.netlify.com/help,0
https://dev.google.com/account,0
https://paypa1.com/security-check,1
https://www.heroku.com/dashboard,0
https://mail.trello.com/api?id=64096,0
https://www.azure.microsoft.com/help,0
https://facbook.com/authenticate/signin/security-check/login,1
https://www.azure.microsoft.com/docs,0
https://linkedin-login.com/verify/xxxxxxxxxxxxxxxxxxxxxxxxxxxxxxxxxxxxxxxxxxxxxxxxxxxxxxxxxxxxxxxxxxxxxxxxxxxxxxxxxxxxxxxxxxxxxxxxxxxxxxxxxxxxxxxxx/confirm,1
https://update-twitter.info/confirm-identity,1
https://update-twitter.info@twitter.com/verify,1
https://urgent-verify-account.ga@wikipedia.org/verify,1
https://dev.aws.amazon.com/services,0
https://dev.github.com/about?id=20918,0
https://dev.asana.com/about,0
https://netflix-secure.com/verify/xxxxxxxxxxxxxxxxxxxxxxxxxxxxxxxxxxxxxxxxxxxxxxxxxxxxxxxxxxxxxxxxxxxxxxxxxxxxxxxxxxxxxxxxxxxxxxxxxxxxxxxxxxxxxxxxxxxxxxxxxxxxxxxxxxxxxxxxxxxxxxxxxxxxxxxxxxxxxxxxxxxxxxxxxxxxxxxxxxxxxxxxxxxx/confirm,1
https://update-twitter.info/login,1
https://verify-identity.cf/update-billing,1
https://api.stripe.com/settings,0
https://twtter.tk/login,1
https://amazn.com@stackoverflow.com/verify,1
https://confirm-facebook.ga/verify/xxxxxxxxxxxxxxxxxxxxxxxxxxxxxxxxxxxxxxxxxxxxxxxxxxxxxxxxxxxxxxxxxxxxxxxxxxxxxxxxxxxxxxxxxxxxxxxxxxxxxxxxxxxxxxxxxxxxxxxxxx/confirm,1
https://api.vercel.com/about,0
https://staging.ibm.com/api?id=16433,0
https://urgent-verify-account.ga/verify,1
https://www.apple.com/services,0
http://204.148.247.135/login,1
https://mail.azure.microsoft.com/pricing,0
https://staging.youtube.com/settings,0
https://click-here-now.top/verify/xxxxxxxxxxxxxxxxxxxxxxxxxxxxxxxxxxxxxxxxxxxxxxxxxxxxxxxxxxxxxxxxxxxxxxxxxxxxxxxxxxxxxxxxxxxxxxxxxxxx/confirm,1
https://amaz0n.com/verify,1
http://180.5.211.32/login,1
https://www.trello.com/register,0
https://mail.twitter.com/profile,0
https://validate-netflix.cf/login,1
https://figma.com/services,0
https://confirm-facebook.ga/verify,1
https://support-steam.pw/verify-payment,1
https://www.trello.com/help,0
https://g00gle.ga/login,1
http://49.172.94.124/login,1
https://staging.linkedin.com/about,0
https://figma.com/docs,0
https://paypal.com/about,0
https://linkedin.com/,0
https://mail.ibm.com/support,0
https://staging.youtube.com/login?id=19569,0
http://92.6.9.15/login,1
https://staging.invision.com/pricing,0
https://facbook.tk/login,1
http://39.198.36.248/login,1
http://65.46.34.50/login,1
https://staging.stackoverflow.com/faq,0
https://urgent-verify-account.ga@medium.com/verify,1
https://g00gle.cf/login,1
https://update-twitter.tk/login,1
https://api.adobe.com/pricing?id=55430,0
https://verify-amazon.tk/verify/xxxxxxxxxxxxxxxxxxxxxxxxxxxxxxxxxxxxxxxxxxxxxxxxxxxxxxxxxxxxxxxxxxxxxxxxxxxxxxxxxxxxxxxxxxxxxxxxxxxxxx/confirm,1
https://gogle.com/verify/xxxxxxxxxxxxxxxxxxxxxxxxxxxxxxxxxxxxxxxxxxxxxxxxxxxxxxxxxxxxxxxxxxxxxxxxxxxxxxxxxxxxxxxxxxxxxxxxxxxxxxxxxxxxxxxxxxxxxxxxxxxxxxxxxxxxxxxxxxxxxxxxxxxxxxxxxxxxxxxxxxxxx/confirm,1
https://linkedin-login.com/verify/xxxxxxxxxxxxxxxxxxxxxxxxxxxxxxxxxxxxxxxxxxxxxxxxxxxxxxxxxxxxxxxxxxxxxxxxxxxxxxxxxxxxxxxxxxxxxxxxxxxxxxxxxxxxxxxxxxxxxxxxxxxxxxxxxxxxxxxxxxxxxxxxxxxxxxxxxxxxxxxxxxxxxxxxxxxxxxxxxxxxxxx/confirm,1
https://verify-amazon.tk@vercel.com/verify,1
https://congratulations-winner.ml/urgent-action,1
https://verify-apple-id.gq/authenticate/verify-payment/confirm/login,1
https://secure-paypal.top/secure/required-update/urgent-action/login,1
https://mail.twilio.com/help,0
https://staging.trello.com/,0
http://www.figma.com/login,0
https://salesforce.com/support,0
https://support-steam.ru/login,1
https://amaz0n.com/account-recovery,1
https://update-twitter.info/verify,1
https://stackoverflow-confirm.com/verify/required-update/verify-payment/login,1
https://security-confirm-bank.tk/required-update/action/verify-account/login,1
https://www.figma.com/dashboard,0
https://gogle.com/claim-reward,1
https://api.stripe.com/services,0
https://stackoverflow-confirm.com/verify,1
https://asana.com/services,0
http://dev.google.com/profile,0
https://update-twitter.tk/login,1
https://facebookl.com/verify/xxxxxxxxxxxxxxxxxxxxxxxxxxxxxxxxxxxxxxxxxxxxxxxxxxxxxxxxxxxxxxxxxxxxxxxxxxxxxxxxxxxxxxxxxxxxxxxxxxxxxxxxxxxxxxxxxxxxxxxxxxxxxxxxxxxxxxxxxxxxxxxxxxxxxxxxxxxxxxxxxxxxxxxxxx/confirm,1
https://netflix-secure.ga/login,1
https://facbook.com/required-update,1
https://secure-paypal.top/claim-reward,1
https://api.apple.com/services,0
https://support-steam.pw@twilio.com/verify,1
https://paypa1.com@notion.so/verify,1
https://netflix.com/blog?id=79620,0
https://staging.aws.amazon.com/pricing,0
https://update-twitter.info/verify/confirm/confirm-identity/login,1
https://mail.atlassian.com/services,0
https://staging.stripe.com/login?id=74416,0
https://validate-netflix.xyz/verify/xxxxxxxxxxxxxxxxxxxxxxxxxxxxxxxxxxxxxxxxxxxxxxxxxxxxxxxxxxxxxxxxxxxxxxxxxxxxxxxxxxxxxxxxxxxxxxxxxxxxxxxxxxxxxxxxxxxxxxxxxxxxxxxxxxxxxxxxxxxxxxxxxxxxxxxxxxxxxxxxxxxxxxxxxxxxxxxxxxxxx/confirm,1
https://mailchimp.com/login,0
https://linkedin-login.com/verify/xxxxxxxxxxxxxxxxxxxxxxxxxxxxxxxxxxxxxxxxxxxxxxxxxxxxxxxxxxxxxxxxxxxxxxxxxxxxxxxxxxxxxxxxxxxxxxxxxxxxxxxxxxxxxxxxxxxxxxxxxxxxxxxxxxxxxxxxxxxxxxxxxxxxxxxxxxxxxxxxxxxxxxxxxxxxxxxxxxxxxxxxxxxxxxxx/confirm,1
https://amazn.com@facebook.com/verify,1
https://update-twitter.info/authenticate,1
https://facbook.com/confirm,1
https://figma.com/register,0
https://claim-reward-now.ga/signin/security-check/login/login,1
http://api.youtube.com/contact,0
https://api.linkedin.com/about?id=17863,0
https://facebookl.com/verify,1
http://223.90.44.155/login,1
https://mail.dev.to/settings?id=5040,0
https://api.vercel.com/,0
https://staging.atlassian.com/support?id=44547,0
https://paypa1.ga/login,1
https://urgent-verify-account.ga/verify/xxxxxxxxxxxxxxxxxxxxxxxxxxxxxxxxxxxxxxxxxxxxxxxxxxxxxxxxxxxxxxxxxxxxxxxxxxxxxxxxxxxxxxxxxxxxxxxxxxxxxxxxxxxxxxxxxxxxxxxxxxxxxxxxxxxxxxxxxxxxxxxxxxxxxxxxxxx/confirm,1
https://dev.github.com/dashboard,0
https://api.atlassian.com/profile,0
https://facebookl.com/verify,1
https://staging.trello.com/help,0
https://stackoverflow-confirm.com@slack.com/verify,1
https://adobe.com/support,0
https://mail.sendgrid.com/pricing?id=20717,0
https://support-steam.pw/action/confirm/authenticate/login,1
https://verify-identity.cf/login,1
https://www.trello.com/products,0
https://account-update-microsoft.ml/verify,1
https://facebookl.com/verify/xxxxxxxxxxxxxxxxxxxxxxxxxxxxxxxxxxxxxxxxxxxxxxxxxxxxxxxxxxxxxxxxxxxxxxxxxxxxxxxxxxxxxxxxxxxxxxxxxxxxxxxxxxxxxxxxxxxxxxxxxxxxxxxxxxxxxxxxxxxxxxxxxxxxxxxxxxxxxxxxxxxxxxxxxxxxxxxxxxxxxxxxxxxxx/confirm,1
https://vercel.com/account?id=54949,0
https://stripe.com/,0
https://mail.paypal.com/profile?id=41848,0
https://cloud.google.com/faq?id=26745,0
https://verify-identity.cf@azure.microsoft.com/verify,1
https://www.sendgrid.com/services?id=89804,0
https://oracle.com/profile,0
https://aws.amazon.com/contact,0
https://azure.microsoft.com/settings?id=24298,0
https://staging.adobe.com/services,0
https://limited-time-offer.tk@atlassian.com/verify,1
https://verify-identity.cf@wikipedia.org/verify,1
https://support-steam.pw/update-billing/claim-reward/verify/login,1
https://claim-reward-now.ga@stackoverflow.com/verify,1
https://verify-identity.cf/verify,1
https://facebookl.xyz/login,1
http://198.111.196.110/login,1
https://paypa1.tk/login,1
https://click-here-now.top/login,1
https://congratulations-winner.tk/login,1
https://urgent-verify-account.xyz/login,1
https://urgent-verify-account.ga/security-check,1
https://paypa1.com/verify/xxxxxxxxxxxxxxxxxxxxxxxxxxxxxxxxxxxxxxxxxxxxxxxxxxxxxxxxxxxxxxxxxxxxxxxxxxxxxxxxxxxxxxxxxxxxxxxxxxxxxxxxxxxxxxxxxxxxxxxxxxxxxxxxxxxxxxxxxxxxxxxxxxxxxxx/confirm,1
https://secure-paypal.top/login/authenticate/authenticate/login,1
https://validate-netflix.xyz/verify,1
https://login-google.ru/authenticate,1
http://133.20.238.9/login,1
http://staging.paypal.com/support,0
https://facebookl.com/claim-reward,1
https://claim-reward-now.ga/verify,1
https://trello.com/dashboard?id=60805,0
https://staging.twilio.com/contact,0
https://secure-paypal.top/account-recovery,1
https://gogle.com/verify,1
https://security-confirm-bank.gq/login,1
https://mail.slack.com/register,0
https://congratulations-winner.ml/verify/xxxxxxxxxxxxxxxxxxxxxxxxxxxxxxxxxxxxxxxxxxxxxxxxxxxxxxxxxxxxxxxxxxxxxxxxxxxxxxxxxxxxxxxxxxxxxxxxxxxxxxxxxxxxxxxxxxxxxxxxxxxxxxxxxxxxxxxxxxxxxxxxxxxxxxxxxxxxxxxxxxxxxxxxxxxxxxxxxxxxxxxxxxxxxxxxxxxx/confirm,1
https://facebookl.com/verify,1
https://validate-netflix.xyz@cloud.google.com/verify,1
https://staging.adobe.com/profile,0
https://secure-paypal.cf/login,1
https://www.paypal.com/home?id=18228,0
http://staging.oracle.com/settings,0
https://limited-time-offer.tk/verify/xxxxxxxxxxxxxxxxxxxxxxxxxxxxxxxxxxxxxxxxxxxxxxxxxxxxxxxxxxxxxxxxxxxxxxxxxxxxxxxxxxxxxxxxxxxxxxxxxxxxxxxxxxxxxxxxxxxxxxxxxxxxxxxxxxxxxxxxxxxxxxxxxxxxxxxxxxxxxxxxxxxxxxxxxxxxxxxxxxxxxxxxxxxx/confirm,1
https://facbook.com/verify/xxxxxxxxxxxxxxxxxxxxxxxxxxxxxxxxxxxxxxxxxxxxxxxxxxxxxxxxxxxxxxxxxxxxxxxxxxxxxxxxxxxxxxxxxxxxxxxxxxxxxxxx/confirm,1
https://login-google.ru/verify/xxxxxxxxxxxxxxxxxxxxxxxxxxxxxxxxxxxxxxxxxxxxxxxxxxxxxxxxxxxxxxxxxxxxxxxxxxxxxxxxxxxxxxxxxxxxxxxxxxxxxxxxxxxxxxxxxxxxxxxxxxxxxxxxxxxxxxxxxxxxxxxxxxxxxxxxxxxxxxxxxxxxxxxxxxxxxxx/confirm,1
https://stackoverflow-confirm.com/account-recovery/signin/required-update/login,1
https://secure-paypal.tk/login,1
https://www.ibm.com/register,0
https://verify-identity.cf/verify/xxxxxxxxxxxxxxxxxxxxxxxxxxxxxxxxxxxxxxxxxxxxxxxxxxxxxxxxxxxxxxxxxxxxxxxxxxxxxxxxxxxxxxxxxxxxxxxxxxxxxxxxxxxxxxxxxxxxxxxxxxxxxxxxxxxxxxxxxxxxxxxxxxxxxxxxxx/confirm,1
https://confirm-facebook.ga/login,1
https://api.trello.com/api,0
https://paypa1.com/verify,1
https://urgent-verify-account.ga/verify-account,1
https://stackoverflow-confirm.com/secure,1
http://www.stripe.com/home?id=56707,0
https://www.vercel.com/about?id=90953,0
https://dev.adobe.com/faq,0
https://twtter.com/verify,1
https://paypa1.com@mailchimp.com/verify,1
https://gogle.com/verify-account,1
https://staging.notion.so/account,0
http://176.68.243.39/login,1
https://dev.aws.amazon.com/about?id=28271,0
https://stackoverflow-confirm.com/update,1
https://limited-time-offer.tk/security-check/verify-payment/verify-account/login,1
https://netflix-secure.com/claim-reward,1
http://70.105.38.50/login,1
http://dev.twitter.com/profile,0
https://staging.cloud.google.com/api,0
https://www.vercel.com/settings?id=62120,0
https://www.notion.so/home?id=65420,0
https://www.twilio.com/services,0
https://stackoverflow-confirm.com@medium.com/verify,1
https://amazn.com/verify-payment/signin/signin/login,1
https://mail.stripe.com/,0
https://update-twitter.info@youtube.com/verify,1
https://security-confirm-bank.tk/verify/xxxxxxxxxxxxxxxxxxxxxxxxxxxxxxxxxxxxxxxxxxxxxxxxxxxxxxxxxxxxxxxxxxxxxxxxxxxxxxxxxxxxxxxxxxxxxxxxxxxxxxxxxxxxxxxxxxxxxxxxxxxxxxxxxxxxxxxxxxxxxxxxxxxxxxxxxxxxxxxxxxxxxxxxxxxxx/confirm,1
https://limited-time-offer.tk/verify,1
https://secure-paypal.top/authenticate,1
https://dev.slack.com/contact,0
https://mail.notion.so/account,0
https://stackoverflow-confirm.com@asana.com/verify,1
https://amazn.com/login/update/login/login,1
https://security-confirm-bank.tk/verify/xxxxxxxxxxxxxxxxxxxxxxxxxxxxxxxxxxxxxxxxxxxxxxxxxxxxxxxxxxxxxxxxxxxxxxxxxxxxxxxxxxxxxxxxxxxxxxxxxxxxxxxxxxxxxxxxxxxxxxxxxxxxxxxxxxxxxxxxxxxxxxxxxxxxxxxxxxxxxxxxxxxx/confirm,1
https://trello.com/profile,0
https://staging.twilio.com/account?id=64032,0
http://mail.facebook.com/products,0
https://dev.asana.com/blog?id=94697,0
https://gogle.com@ibm.com/verify,1
https://amaz0n.com/verify/xxxxxxxxxxxxxxxxxxxxxxxxxxxxxxxxxxxxxxxxxxxxxxxxxxxxxxxxxxxxxxxxxxxxxxxxxxxxxxxxxxxxxxxxxxxxxxxxxxxxxxxxxxxxxxxxxxxxxxxxxxxxxxxxxxxxxxxxxxxxxxxxxxxxxxxxxxxxxxxxxxxxxxxxxxxxxx/confirm,1
https://staging.medium.com/support,0
https://api.jira.com/about,0
https://amazn.com/verify-payment,1
http://27.36.143.135/login,1
http://mail.mailchimp.com/,0
https://login-google.ru/verify,1
https://mail.ibm.com/contact?id=18424,0
https://api.ibm.com/profile,0
http://138.42.216.117/login,1
https://paypa1.com/confirm-identity/authenticate/claim-reward/login,1
https://www.salesforce.com/faq?id=17317,0
https://www.sketch.com/contact,0
https://api.atlassian.com/home,0
https://facbook.tk/login,1
https://twtter.com@youtube.com/verify,1
https://click-here-now.top/verify/xxxxxxxxxxxxxxxxxxxxxxxxxxxxxxxxxxxxxxxxxxxxxxxxxxxxxxxxxxxxxxxxxxxxxxxxxxxxxxxxxxxxxxxxxxxxxxxxxxxxxxxxxxxxxxxxxxxxxxxxxxxxxxxxxxxxxxxxxxxxxxxxxxxxxxxxxxxxxxxxxxxxxxxxxxxxxxxxxxxxxxxxxx/confirm,1
https://facebookl.com@reddit.com/verify,1
http://235.70.91.228/login,1
http://172.181.234.71/login,1
https://atlassian.com/docs?id=30285,0
https://secure-paypal.top/verify,1
https://staging.github.com/home?id=30823,0
https://confirm-facebook.top/login,1
https://validate-netflix.xyz@cloud.google.com/verify,1
https://amaz0n.gq/login,1
https://security-confirm-bank.tk/verify-account/confirm-identity/update-billing/login,1
https://g00gle.com/claim-reward,1
https://login-google.ru/urgent-action/required-update/login/login,1
https://g00gle.com/verify,1
https://paypa1.com/verify,1
https://amazn.com/verify,1
https://twitter.com/contact,0
https://click-here-now.top/verify,1
https://facebookl.com/verify,1
https://www.stackoverflow.com/docs,0
http://247.243.202.21/login,1
https://staging.dev.to/profile,0
https://mail.figma.com/home?id=46114,0
http://invision.com/products,0
https://g00gle.com/authenticate,1
https://figma.com/help,0
https://mailchimp.com/docs,0
https://secure-paypal.top/account-recovery,1
https://verify-identity.cf/secure/secure/validate/login,1
https://mail.sendgrid.com/services,0
https://notion.so/,0
http://134.190.181.170/login,1
https://atlassian.com/blog,0
https://amaz0n.com/authenticate/verify-account/confirm-identity/login,1
https://netflix-secure.com/verify/signin/signin/login,1
https://stripe.com/blog,0
https://validate-netflix.xyz/verify/xxxxxxxxxxxxxxxxxxxxxxxxxxxxxxxxxxxxxxxxxxxxxxxxxxxxxxxxxxxxxxxxxxxxxxxxxxxxxxxxxxxxxxxxxxxxxxxxxxxxxxxxxxxxxxxxxxxxxxxxxxxxxxxxxxxxxxxxxxxxxxxxxxxxxxxxxxxxxxxxxxxxxxxxxxxxxxxxxxxxxxxxxxxx/confirm,1
https://g00gle.com@amazon.com/verify,1
https://security-confirm-bank.tk@salesforce.com/verify,1
https://mail.twilio.com/login?id=25853,0
https://mail.invision.com/faq?id=86070,0
http://api.facebook.com/login,0
https://claim-reward-now.ga/confirm,1
http://adobe.com/faq?id=99796,0
https://www.vercel.com/about?id=33306,0
https://staging.apple.com/pricing?id=61561,0
http://58.32.187.46/login,1
https://www.asana.com/profile?id=79299,0
https://atlassian.com/docs,0
https://mail.stripe.com/support,0
https://api.google.com/support?id=31075,0
https://facebookl.tk/login,1
https://update-twitter.info/verify/xxxxxxxxxxxxxxxxxxxxxxxxxxxxxxxxxxxxxxxxxxxxxxxxxxxxxxxxxxxxxxxxxxxxxxxxxxxxxxxxxxxxxxxxxxxxxxxxxxxxxxxxxxxxxx/confirm,1
http://dev.trello.com/account,0
https://amaz0n.com/verify-account/validate/verify/login,1
https://staging.firebase.com/home,0
https://netflix.com/faq?id=97959,0
https://congratulations-winner.ml@stackoverflow.com/verify,1
https://urgent-verify-account.ga/verify/xxxxxxxxxxxxxxxxxxxxxxxxxxxxxxxxxxxxxxxxxxxxxxxxxxxxxxxxxxxxxxxxxxxxxxxxxxxxxxxxxxxxxxxxxxxxxxxxxxxxxxxxxxxxxxxxxxxxxxxxxxxxxxxxxxxxxxxxxxxxxxxxxxxxxxxxxxxxxxxxxxxxxxxxxxxxxxxxxxxxxxxxxxxxxxxxxxx/confirm,1
https://dev.trello.com/support,0
https://dev.netlify.com/,0
https://limited-time-offer.tk/verify,1
https://api.cloud.google.com/help?id=17483,0
https://mail.stripe.com/dashboard,0
https://security-confirm-bank.tk/verify-account/account-recovery/secure/login,1
https://g00gle.com/update-billing,1
https://urgent-verify-account.ga/verify/xxxxxxxxxxxxxxxxxxxxxxxxxxxxxxxxxxxxxxxxxxxxxxxxxxxxxxxxxxxxxxxxxxxxxxxxxxxxxxxxxxxxxxxxxxxxxxxxxxxxxxxxxxxxxxxxxxxxxxxxxxxxxxxxxxxxxxxxxxxxxxx/confirm,1
https://paypa1.xyz/login,1
https://amaz0n.com/verify-payment/validate/update-billing/login,1
https://staging.figma.com/support,0
https://api.aws.amazon.com/help?id=13782,0
https://claim-reward-now.ga/account-recovery,1
http://207.75.89.128/login,1
https://facbook.com@oracle.com/verify,1
https://secure-paypal.top@invision.com/verify,1
http://staging.cloud.google.com/settings,0
https://www.aws.amazon.com/home?id=41299,0
https://login-google.ru/verify/xxxxxxxxxxxxxxxxxxxxxxxxxxxxxxxxxxxxxxxxxxxxxxxxxxxxxxxxxxxxxxxxxxxxxxxxxxxxxxxxxxxxxxxxxxxxxxxxxxxxxxxxxxxxxxxxxxxxxxxxxxxxxxxxxxxxxxxxxxxxxxxxxxxxxxxxxxxxxxxxxxxxxxxxxxxxxxxxxxxxxxxxx/confirm,1
https://www.twilio.com/pricing,0
http://www.twilio.com/api,0
https://login-google.ru/login,1
https://salesforce.com/?id=66822,0
https://figma.com/contact,0
https://www.linkedin.com/contact,0
https://paypa1.gq/login,1
https://click-here-now.top/verify,1
https://api.linkedin.com/profile,0
https://congratulations-winner.ml/verify/xxxxxxxxxxxxxxxxxxxxxxxxxxxxxxxxxxxxxxxxxxxxxxxxxxxxxxxxxxxxxxxxxxxxxxxxxxxxxxxxxxxxxxxxxxxxxxxxxxxxxxxxxxxxxxxxxxxxxxxxxxxxxxxxxxxxxx/confirm,1
https://verify-amazon.tk/verify/xxxxxxxxxxxxxxxxxxxxxxxxxxxxxxxxxxxxxxxxxxxxxxxxxxxxxxxxxxxxxxxxxxxxxxxxxxxxxxxxxxxxxxxxxxxxxxxxxxxxxxxxxxxxxxxxxxxxxxxxxxxxxxxx/confirm,1
https://slack.com/home?id=50742,0
https://www.heroku.com/account,0
https://congratulations-winner.ml/action,1
https://www.notion.so/about,0
https://www.youtube.com/faq?id=93410,0
https://mail.adobe.com/contact?id=55454,0
https://account-update-microsoft.ml/verify,1
https://click-here-now.top/verify,1
https://congratulations-winner.ml/signin,1
https://claim-reward-now.ga/account-recovery,1
https://validate-netflix.top/login,1
https://staging.dev.to/support,0
https://www.twitter.com/services,0
https://mail.sketch.com/home,0
https://verify-amazon.tk/verify-payment/validate/update-billing/login,1
https://update-twitter.info/verify,1
https://stackoverflow-confirm.com/verify/xxxxxxxxxxxxxxxxxxxxxxxxxxxxxxxxxxxxxxxxxxxxxxxxxxxxxxxxxxxxxxxxxxxxxxxxxxxxxxxxxxxxxxxxxxxxxxxxxxxxxxxxxxxxxxxxxxxxxxxxxxxxxxxx/confirm,1
https://amaz0n.com/security-check,1
https://verify-amazon.tk/signin/claim-reward/confirm/login,1
http://dev.slack.com/,0
https://dev.apple.com/about,0
https://www.dev.to/profile,0
https://authenticate-apple.cf/required-update,1
https://verify-amazon.tk/security-check/signin/security-check/login,1
https://twitter.com/settings?id=24498,0
https://staging.facebook.com/dashboard,0
https://dev.firebase.com/help,0
https://staging.firebase.com/about?id=22351,0
https://dev.trello.com/products?id=59777,0
https://dev.slack.com/pricing,0
https://staging.wikipedia.org/faq,0
https://github-verify.com@amazon.com/verify,1
https://login-google.ru/update/account-recovery/claim-reward/login,1
https://www.stackoverflow.com/services,0
https://validate-netflix.xyz@linkedin.com/verify,1
https://validate-netflix.xyz/secure,1
http://30.103.111.204/login,1
https://validate-netflix.xyz@paypal.com/verify,1
http://mail.netlify.com/about,0
https://medium.com/blog?id=86829,0
http://135.194.225.141/login,1
http://www.sendgrid.com/api?id=11094,0
https://validate-netflix.xyz/verify,1
https://mail.adobe.com/?id=15013,0
http://168.197.18.132/login,1
https://amazn.ga/login,1
https://verify-identity.cf@amazon.com/verify,1
https://www.dev.to/blog,0
https://api.salesforce.com/products,0
https://api.cloud.google.com/about,0
https://facebookl.com@youtube.com/verify,1
http://12.30.78.248/login,1
https://dev.dev.to/docs?id=72957,0
https://secure-paypal.top@sketch.com/verify,1
https://mail.paypal.com/services,0
https://api.jira.com/help,0
https://login-google.ru/authenticate,1
https://dev.amazon.com/support,0
http://188.227.71.115/login,1
https://www.cloud.google.com/,0
http://105.113.102.167/login,1
http://staging.trello.com/register,0
https://api.heroku.com/dashboard,0
https://slack.com/home,0
https://linkedin-login.com/confirm/security-check/required-update/login,1
https://validate-netflix.xyz/verify,1
https://api.mailchimp.com/profile,0
https://amazn.ga/login,1
https://congratulations-winner.ml/verify/authenticate/update/login,1
https://www.cloud.google.com/support,0
https://netflix-secure.com/claim-reward,1
https://confirm-facebook.top/login,1
https://login-google.tk/login,1
https://login-google.ru@medium.com/verify,1
https://staging.jira.com/account,0
https://dev.netlify.com/services?id=49239,0
https://api.facebook.com/pricing?id=40052,0
https://cloud.google.com/support,0
https://api.netlify.com/products,0
https://limited-time-offer.tk/confirm/confirm-identity/login/login,1
https://confirm-facebook.ga@youtube.com/verify,1
https://g00gle.com/verify,1
https://api.netlify.com/contact,0
https://api.amazon.com/account,0
https://netflix-secure.com/urgent-action,1
https://microsoft.com/account?id=93895,0
https://mail.wikipedia.org/docs,0
http://mail.atlassian.com/contact,0
https://staging.notion.so/api,0
https://mail.firebase.com/docs,0
http://132.218.90.212/login,1
https://staging.reddit.com/support?id=1337,0
https://amaz0n.com/urgent-action/verify-account/verify/login,1
http://41.192.48.3/login,1
https://click-here-now.top/verify,1
http://dev.adobe.com/about,0
https://confirm-facebook.xyz/login,1
https://confirm-facebook.ga/claim-reward/confirm-identity/claim-reward/login,1
http://87.120.193.106/login,1
https://heroku.com/register,0
https://staging.stripe.com/faq,0
https://mail.twitter.com/,0
https://secure-paypal.top@apple.com/verify,1
https://confirm-facebook.xyz/login,1
https://verify-identity.cf/verify/xxxxxxxxxxxxxxxxxxxxxxxxxxxxxxxxxxxxxxxxxxxxxxxxxxxxxxxxxxxxxxxxxxxxxxxxxxxxxxxxxxxxxxxxxxxxxxxxxxxxxxxxxxxxxxxxxxxxxxxxxxxxxxxxxxxxxxxxxxxxxxxxxxxxx/confirm,1
https://api.paypal.com/contact,0
https://security-confirm-bank.tk/verify-account/account-recovery/update/login,1
https://mail.sendgrid.com/help?id=13368,0
https://facebookl.com/signin,1
https://validate-netflix.xyz/verify/xxxxxxxxxxxxxxxxxxxxxxxxxxxxxxxxxxxxxxxxxxxxxxxxxxxxxxxxxxxxxxxxxxxxxxxxxxxxxxxxxxxxxxxxxxxxxxxxxxxxxxxxxxxxxxxxxxxxxxxxxxxxxxxxxxxx/confirm,1
https://login-google.ru/verify/xxxxxxxxxxxxxxxxxxxxxxxxxxxxxxxxxxxxxxxxxxxxxxxxxxxxxxxxxxxxxxxxxxxxxxxxxxxxxxxxxxxxxxxxxxxxxxxxxxxxxxxxxxxxxxxxxxxxxxxxxxxxx/confirm,1
https://account-update-microsoft.xyz/login,1
https://mail.notion.so/api,0
https://www.salesforce.com/pricing,0
https://staging.stripe.com/profile,0
https://security-confirm-bank.tk/verify/xxxxxxxxxxxxxxxxxxxxxxxxxxxxxxxxxxxxxxxxxxxxxxxxxxxxxxxxxxxxxxxxxxxxxxxxxxxxxxxxxxxxxxxxxxxxxxxxxxxxxxxxxxxxxxxxxxxxxxxxxxxxxxxxxxx/confirm,1
https://api.oracle.com/dashboard,0
https://github-verify.com@azure.microsoft.com/verify,1
https://login-google.ru/verify,1
https://confirm-facebook.ga/verify-account/required-update/urgent-action/login,1
https://stackoverflow-confirm.com/verify,1
https://support-steam.pw@github.com/verify,1
https://dev.figma.com/?id=77936,0
https://dev.youtube.com/api,0
http://51.195.77.140/login,1
https://mail.aws.amazon.com/login,0
https://account-update-microsoft.ml/authenticate/action/validate/login,1
https://staging.asana.com/,0
https://account-update-microsoft.ml@mailchimp.com/verify,1
https://stackoverflow-confirm.com/verify/xxxxxxxxxxxxxxxxxxxxxxxxxxxxxxxxxxxxxxxxxxxxxxxxxxxxxxxxxxxxxxxxxxxxxxxxxxxxxxxxxxxxxxxxxxxxxxxxxxxxxxxxxxxxxxxxxxxxxxxxxxxxxx/confirm,1
https://verify-apple-id.gq/login,1
https://staging.firebase.com/services,0
https://api.azure.microsoft.com/services,0
https://update-twitter.info/authenticate,1
https://staging.invision.com/dashboard,0
https://secure-paypal.top/verify,1
https://congratulations-winner.ml/verify/xxxxxxxxxxxxxxxxxxxxxxxxxxxxxxxxxxxxxxxxxxxxxxxxxxxxxxxxxxxxxxxxxxxxxxxxxxxxxxxxxxxxxxxxxxxxxxxxxxxxxxxxxxxxxxxxxxxxxxxxxxxxxxxxxxxxxxxxxxxxxxxxxxxxxxxxxxxxxxxxxxxxxxxxxxxxxxxxx/confirm,1
https://verify-amazon.tk/verify/xxxxxxxxxxxxxxxxxxxxxxxxxxxxxxxxxxxxxxxxxxxxxxxxxxxxxxxxxxxxxxxxxxxxxxxxxxxxxxxxxxxxxxxxxxxxxxxxxxxxxxxxxxxxxxxxxxxxxxxxxxxxxxxxxxxxxxxxxxxxxxxxxxxxxxxxxxxxxxxxxxxxxxxxxxxxxxxxxxxx/confirm,1
https://www.apple.com/login,0
https://dev.twilio.com/faq,0
https://linkedin-login.com/authenticate,1
https://www.firebase.com/api,0
https://validate-netflix.xyz/signin/confirm-identity/secure/login,1
https://verify-identity.cf/confirm/confirm/claim-reward/login,1
https://netflix-secure.com/verify/xxxxxxxxxxxxxxxxxxxxxxxxxxxxxxxxxxxxxxxxxxxxxxxxxxxxxxxxxxxxxxxxxxxxxxxxxxxxxxxxxxxxxxxxxxxxxxxxxxxxxxxxxxxxxxxxxxxxxxxxxxxxxxxxxxxxxxxxxxxxxxxxxxxxxxxxxxxxxxxxxxxxxxxxxxxxxxxxxxxxxxxxxxxxxxxxxx/confirm,1
https://api.microsoft.com/settings?id=56623,0
https://github-verify.com/verify/xxxxxxxxxxxxxxxxxxxxxxxxxxxxxxxxxxxxxxxxxxxxxxxxxxxxxxxxxxxxxxxxxxxxxxxxxxxxxxxxxxxxxxxxxxxxxxxxxxxxxxxxxxxxxxxxxxxxxxxxxxxx/confirm,1
http://177.37.6.131/login,1
https://staging.microsoft.com/services,0
https://staging.figma.com/blog,0
https://staging.linkedin.com/profile?id=22079,0
http://112.66.171.73/login,1
https://mail.linkedin.com/home?id=24156,0
https://dev.cloud.google.com/settings?id=39982,0
https://atlassian.com/products,0
http://staging.jira.com/account,0
https://g00gle.top/login,1
https://validate-netflix.xyz@figma.com/verify,1
https://staging.paypal.com/dashboard,0
https://www.notion.so/account,0
http://153.242.241.209/login,1
http://168.12.44.202/login,1
https://authenticate-apple.cf/verify/xxxxxxxxxxxxxxxxxxxxxxxxxxxxxxxxxxxxxxxxxxxxxxxxxxxxxxxxxxxxxxxxxxxxxxxxxxxxxxxxxxxxxxxxxxxxxxxxxxxxxxxxxx/confirm,1
https://stackoverflow-confirm.com/verify,1
https://click-here-now.top/verify,1
https://claim-reward-now.ga@azure.microsoft.com/verify,1
https://stackoverflow-confirm.gq/login,1
https://dev.invision.com/api,0
https://www.twilio.com/support?id=44989,0
https://amaz0n.com/verify,1
https://limited-time-offer.tk/verify/xxxxxxxxxxxxxxxxxxxxxxxxxxxxxxxxxxxxxxxxxxxxxxxxxxxxxxxxxxxxxxxxxxxxxxxxxxxxxxxxxxxxxxxxxxxxxxxxxxxxxxxxxxxxxxxxxxxxxxxxxxxxxxxxxxxxxxxxxxxxxxxxxxxxxxx/confirm,1
https://staging.facebook.com/account,0
https://twilio.com/profile,0
https://github-verify.com/verify-account/verify-account/login/login,1
https://congratulations-winner.gq/login,1
https://login-google.ru/verify,1
https://secure-paypal.top/security-check/action/update-billing/login,1
https://adobe.com/profile,0
https://amazn.com/verify/xxxxxxxxxxxxxxxxxxxxxxxxxxxxxxxxxxxxxxxxxxxxxxxxxxxxxxxxxxxxxxxxxxxxxxxxxxxxxxxxxxxxxxxxxxxxxxxxxxxxxxxxxxxxxxxxxxxxxxxxxxxxxxxxxxxxxxxxxxxxxxxxxxxx/confirm,1
https://secure-paypal.top/urgent-action,1
http://97.239.64.180/login,1
https://netflix-secure.com/verify/xxxxxxxxxxxxxxxxxxxxxxxxxxxxxxxxxxxxxxxxxxxxxxxxxxxxxxxxxxxxxxxxxxxxxxxxxxxxxxxxxxxxxxxxxxxxxxxxxxxxxxx/confirm,1
https://dev.invision.com/profile?id=96850,0
https://verify-identity.cf/confirm,1
http://62.223.6.91/login,1
https://linkedin-login.com/security-check,1
https://aws.amazon.com/,0
https://www.figma.com/contact?id=29973,0
https://ibm.com/home,0
https://dev.medium.com/account,0
https://verify-apple-id.gq/verify/xxxxxxxxxxxxxxxxxxxxxxxxxxxxxxxxxxxxxxxxxxxxxxxxxxxxxxxxxxxxxxxxxxxxxxxxxxxxxxxxxxxxxxxxxxxxxxxxxxxxxxxxxxxxxx/confirm,1
https://login-google.ru/signin,1
https://staging.cloud.google.com/,0
https://netflix-secure.gq/login,1
https://api.google.com/blog,0
https://facebook.com/support,0
https://mail.slack.com/profile?id=62108,0
http://69.28.253.177/login,1
https://www.invision.com/,0
https://security-confirm-bank.tk/verify,1
https://login-google.ru@firebase.com/verify,1
https://netflix-secure.com/verify,1
https://staging.reddit.com/about,0
https://amaz0n.com/verify/xxxxxxxxxxxxxxxxxxxxxxxxxxxxxxxxxxxxxxxxxxxxxxxxxxxxxxxxxxxxxxxxxxxxxxxxxxxxxxxxxxxxxxxxxxxxxxxxxxxxxxxxxxxxxxxxxxxxxxxxxxxxxxxxxxxxxxxxxxxxxxxxxxxxxxxx/confirm,1
https://www.apple.com/blog,0
http://mail.atlassian.com/register?id=13836,0
https://facebookl.com@figma.com/verify,1
https://verify-amazon.gq/login,1
https://amaz0n.com@paypal.com/verify,1
https://staging.google.com/register?id=13047,0
http://76.105.154.237/login,1
https://netflix-secure.com/update-billing/verify-account/claim-reward/login,1
https://mail.apple.com/support,0
https://dev.google.com/services,0
https://api.trello.com/docs?id=75635,0
https://stackoverflow-confirm.com/verify/xxxxxxxxxxxxxxxxxxxxxxxxxxxxxxxxxxxxxxxxxxxxxxxxxxxxxxxxxxxxxxxxxxxxxxxxxxxxxxxxxxxxxxxxxxxxxxxxxxxxxxxxxxxxxxxxxxxxxxxxxxxxxxxxxxxxxxxxxxxxxxxxxxxxxxxxxxxxxxxxxxxxxxxxxxxxxxxxxxxxxxxxxx/confirm,1
https://congratulations-winner.tk/login,1
https://mail.oracle.com/settings,0
https://api.sendgrid.com/,0
https://staging.heroku.com/pricing?id=48219,0
https://amaz0n.com/account-recovery/authenticate/update/login,1
https://staging.azure.microsoft.com/contact?id=98728,0
https://sendgrid.com/register,0
https://verify-amazon.tk/verify,1
https://paypa1.com/verify-account,1
https://security-confirm-bank.tk/verify-payment/update-billing/validate/login,1
https://facebookl.com@slack.com/verify,1
https://linkedin-login.cf/login,1
https://mail.ibm.com/contact?id=30947,0
http://mail.notion.so/about,0
http://43.122.157.173/login,1
https://claim-reward-now.ga/verify/xxxxxxxxxxxxxxxxxxxxxxxxxxxxxxxxxxxxxxxxxxxxxxxxxxxxxxxxxxxxxxxxxxxxxxxxxxxxxxxxxxxxxxxxxxxxxxxxxxxxxxxxxxxxxxxxxxxxxxxxxxxxxxxxxxxxxxxxxxxxxxxxxxxxxxxxxxxxxxxxxx/confirm,1
http://www.twitter.com/support,0
https://update-twitter.info@github.com/verify,1
https://claim-reward-now.ga@azure.microsoft.com/verify,1
https://staging.vercel.com/profile?id=89503,0
http://191.75.230.56/login,1
https://mail.dev.to/products,0
https://verify-identity.top/login,1
https://amazn.com@twitter.com/verify,1
https://support-steam.pw/update-billing/login/verify-payment/login,1
https://login-google.ru/security-check/confirm-identity/action/login,1
https://congratulations-winner.ml@netlify.com/verify,1
https://verify-apple-id.gq/verify,1
https://staging.heroku.com/register,0
https://www.facebook.com/blog,0
https://staging.ibm.com/login?id=29621,0
https://staging.heroku.com/dashboard,0
https://gogle.com/validate/login/verify-account/login,1
https://dev.netflix.com/help?id=98696,0
https://stackoverflow.com/home?id=78582,0
http://58.113.210.254/login,1
https://amazn.com/verify,1
https://api.twitter.com/blog?id=48639,0
https://stackoverflow-confirm.top/login,1
http://staging.facebook.com/about?id=43765,0
https://api.stackoverflow.com/register,0
https://medium.com/account,0
https://aws.amazon.com/blog,0
http://250.42.61.64/login,1
https://stackoverflow.com/about,0
https://dev.dev.to/faq,0
https://linkedin.com/home,0
https://staging.microsoft.com/products,0
http://staging.apple.com/login,0
https://api.linkedin.com/products,0
https://paypa1.com/verify/validate/claim-reward/login,1
https://staging.ibm.com/services?id=50022,0
http://www.atlassian.com/settings,0
https://dev.amazon.com/faq,0
https://api.netflix.com/docs,0
https://vercel.com/services?id=57378,0
https://reddit.com/blog,0
http://dev.github.com/about,0
https://www.netlify.com/dashboard?id=90814,0
https://staging.firebase.com/about?id=48659,0
https://www.mailchimp.com/settings,0
https://facebookl.com/verify/xxxxxxxxxxxxxxxxxxxxxxxxxxxxxxxxxxxxxxxxxxxxxxxxxxxxxxxxxxxxxxxxxxxxxxxxxxxxxxxxxxxxxxxxxxxxxxxxxxxxxxxxxxxxxxxxxxxxxxxxxxxxxxxxxxxxxxxxxxxxxxxxxxxxxxxxxxxxxxxxxxxxxxxxxxxxxxxxxxxxxx/confirm,1
https://staging.invision.com/blog?id=89249,0
https://gogle.xyz/login,1
https://mail.notion.so/,0
https://verify-amazon.tk/verify,1
https://dev.azure.microsoft.com/settings,0
https://dev.netlify.com/api?id=28344,0
https://dev.medium.com/account?id=78827,0
https://g00gle.com/login/update-billing/confirm/login,1
https://github-verify.com/verify/xxxxxxxxxxxxxxxxxxxxxxxxxxxxxxxxxxxxxxxxxxxxxxxxxxxxxxxxxxxxxxxxxxxxxxxxxxxxxxxxxxxxxxxxxxxxxxxxxxxxxxxxxxxxxxxxxxxxxxxxxxx/confirm,1
https://amaz0n.cf/login,1
https://login-google.ru/security-check,1
https://paypa1.com@twitter.com/verify,1
https://www.twitter.com/products?id=47848,0
https://api.jira.com/pricing,0
http://202.174.245.30/login,1
https://dev.amazon.com/services,0
https://claim-reward-now.ga@adobe.com/verify,1
http://staging.salesforce.com/docs,0
https://mail.netlify.com/dashboard,0
https://www.twilio.com/home?id=30485,0
https://www.sendgrid.com/api?id=26796,0
https://mail.heroku.com/api,0
https://login-google.ru/update/update-billing/account-recovery/login,1
https://mail.ibm.com/support,0
https://www.atlassian.com/settings,0
https://staging.microsoft.com/help,0
https://congratulations-winner.ml/verify/xxxxxxxxxxxxxxxxxxxxxxxxxxxxxxxxxxxxxxxxxxxxxxxxxxxxxxxxxxxxxxxxxxxxxxxxxxxxxxxxxxxxxxxxxxxxxxxxxxxxxxxxxx/confirm,1
https://dev.dev.to/about?id=32163,0
https://netlify.com/products,0
http://82.202.2.134/login,1
https://amaz0n.com/verify/xxxxxxxxxxxxxxxxxxxxxxxxxxxxxxxxxxxxxxxxxxxxxxxxxxxxxxxxxxxxxxxxxxxxxxxxxxxxxxxxxxxxxxxxxxxxxxxxxxxxxxxxxxxxxxxxxxxxxxxxxxxxxxxxxxxxxxxxxxxxxxxxxxxxxxxxxxxxxxxxxxxxxxxxxx/confirm,1
https://amazn.com/verify,1
https://staging.google.com/?id=46642,0
http://223.201.112.31/login,1
https://staging.netflix.com/login,0
https://click-here-now.top/account-recovery/update-billing/action/login,1
https://mail.salesforce.com/help?id=44034,0
http://146.66.156.191/login,1
https://dev.oracle.com/pricing,0
https://verify-identity.cf/account-recovery/confirm-identity/login/login,1
https://dev.twilio.com/blog,0
https://api.amazon.com/register,0
https://staging.reddit.com/register?id=93008,0
https://api.apple.com/about,0
https://gogle.com/urgent-action,1
https://click-here-now.top/verify/xxxxxxxxxxxxxxxxxxxxxxxxxxxxxxxxxxxxxxxxxxxxxxxxxxxxxxxxxxxxxxxxxxxxxxxxxxxxxxxxxxxxxxxxxxxxxxxxxxxxxxxxxxxxxxx/confirm,1
https://mail.linkedin.com/about,0
https://netflix-secure.com/verify-account/secure/authenticate/login,1
https://medium.com/faq,0
http://dev.azure.microsoft.com/support,0
https://urgent-verify-account.ga@azure.microsoft.com/verify,1
https://dev.aws.amazon.com/login?id=33008,0
https://paypa1.com@dev.to/verify,1
http://26.20.90.34/login,1
https://stackoverflow-confirm.com/verify,1
http://api.paypal.com/docs,0
https://netflix.com/pricing?id=65523,0
https://confirm-facebook.ga/verify,1
https://security-confirm-bank.tk/verify,1
https://www.apple.com/docs,0
https://congratulations-winner.ml/verify/xxxxxxxxxxxxxxxxxxxxxxxxxxxxxxxxxxxxxxxxxxxxxxxxxxxxxxxxxxxxxxxxxxxxxxxxxxxxxxxxxxxxxxxxxxxxxxxxxxxxxxxxxxxxxxxxxxxxxxxxxxxxxxxxxx/confirm,1
https://facebookl.com/verify/xxxxxxxxxxxxxxxxxxxxxxxxxxxxxxxxxxxxxxxxxxxxxxxxxxxxxxxxxxxxxxxxxxxxxxxxxxxxxxxxxxxxxxxxxxxxxxxxxxxxxxxxxxxxxxxxxxxxxxxxxxxxxxxxxxxxxxxxxxxxxxxxxx/confirm,1
http://staging.netflix.com/,0
https://authenticate-apple.ga/login,1
https://amazn.com@atlassian.com/verify,1
https://gogle.ga/login,1
https://github-verify.cf/login,1
https://urgent-verify-account.ga/verify-account/account-recovery/confirm/login,1
https://azure.microsoft.com/,0
https://staging.mailchimp.com/,0
https://dev.stripe.com/support,0
https://confirm-facebook.ga/required-update,1
http://32.72.199.144/login,1
https://dev.sendgrid.com/dashboard,0
https://dev.to/dashboard?id=9390,0
https://mail.reddit.com/login,0
http://67.88.186.114/login,1
http://232.147.152.154/login,1
http://203.179.103.125/login,1
https://amazn.com/verify/xxxxxxxxxxxxxxxxxxxxxxxxxxxxxxxxxxxxxxxxxxxxxxxxxxxxxxxxxxxxxxxxxxxxxxxxxxxxxxxxxxxxxxxxxxxxxxxxxxxxxxxxxxxxxxxxxxxxxxxxxxxxxxxxxx/confirm,1
https://www.atlassian.com/home,0
https://www.jira.com/home,0
https://login-google.xyz/login,1
http://73.207.36.12/login,1
https://staging.linkedin.com/?id=76765,0
https://validate-netflix.xyz/confirm,1
https://validate-netflix.xyz@medium.com/verify,1
https://github-verify.com@twilio.com/verify,1
https://api.salesforce.com/blog,0
https://mail.notion.so/products?id=97475,0
https://verify-amazon.ml/login,1
https://staging.trello.com/docs?id=77450,0
https://www.cloud.google.com/settings?id=40264,0
https://api.ibm.com/home,0
https://congratulations-winner.gq/login,1
https://linkedin-login.com/verify/xxxxxxxxxxxxxxxxxxxxxxxxxxxxxxxxxxxxxxxxxxxxxxxxxxxxxxxxxxxxxxxxxxxxxxxxxxxxxxxxxxxxxxxxxxxxxxxxxxxxxxxxxxxxxxxxxxxxxxxxxxxxxxxxxxxxxxxxxxxxxxxxxxxxxxxxxxxxxxxxxxxxxxxx/confirm,1
https://dev.linkedin.com/login,0
https://gogle.com/login,1
https://account-update-microsoft.ml/verify/xxxxxxxxxxxxxxxxxxxxxxxxxxxxxxxxxxxxxxxxxxxxxxxxxxxxxxxxxxxxxxxxxxxxxxxxxxxxxxxxxxxxxxxxxxxxxxxxxxxxxxxxxxxxxxxxxxxxxxxxxxxxxxxxxxxxxxxxxxxxxxxxxxxxxxxxxxxxxxxxxxxxxxxxxxxxxxxxxxxxxx/confirm,1
https://staging.twilio.com/services?id=5340,0
https://account-update-microsoft.ml/urgent-action,1
https://api.slack.com/faq,0
https://staging.sketch.com/services,0
https://api.medium.com/products,0
https://linkedin.com/about?id=36176,0
https://staging.github.com/api?id=14286,0
https://api.amazon.com/blog,0
http://www.cloud.google.com/support,0
https://verify-amazon.tk/verify,1
https://www.github.com/settings?id=64077,0
https://congratulations-winner.ml/verify,1
https://api.twilio.com/blog,0
http://api.github.com/account,0
https://mail.azure.microsoft.com/support,0
https://secure-paypal.top/verify,1
https://limited-time-offer.tk/verify,1
https://dev.atlassian.com/login?id=75393,0
https://github-verify.com/authenticate/action/account-recovery/login,1
https://api.linkedin.com/services,0
https://dev.twitter.com/support,0
https://dev.sketch.com/,0
https://account-update-microsoft.top/login,1
https://dev.twitter.com/help,0
https://dev.google.com/help,0
https://api.atlassian.com/help,0
https://account-update-microsoft.ml/verify-payment/secure/verify-account/login,1
https://staging.github.com/register?id=45849,0
https://verify-apple-id.gq/secure/validate/update-billing/login,1
http://146.140.136.251/login,1
https://dev.wikipedia.org/api?id=21650,0
https://api.oracle.com/pricing,0
https://www.facebook.com/dashboard?id=85042,0
https://twitter.com/services,0
http://mail.paypal.com/faq,0
http://158.135.14.82/login,1
https://gogle.com/verify/xxxxxxxxxxxxxxxxxxxxxxxxxxxxxxxxxxxxxxxxxxxxxxxxxxxxxxxxxxxxxxxxxxxxxxxxxxxxxxxxxxxxxxxxxxxxxxxxxxxxxxxxxxxxxxxxxxxxxxxxxxxxxxxxxxxxx/confirm,1
https://confirm-facebook.ga/validate/validate/update-billing/login,1
https://secure-paypal.ga/login,1
https://staging.jira.com/blog,0
https://urgent-verify-account.top/login,1
https://staging.cloud.google.com/products?id=35575,0
https://staging.wikipedia.org/account,0
https://api.stripe.com/contact?id=6411,0
https://staging.stripe.com/help?id=32101,0
https://gogle.com@medium.com/verify,1
http://120.213.192.190/login,1
https://verify-amazon.tk@linkedin.com/verify,1
https://limited-time-offer.tk@github.com/verify,1
https://update-twitter.info/verify,1
https://facebookl.com/verify-account,1
https://g00gle.com/secure/authenticate/login/login,1
https://dev.firebase.com/settings?id=11788,0
https://security-confirm-bank.tk@paypal.com/verify,1
https://dev.facebook.com/docs,0
https://verify-amazon.ga/login,1
http://126.51.228.142/login,1
https://dev.medium.com/pricing,0
https://confirm-facebook.ga@dev.to/verify,1
http://137.126.202.130/login,1
http://staging.amazon.com/faq,0
https://account-update-microsoft.ml/verify,1
https://jira.com/login,0
https://validate-netflix.gq/login,1
https://api.firebase.com/login,0
https://staging.mailchimp.com/support,0
https://click-here-now.top/verify/xxxxxxxxxxxxxxxxxxxxxxxxxxxxxxxxxxxxxxxxxxxxxxxxxxxxxxxxxxxxxxxxxxxxxxxxxxxxxxxxxxxxxxxxxxxxxxxxxxxxxxxxxxxxxxxxxxxxxxxxxxxxxxxxxxxxxxxxxxxxxxxxxxxxxxxxxxxxxxx/confirm,1
https://twitter.com/support,0
https://mail.sketch.com/home,0
http://api.netflix.com/services,0
https://amaz0n.com/verify,1
https://confirm-facebook.ga/verify/xxxxxxxxxxxxxxxxxxxxxxxxxxxxxxxxxxxxxxxxxxxxxxxxxxxxxxxxxxxxxxxxxxxxxxxxxxxxxxxxxxxxxxxxxxxxxxxxxxxxxxxxxxxxxxxxxxxxxxxxxxxxxxxxxxxxxxxxxxxxxxxxx/confirm,1
https://verify-identity.cf/verify/xxxxxxxxxxxxxxxxxxxxxxxxxxxxxxxxxxxxxxxxxxxxxxxxxxxxxxxxxxxxxxxxxxxxxxxxxxxxxxxxxxxxxxxxxxxxxxxxxxxxxxxxxxxxxxxxxxxxxxxxxxxxxxxxxxx/confirm,1
https://mail.asana.com/register,0
http://dev.stripe.com/products?id=61115,0
https://api.stackoverflow.com/account,0
https://www.slack.com/contact,0
https://mail.jira.com/faq,0
https://click-here-now.top@linkedin.com/verify,1
https://dev.medium.com/docs,0
https://www.heroku.com/home,0
https://dev.facebook.com/services?id=65920,0
https://click-here-now.top/confirm,1
https://api.mailchimp.com/register,0
https://verify-amazon.xyz/login,1
https://secure-paypal.gq/login,1
https://mail.paypal.com/support,0
https://azure.microsoft.com/profile,0
https://mail.microsoft.com/contact,0
https://support-steam.pw/verify,1
https://mail.twitter.com/support?id=24076,0
https://amaz0n.com/account-recovery,1
https://congratulations-winner.ml@reddit.com/verify,1
https://congratulations-winner.ml/login,1
https://stackoverflow-confirm.com@oracle.com/verify,1
https://paypa1.com/verify/xxxxxxxxxxxxxxxxxxxxxxxxxxxxxxxxxxxxxxxxxxxxxxxxxxxxxxxxxxxxxxxxxxxxxxxxxxxxxxxxxxxxxxxxxxxxxxxxxxxxxxxxxxxxxxxxxxxxxxx/confirm,1
http://42.83.180.103/login,1
https://staging.twilio.com/docs,0
https://gogle.com/verify,1
https://validate-netflix.xyz/signin/account-recovery/confirm-identity/login,1
https://update-twitter.info/verify/xxxxxxxxxxxxxxxxxxxxxxxxxxxxxxxxxxxxxxxxxxxxxxxxxxxxxxxxxxxxxxxxxxxxxxxxxxxxxxxxxxxxxxxxxxxxxxxxxxxxxxxxxxxxxxxxxxxxxxxxxxxxxxxxxxxxxxxxxxxxxxxxxxxxxxxxxxxxxxxx/confirm,1
https://amazn.com@azure.microsoft.com/verify,1
https://update-twitter.ml/login,1
https://mail.medium.com/contact,0
https://jira.com/about?id=91185,0
https://security-confirm-bank.tk/claim-reward/update-billing/verify-payment/login,1
https://mail.vercel.com/products?id=24858,0
https://authenticate-apple.top/login,1
http://34.0.133.29/login,1
https://api.atlassian.com/about?id=5408,0
https://twtter.com/urgent-action,1
https://mail.trello.com/settings?id=71814,0
https://linkedin-login.com/urgent-action,1
http://182.97.149.202/login,1
https://www.atlassian.com/pricing?id=79553,0
http://231.108.138.123/login,1
https://staging.wikipedia.org/pricing,0
https://ibm.com/about,0
https://login-google.ru/verify,1
https://dev.heroku.com/blog,0
http://staging.atlassian.com/api,0
https://youtube.com/,0
https://linkedin-login.com/verify,1
https://account-update-microsoft.top/login,1
https://urgent-verify-account.cf/login,1
https://paypa1.com@trello.com/verify,1
https://authenticate-apple.cf/verify,1
https://apple.com/support,0
https://click-here-now.top/claim-reward/verify/verify-payment/login,1
https://asana.com/api,0
https://www.figma.com/register,0
https://twtter.com@medium.com/verify,1
https://api.dev.to/register,0
https://confirm-facebook.ga/security-check,1
https://dev.sketch.com/settings,0
https://click-here-now.top/verify,1
https://api.jira.com/profile,0
https://staging.cloud.google.com/login,0
https://amazn.com/confirm,1
https://linkedin-login.com/signin,1
https://authenticate-apple.ml/login,1
https://security-confirm-bank.tk/verify/xxxxxxxxxxxxxxxxxxxxxxxxxxxxxxxxxxxxxxxxxxxxxxxxxxxxxxxxxxxxxxxxxxxxxxxxxxxxxxxxxxxxxxxxxxxxxxxxxxxxxxxxxxxxxxxxxxxxxxxxxxxxxxxxxxxxxxxxxxxxxxxxxxxx/confirm,1
https://www.sendgrid.com/blog?id=46217,0
https://api.linkedin.com/,0
https://staging.microsoft.com/help?id=18507,0
https://staging.figma.com/api,0
https://twtter.com@wikipedia.org/verify,1
https://account-update-microsoft.ml/login,1
https://www.wikipedia.org/dashboard,0
https://claim-reward-now.ga/verify,1
https://dev.paypal.com/login?id=65624,0
https://api.sendgrid.com/about,0
https://www.twilio.com/register?id=95281,0
https://secure-paypal.top/verify,1
https://slack.com/api,0
https://staging.amazon.com/faq,0
https://verify-apple-id.gq/action/verify/confirm/login,1
https://github-verify.ga/login,1
https://dev.salesforce.com/help,0
https://update-twitter.ml/login,1
https://aws.amazon.com/products,0
https://staging.amazon.com/login,0
https://mail.medium.com/contact,0
http://dev.ibm.com/,0
https://api.amazon.com/profile,0
https://dev.figma.com/settings,0
http://www.youtube.com/api?id=22322,0
https://dev.wikipedia.org/api?id=77304,0
https://verify-apple-id.gq/verify/xxxxxxxxxxxxxxxxxxxxxxxxxxxxxxxxxxxxxxxxxxxxxxxxxxxxxxxxxxxxxxxxxxxxxxxxxxxxxxxxxxxxxxxxxxxxxxxxxxxxxxxxxxxxxxxxxxxxxxxxxxxxxxxxxxxxxxxxxxxxxxxxxxxxxxxxxxxxxxxxxxxxxxxxxxxxxxxxxxxxxx/confirm,1
https://linkedin-login.com/verify,1
https://secure-paypal.top@reddit.com/verify,1
https://stripe.com/products,0
https://netflix-secure.com/verify,1
https://facbook.com/verify,1
http://255.244.7.255/login,1
https://claim-reward-now.ga/verify/xxxxxxxxxxxxxxxxxxxxxxxxxxxxxxxxxxxxxxxxxxxxxxxxxxxxxxxxxxxxxxxxxxxxxxxxxxxxxxxxxxxxxxxxxxxxxxxxxxxxxxxxxxxxxxxxxxxxxxxxxxxxxxxxxxxxxxxxxxxxxxxxxxxxxxxxxxxxxxxxxxxxxxxxxxxxxxxxxx/confirm,1
https://facbook.com/authenticate,1
https://netflix-secure.com/verify,1
https://amaz0n.com/verify-account/authenticate/urgent-action/login,1
https://staging.slack.com/blog?id=97254,0
https://paypa1.com/verify,1
https://dev.aws.amazon.com/profile,0
http://198.26.246.76/login,1
https://asana.com/home,0
https://api.figma.com/help,0
https://verify-apple-id.gq@reddit.com/verify,1
https://linkedin-login.com/account-recovery,1
http://dev.slack.com/register,0
https://staging.heroku.com/docs?id=71046,0
https://asana.com/faq,0
http://staging.github.com/,0
https://api.wikipedia.org/docs?id=44174,0
http://wikipedia.org/products,0
http://175.173.92.12/login,1
http://251.123.194.216/login,1
https://api.github.com/register?id=20761,0
https://www.salesforce.com/account,0
https://support-steam.pw/account-recovery,1
https://verify-identity.cf/verify,1
https://verify-apple-id.gq/confirm/secure/confirm/login,1
https://staging.reddit.com/contact,0
https://staging.cloud.google.com/login,0
https://api.amazon.com/api,0
https://dev.linkedin.com/docs?id=33767,0
https://api.twilio.com/products,0
https://aws.amazon.com/contact?id=50330,0
https://www.trello.com/blog,0
https://dev.trello.com/login,0
https://verify-identity.top/login,1
https://limited-time-offer.tk/verify-account,1
https://mail.notion.so/profile,0
https://amazn.com@netlify.com/verify,1
https://www.stripe.com/blog,0
https://mail.notion.so/docs,0
https://api.notion.so/docs?id=63400,0
https://dev.netlify.com/login,0
https://api.heroku.com/home,0
https://staging.atlassian.com/about,0
http://148.96.218.204/login,1
https://verify-apple-id.gq/update-billing/verify-payment/login/login,1
https://account-update-microsoft.ml/verify/xxxxxxxxxxxxxxxxxxxxxxxxxxxxxxxxxxxxxxxxxxxxxxxxxxxxxxxxxxxxxxxxxxxxxxxxxxxxxxxxxxxxxxxxxxxxxxxxxxxxxxxxxxxxxxxxxxxxxxxxxxxxxxxxxxxxxxxxxxxxx/confirm,1
http://32.55.78.162/login,1
https://api.dev.to/api,0
https://limited-time-offer.tk/verify,1
https://mail.twitter.com/contact?id=46338,0
https://validate-netflix.tk/login,1
http://staging.oracle.com/faq,0
https://mail.heroku.com/login,0
https://www.twilio.com/support,0
https://dev.notion.so/docs?id=89838,0
https://confirm-facebook.ru/login,1
https://mail.stackoverflow.com/pricing?id=85734,0
http://163.148.101.185/login,1
http://211.233.132.107/login,1
https://mail.apple.com/home,0
https://twtter.com/validate,1
https://api.stripe.com/faq,0
https://validate-netflix.xyz/action/urgent-action/confirm/login,1
https://verify-amazon.tk/verify/validate/login/login,1
https://twtter.ga/login,1
https://dev.youtube.com/help,0
https://www.sendgrid.com/profile?id=79204,0
https://g00gle.ml/login,1
https://dev.notion.so/pricing,0
https://congratulations-winner.ml/verify,1
https://login-google.ru/verify/xxxxxxxxxxxxxxxxxxxxxxxxxxxxxxxxxxxxxxxxxxxxxxxxxxxxxxxxxxxxxxxxxxxxxxxxxxxxxxxxxxxxxxxxxxxxxxxxxxxxxxxxxxxxxxxxxxxxxxxxxxxxxxxxxxxxxxxxx/confirm,1
https://api.vercel.com/pricing,0
http://firebase.com/register?id=77850,0
http://115.247.177.254/login,1
https://g00gle.com/update-billing/validate/authenticate/login,1
https://staging.facebook.com/products,0
https://congratulations-winner.ml@facebook.com/verify,1
https://secure-paypal.top/verify,1
https://account-update-microsoft.ml/signin,1
https://dev.apple.com/home,0
https://secure-paypal.xyz/login,1
http://148.146.32.246/login,1
http://192.81.200.74/login,1
https://heroku.com/faq,0
https://confirm-facebook.ga/verify/xxxxxxxxxxxxxxxxxxxxxxxxxxxxxxxxxxxxxxxxxxxxxxxxxxxxxxxxxxxxxxxxxxxxxxxxxxxxxxxxxxxxxxxxxxxxxxxxxxxxxxxxxxxxxxxxxxxxxxxxxxxxxxxxxxxxxxxxxxxxxxxxxxxxxxxxxxxxxxxxxxxxxxxxxxxxxxxxxx/confirm,1
https://staging.twilio.com/blog,0
https://netflix-secure.com/update,1
https://linkedin-login.com/verify/update/verify-payment/login,1
https://www.google.com/faq?id=4538,0
https://validate-netflix.xyz@medium.com/verify,1
https://staging.aws.amazon.com/api?id=83935,0
https://netlify.com/profile?id=57247,0
https://www.adobe.com/register,0
https://dev.jira.com/register?id=65885,0
http://212.110.129.32/login,1
https://netflix-secure.com/verify/xxxxxxxxxxxxxxxxxxxxxxxxxxxxxxxxxxxxxxxxxxxxxxxxxxxxxxxxxxxxxxxxxxxxxxxxxxxxxxxxxxxxxxxxxxxxxxxxxxxxxxxxxxxxxxxxxxxxxxxxxxxxxxxxxxx/confirm,1
https://support-steam.pw@adobe.com/verify,1
https://validate-netflix.xyz@dev.to/verify,1
https://api.paypal.com/account?id=11308,0
https://notion.so/home?id=49162,0
https://limited-time-offer.tk/verify,1
https://www.stripe.com/home?id=81994,0
https://api.facebook.com/help?id=47090,0
https://click-here-now.top/verify,1
https://mail.facebook.com/about?id=93609,0
https://mail.dev.to/blog,0
https://www.asana.com/dashboard,0
https://www.linkedin.com/dashboard,0
https://stackoverflow-confirm.ru/login,1
https://dev.medium.com/profile?id=3524,0
https://confirm-facebook.ga/verify,1
https://login-google.top/login,1
https://vercel.com/services,0
https://verify-amazon.ml/login,1
https://gogle.com/signin/authenticate/authenticate/login,1
https://account-update-microsoft.ml/verify/xxxxxxxxxxxxxxxxxxxxxxxxxxxxxxxxxxxxxxxxxxxxxxxxxxxxxxxxxxxxxxxxxxxxxxxxxxxxxxxxxxxxxxxxxxxxxxxxxxxxxxxxxxxxxxxxxxxxxxxxxxxxxxxxxxxxxxxxxxx/confirm,1
https://click-here-now.top/confirm,1
https://staging.amazon.com/settings,0
https://congratulations-winner.ml/update,1
https://claim-reward-now.ga/confirm-identity,1
http://staging.jira.com/support?id=56581,0
http://185.182.178.214/login,1
http://141.18.103.53/login,1
https://netflix-secure.tk/login,1
https://mail.adobe.com/docs,0
https://verify-identity.cf/verify,1
https://validate-netflix.xyz/required-update/account-recovery/confirm/login,1
https://verify-identity.cf@oracle.com/verify,1
https://urgent-verify-account.ga/login,1
https://congratulations-winner.ml@stripe.com/verify,1
https://support-steam.pw/verify,1
https://www.trello.com/login,0
https://api.wikipedia.org/blog,0
https://staging.google.com/products,0
https://staging.sketch.com/docs,0
https://paypa1.com/login/secure/verify-account/login,1
http://mail.oracle.com/services?id=42703,0
https://www.github.com/docs?id=21059,0
https://security-confirm-bank.tk/required-update/validate/required-update/login,1
https://verify-apple-id.gq@github.com/verify,1
https://mail.slack.com/,0
http://dev.ibm.com/pricing?id=89797,0
https://api.invision.com/faq?id=27795,0
https://authenticate-apple.cf/verify,1
https://validate-netflix.xyz@azure.microsoft.com/verify,1
https://linkedin-login.com/verify,1
https://twtter.com/verify/xxxxxxxxxxxxxxxxxxxxxxxxxxxxxxxxxxxxxxxxxxxxxxxxxxxxxxxxxxxxxxxxxxxxxxxxxxxxxxxxxxxxxxxxxxxxxxxxxxxxxxxxxxxxxxxxxxxxxxxxxxxxxxxxxxxxxxxxxxxxxxxxxx/confirm,1
https://staging.medium.com/help,0
https://facebookl.com@medium.com/verify,1
https://staging.invision.com/home,0
https://paypa1.com/required-update,1
https://www.adobe.com/settings,0
https://update-twitter.xyz/login,1
https://amazn.com/confirm,1
https://verify-amazon.tk/verify/xxxxxxxxxxxxxxxxxxxxxxxxxxxxxxxxxxxxxxxxxxxxxxxxxxxxxxxxxxxxxxxxxxxxxxxxxxxxxxxxxxxxxxxxxxxxxxxxxxxxxxxxxxxxxxxxxxxxxxxxxxxxxxxxxxxxxxxxxxxxxxxxxxxxxxxxxxxxxx/confirm,1
https://www.wikipedia.org/pricing?id=911,0
https://dev.asana.com/account?id=48152,0
https://mail.firebase.com/profile,0
https://amazn.com/verify,1
https://authenticate-apple.cf/verify,1
https://support-steam.pw/verify,1
https://staging.sendgrid.com/pricing,0
https://support-steam.pw/update/verify/action/login,1
https://www.sendgrid.com/help,0
https://dev.vercel.com/api,0
https://api.invision.com/blog,0
https://api.facebook.com/api,0
https://netflix-secure.com@slack.com/verify,1
https://mail.github.com/help,0
http://198.221.254.254/login,1
https://limited-time-offer.tk/verify,1
https://www.sendgrid.com/blog,0
https://facbook.com/verify,1
https://mail.sendgrid.com/faq?id=98574,0
https://facbook.com@reddit.com/verify,1
https://api.azure.microsoft.com/support,0
https://claim-reward-now.ga/verify/xxxxxxxxxxxxxxxxxxxxxxxxxxxxxxxxxxxxxxxxxxxxxxxxxxxxxxxxxxxxxxxxxxxxxxxxxxxxxxxxxxxxxxxxxxxxxxxxxxxxxxxxxxxxxxxxxxxxxxxxxxxxxxxxxxxxxxxxxxxxxxxxxxxxxxxxxxxxxxxxxxxxxxxxxxxxxxxxxxxxxxxxxxxxxxxx/confirm,1
https://api.notion.so/register,0
https://github-verify.com/urgent-action,1
https://api.linkedin.com/account?id=9018,0
https://authenticate-apple.cf/verify,1
https://stripe.com/dashboard,0
https://facbook.com@stackoverflow.com/verify,1
https://dev.facebook.com/pricing,0
https://verify-apple-id.gq@mailchimp.com/verify,1
https://verify-identity.cf@atlassian.com/verify,1
https://urgent-verify-account.ga/verify,1
https://click-here-now.top/verify/xxxxxxxxxxxxxxxxxxxxxxxxxxxxxxxxxxxxxxxxxxxxxxxxxxxxxxxxxxxxxxxxxxxxxxxxxxxxxxxxxxxxxxxxxxxxxxxxxxxxxxxxxxxxxxxxxxxxxxxxxxxxxxxxxxxxxxxxxxxxxxxxxxxxxxxxx/confirm,1
https://netflix-secure.com/claim-reward/verify-payment/account-recovery/login,1
https://mail.adobe.com/docs,0
https://sketch.com/login?id=41846,0
https://dev.google.com/support,0
https://g00gle.com@amazon.com/verify,1
https://www.azure.microsoft.com/products,0
https://login-google.ga/login,1
https://support-steam.pw/signin,1
https://api.heroku.com/products?id=8304,0
http://dev.adobe.com/login,0
https://www.adobe.com/contact,0
https://verify-identity.cf/verify,1
https://www.atlassian.com/docs,0
http://25.68.106.237/login,1
https://www.youtube.com/profile,0
https://api.notion.so/about,0
https://staging.azure.microsoft.com/help?id=96723,0
https://staging.notion.so/login,0
https://limited-time-offer.tk@heroku.com/verify,1
http://mail.youtube.com/about,0
https://www.linkedin.com/faq,0
https://support-steam.pw@google.com/verify,1
https://www.adobe.com/account?id=84798,0
https://g00gle.com/update/required-update/claim-reward/login,1
https://validate-netflix.xyz/verify,1
https://login-google.ru/verify,1
https://mail.medium.com/account,0
https://api.adobe.com/register,0
https://secure-paypal.gq/login,1
https://click-here-now.tk/login,1
https://update-twitter.info/verify,1
https://support-steam.pw/login,1
https://authenticate-apple.cf/signin/update-billing/verify/login,1
https://www.netflix.com/contact,0
https://gogle.com/verify-payment,1
https://paypa1.com/verify,1
http://www.amazon.com/dashboard,0
https://dev.sendgrid.com/register?id=861,0
https://api.wikipedia.org/docs,0
https://slack.com/about,0
https://api.microsoft.com/about,0
https://authenticate-apple.cf/confirm-identity/security-check/required-update/login,1
https://mail.heroku.com/profile,0
https://twitter.com/account,0
http://mail.amazon.com/account,0
https://mail.microsoft.com/settings,0
https://support-steam.ru/login,1
https://security-confirm-bank.tk@apple.com/verify,1
http://216.172.202.147/login,1
https://api.azure.microsoft.com/profile,0
https://dev.slack.com/register?id=41002,0
https://urgent-verify-account.ga@slack.com/verify,1
https://urgent-verify-account.ga/verify/xxxxxxxxxxxxxxxxxxxxxxxxxxxxxxxxxxxxxxxxxxxxxxxxxxxxxxxxxxxxxxxxxxxxxxxxxxxxxxxxxxxxxxxxxxxxxxxxxxxxxxxxxxxxxxxxxxxxxxxxxxxxxxxxxxxxxxxxxxxxxxxxxxxxxxxxxxxxxxxxx/confirm,1
https://api.vercel.com/contact,0
http://27.17.75.123/login,1
https://www.salesforce.com/register,0
https://secure-paypal.top/verify/xxxxxxxxxxxxxxxxxxxxxxxxxxxxxxxxxxxxxxxxxxxxxxxxxxxxxxxxxxxxxxxxxxxxxxxxxxxxxxxxxxxxxxxxxxxxxxxxxxxxxxxx/confirm,1
https://account-update-microsoft.ml@oracle.com/verify,1
https://facebookl.com/verify/xxxxxxxxxxxxxxxxxxxxxxxxxxxxxxxxxxxxxxxxxxxxxxxxxxxxxxxxxxxxxxxxxxxxxxxxxxxxxxxxxxxxxxxxxxxxxxxxxxxxxxxxxxxxxxxxxxxxxxxxxxxxxxxxxxxxxxxxxxxxxxxxxxxxxxxxxxxxxxxxxxxxxxxxxxxxxxxxxxxxxxxxxxxxx/confirm,1
https://claim-reward-now.ga/account-recovery,1
https://secure-paypal.top/required-update,1
http://113.162.95.10/login,1
https://dev.sendgrid.com/profile,0
https://verify-amazon.tk@salesforce.com/verify,1
http://66.160.94.102/login,1
https://netflix-secure.com@mailchimp.com/verify,1
https://facebookl.com@invision.com/verify,1
https://www.amazon.com/account?id=57858,0
https://mail.sketch.com/login,0
https://mail.stripe.com/docs,0
https://login-google.ru/signin,1
https://urgent-verify-account.ga/verify,1
https://dev.firebase.com/settings?id=53352,0
https://mail.azure.microsoft.com/services?id=87182,0
https://click-here-now.top/urgent-action/login/validate/login,1
https://linkedin-login.com@atlassian.com/verify,1
https://www.apple.com/api,0
https://reddit.com/blog?id=33340,0
https://mail.facebook.com/services,0
https://authenticate-apple.cf/verify,1
https://secure-paypal.top/verify/xxxxxxxxxxxxxxxxxxxxxxxxxxxxxxxxxxxxxxxxxxxxxxxxxxxxxxxxxxxxxxxxxxxxxxxxxxxxxxxxxxxxxxxxxxxxxxxxxxxxxxxxxxxxxxxxxxxxxxxxxxxxxxxxxxxxxxxxxxxxxxxxxxxxxxxxxxxxxxx/confirm,1
https://api.trello.com/profile?id=92766,0
https://mail.netflix.com/,0
https://api.reddit.com/account?id=12269,0
https://mail.dev.to/contact,0
https://account-update-microsoft.ml/security-check/login/claim-reward/login,1
http://75.132.132.156/login,1
http://netlify.com/register?id=82246,0
http://staging.stackoverflow.com/about,0
https://mail.invision.com/home?id=69834,0
https://facbook.com@oracle.com/verify,1
https://www.cloud.google.com/services,0
https://staging.aws.amazon.com/faq,0
http://mail.jira.com/settings?id=51233,0
https://mail.aws.amazon.com/products,0
https://validate-netflix.xyz/verify/xxxxxxxxxxxxxxxxxxxxxxxxxxxxxxxxxxxxxxxxxxxxxxxxxxxxxxxxxxxxxxxxxxxxxxxxxxxxxxxxxxxxxxxxxxxxxxxxxxxxxxxxxxxxxxxxxxxxxxxxxxxxxxxxxxxxxxxxxxxxxxxxxxxxxxxxxxxxxxxxxxxxxxxxxxxxxxxxxxxxxxxxxx/confirm,1
https://amazn.com/security-check,1
https://staging.twitter.com/faq,0
https://api.linkedin.com/pricing,0
https://paypa1.cf/login,1
https://api.figma.com/products,0
https://verify-identity.cf/verify-account/claim-reward/verify/login,1
http://79.77.200.239/login,1
https://trello.com/home,0
https://figma.com/contact,0
https://dev.google.com/login,0
https://www.facebook.com/help,0
http://124.8.34.113/login,1
https://medium.com/profile,0
https://api.ibm.com/blog,0
https://staging.stackoverflow.com/api?id=54942,0
https://limited-time-offer.tk/update/claim-reward/security-check/login,1
https://paypa1.com/verify/xxxxxxxxxxxxxxxxxxxxxxxxxxxxxxxxxxxxxxxxxxxxxxxxxxxxxxxxxxxxxxxxxxxxxxxxxxxxxxxxxxxxxxxxxxxxxxxxxxxxxxxxxxxxxxxxxxxxxxxxxxxxxxxxxxxxxxxxxx/confirm,1
https://staging.cloud.google.com/products,0
http://azure.microsoft.com/services,0
https://www.facebook.com/support,0
https://login-google.ru/verify/xxxxxxxxxxxxxxxxxxxxxxxxxxxxxxxxxxxxxxxxxxxxxxxxxxxxxxxxxxxxxxxxxxxxxxxxxxxxxxxxxxxxxxxxxxxxxxxxxxxxxxxxxxxxxxxxxxxxxx/confirm,1
https://www.aws.amazon.com/help?id=41895,0
http://dev.reddit.com/contact,0
https://asana.com/dashboard,0
https://amazn.com/verify/xxxxxxxxxxxxxxxxxxxxxxxxxxxxxxxxxxxxxxxxxxxxxxxxxxxxxxxxxxxxxxxxxxxxxxxxxxxxxxxxxxxxxxxxxxxxxxxxxxxxxxxxxxxxxxxxxxxxxxxxxxxxxxxxxxxxxxxxxx/confirm,1
https://wikipedia.org/account?id=82964,0
https://congratulations-winner.ml/verify/xxxxxxxxxxxxxxxxxxxxxxxxxxxxxxxxxxxxxxxxxxxxxxxxxxxxxxxxxxxxxxxxxxxxxxxxxxxxxxxxxxxxxxxxxxxxxxxxxxxx/confirm,1
https://www.youtube.com/blog,0
https://twtter.com/confirm-identity,1
https://amazn.com/verify-payment,1
http://21.246.235.84/login,1
https://amazn.com/update-billing,1
https://dev.netlify.com/faq,0
https://api.github.com/pricing,0
http://49.51.71.70/login,1
https://microsoft.com/blog?id=71731,0
http://155.187.64.35/login,1
https://paypal.com/register?id=88421,0
http://dev.microsoft.com/profile,0
https://dev.azure.microsoft.com/home,0
https://account-update-microsoft.ml/verify,1
https://claim-reward-now.ga@twilio.com/verify,1
https://twtter.com@adobe.com/verify,1
https://mail.medium.com/products?id=19514,0
https://staging.invision.com/register,0
https://update-twitter.info/verify,1
https://verify-apple-id.gq/urgent-action,1
https://staging.vercel.com/login,0
https://click-here-now.top/security-check,1
https://stackoverflow-confirm.com/required-update/secure/update-billing/login,1
https://invision.com/faq?id=7197,0
https://amaz0n.com@microsoft.com/verify,1
http://33.206.154.141/login,1
https://staging.paypal.com/register,0
https://staging.atlassian.com/dashboard,0
https://gogle.com/security-check/update-billing/signin/login,1
https://confirm-facebook.ga/urgent-action,1
https://facebook.com/faq?id=47204,0
https://api.adobe.com/settings?id=77043,0
https://paypa1.com@aws.amazon.com/verify,1
https://facbook.xyz/login,1
https://account-update-microsoft.ml/verify/xxxxxxxxxxxxxxxxxxxxxxxxxxxxxxxxxxxxxxxxxxxxxxxxxxxxxxxxxxxxxxxxxxxxxxxxxxxxxxxxxxxxxxxxxxxxxxxxxxxxxxxxxxxx/confirm,1
https://staging.cloud.google.com/services,0
http://145.244.222.125/login,1
https://api.figma.com/blog,0
https://twtter.com/security-check/update/update-billing/login,1
https://api.atlassian.com/api,0
https://paypa1.com@atlassian.com/verify,1
https://verify-identity.cf/verify,1
https://stackoverflow.com/blog,0
http://219.125.188.125/login,1
https://support-steam.pw/confirm-identity/account-recovery/action/login,1
https://www.wikipedia.org/contact?id=71043,0
https://mail.notion.so/profile,0
http://6.193.69.242/login,1
https://api.sketch.com/account,0
https://www.adobe.com/profile,0
https://netflix-secure.gq/login,1
https://authenticate-apple.cf/verify,1
http://121.228.112.10/login,1
https://sendgrid.com/settings,0
https://netflix-secure.com@vercel.com/verify,1
https://verify-amazon.tk/verify/xxxxxxxxxxxxxxxxxxxxxxxxxxxxxxxxxxxxxxxxxxxxxxxxxxxxxxxxxxxxxxxxxxxxxxxxxxxxxxxxxxxxxxxxxxxxxxxxxxxxxxxxxxxxxxxxxxxxxxxxxxxxxxxxxxxxxxxxxxxxxxxxxxxxxxxxxxxxxxxxxxxxxxxxxxx/confirm,1
https://staging.stripe.com/pricing,0
https://paypa1.com@firebase.com/verify,1
http://233.164.221.3/login,1
https://linkedin-login.com/verify,1
https://verify-apple-id.gq/verify/xxxxxxxxxxxxxxxxxxxxxxxxxxxxxxxxxxxxxxxxxxxxxxxxxxxxxxxxxxxxxxxxxxxxxxxxxxxxxxxxxxxxxxxxxxxxxxxxxxxxxxxxxxxxxxxxxxxxxxxxxxxxxxxxxxxxxxxxxxxxxxxxxxxxxxxxxxxxxxxxxxxxxxxxxxxxxxxxxxxxxxxxx/confirm,1
https://www.youtube.com/account,0
https://api.wikipedia.org/services?id=51134,0
https://dev.heroku.com/home?id=80413,0
https://staging.netflix.com/help,0
https://gogle.com/verify,1
https://g00gle.com/verify-account,1
https://account-update-microsoft.ml/verify/xxxxxxxxxxxxxxxxxxxxxxxxxxxxxxxxxxxxxxxxxxxxxxxxxxxxxxxxxxxxxxxxxxxxxxxxxxxxxxxxxxxxxxxxxxxxxxxxxxxxxxxxxxxxxxxxxxxxxxxxxxxxxxxxxxxxxxxxxxxxxxxxxxxxxxxxxxxxxxxxxxxxxxxxxxxxxxxxxxxxxxxxxxxxxxxxxxxx/confirm,1
https://mail.reddit.com/settings,0
https://api.amazon.com/,0
https://support-steam.pw@netflix.com/verify,1
https://staging.trello.com/docs,0
https://facbook.com/claim-reward,1
https://dev.paypal.com/,0
https://claim-reward-now.ga/update,1
https://urgent-verify-account.ga@amazon.com/verify,1
https://netflix-secure.com@youtube.com/verify,1
https://www.amazon.com/register,0
https://dev.amazon.com/blog,0
https://gogle.com/verify/xxxxxxxxxxxxxxxxxxxxxxxxxxxxxxxxxxxxxxxxxxxxxxxxxxxxxxxxxxxxxxxxxxxxxxxxxxxxxxxxxxxxxxxxxxxxxxxxxxxxxxxxxxxxxxxxxxxxxxxxxxxxxxxxxxxxxxxxxxxxxxxxxxxxxxxxxxxxxxxxxxxxxxxxxxxxxxxxxxxxxxxxxxxxxxxxxx/confirm,1
https://linkedin-login.top/login,1
https://mail.paypal.com/products,0
https://api.ibm.com/register?id=99586,0
https://gogle.com/verify,1
https://netflix.com/blog,0
https://api.wikipedia.org/faq,0
https://dev.sendgrid.com/,0
https://confirm-facebook.ga@apple.com/verify,1
https://api.twitter.com/register,0
https://validate-netflix.xyz/verify/xxxxxxxxxxxxxxxxxxxxxxxxxxxxxxxxxxxxxxxxxxxxxxxxxxxxxxxxxxxxxxxxxxxxxxxxxxxxxxxxxxxxxxxxxxxxxxxxxxxxxxxxxxxxxxxxxxxxxxxxxxxxxxxxxxxxxxxxxxxxxxxxxxxxxxxxxxxxxxxxxxxxxxxxxxxxxxxxxxxxxxxxxxxxxx/confirm,1
https://account-update-microsoft.ml/verify,1
https://mail.stackoverflow.com/api?id=43111,0
https://dev.jira.com/about,0
https://security-confirm-bank.tk/account-recovery,1
https://heroku.com/login,0
https://mail.atlassian.com/contact,0
https://confirm-facebook.ga/verify,1
https://staging.github.com/login,0
https://github-verify.com/verify,1
https://support-steam.pw/secure/signin/verify-payment/login,1
https://click-here-now.top/verify,1
https://staging.figma.com/about?id=75560,0
https://update-twitter.info/verify,1
https://www.mailchimp.com/services,0
https://account-update-microsoft.ml/verify/xxxxxxxxxxxxxxxxxxxxxxxxxxxxxxxxxxxxxxxxxxxxxxxxxxxxxxxxxxxxxxxxxxxxxxxxxxxxxxxxxxxxxxxxxxxxxxxxxxxxxxxxxx/confirm,1
https://cloud.google.com/pricing,0
https://support-steam.pw/confirm/account-recovery/validate/login,1
https://api.amazon.com/,0
https://staging.microsoft.com/profile?id=48414,0
https://amazon.com/,0
https://api.atlassian.com/products,0
https://congratulations-winner.ml/action,1
https://api.notion.so/home,0
https://amaz0n.com@facebook.com/verify,1
https://claim-reward-now.ga/verify,1
https://staging.heroku.com/dashboard,0
http://www.ibm.com/help?id=34679,0
https://dev.reddit.com/account,0
https://verify-identity.cf/urgent-action/security-check/authenticate/login,1
https://claim-reward-now.ga/login,1
https://staging.google.com/login,0
https://security-confirm-bank.tk/verify/xxxxxxxxxxxxxxxxxxxxxxxxxxxxxxxxxxxxxxxxxxxxxxxxxxxxxxxxxxxxxxxxxxxxxxxxxxxxxxxxxxxxxxxxxxxxxxxxxxxxxxxxxxxxxxxxxxxxxxxxxxxxxxxxxxxxxxxxxxxxxxxxxx/confirm,1
https://update-twitter.info/verify/xxxxxxxxxxxxxxxxxxxxxxxxxxxxxxxxxxxxxxxxxxxxxxxxxxxxxxxxxxxxxxxxxxxxxxxxxxxxxxxxxxxxxxxxxxxxxxxxxxxxxxxxxxxxxxxxxxxxxxxxxxxxxxxxxxxxxxxxxxxxxxxxxxx/confirm,1
https://stackoverflow-confirm.com/secure,1
https://staging.paypal.com/support,0
https://secure-paypal.top@mailchimp.com/verify,1
https://dev.stripe.com/,0
https://amazn.cf/login,1
https://secure-paypal.top/verify/verify/update/login,1
https://www.jira.com/home?id=50743,0
https://urgent-verify-account.ga/urgent-action/action/confirm/login,1
https://ibm.com/settings,0
https://paypa1.com@netlify.com/verify,1
https://staging.vercel.com/home?id=56146,0
https://claim-reward-now.cf/login,1
https://dev.firebase.com/faq,0
http://174.11.65.246/login,1
https://api.stripe.com/pricing,0
https://staging.atlassian.com/settings,0
http://224.7.244.237/login,1
https://dev.medium.com/services,0
https://support-steam.pw/verify,1
https://dev.firebase.com/,0
https://update-twitter.info/urgent-action/required-update/account-recovery/login,1
https://staging.microsoft.com/register,0
https://mail.stripe.com/contact,0
https://staging.slack.com/products,0
https://verify-identity.cf/verify,1
https://stackoverflow-confirm.com/confirm-identity/required-update/required-update/login,1
https://adobe.com/contact,0
https://confirm-facebook.ga@heroku.com/verify,1
https://gogle.com/signin/secure/action/login,1
https://verify-apple-id.xyz/login,1
https://netflix-secure.com@cloud.google.com/verify,1
https://twtter.com/security-check,1
https://security-confirm-bank.tk/verify/xxxxxxxxxxxxxxxxxxxxxxxxxxxxxxxxxxxxxxxxxxxxxxxxxxxxxxxxxxxxxxxxxxxxxxxxxxxxxxxxxxxxxxxxxxxxxxxxxxxxxxxxxxxxxxxxxxxxxxxxxxxxxxxxxxxxxxxxxxxxxxx/confirm,1
http://google.com/faq,0
https://validate-netflix.xyz/verify,1
https://verify-identity.cf/verify,1
https://update-twitter.info/verify,1
https://amazon.com/settings?id=82016,0
https://www.notion.so/services,0
https://update-twitter.info/verify,1
https://salesforce.com/help,0
https://click-here-now.top@aws.amazon.com/verify,1
http://apple.com/dashboard,0
https://verify-amazon.tk/verify/xxxxxxxxxxxxxxxxxxxxxxxxxxxxxxxxxxxxxxxxxxxxxxxxxxxxxxxxxxxxxxxxxxxxxxxxxxxxxxxxxxxxxxxxxxxxxxxxxxxx/confirm,1
https://api.azure.microsoft.com/profile,0
https://urgent-verify-account.ga/verify,1
https://api.mailchimp.com/dashboard,0
https://paypal.com/profile,0
https://facbook.com@adobe.com/verify,1
https://gogle.com/urgent-action/update-billing/update/login,1
http://mail.google.com/settings,0
https://github-verify.com/verify/xxxxxxxxxxxxxxxxxxxxxxxxxxxxxxxxxxxxxxxxxxxxxxxxxxxxxxxxxxxxxxxxxxxxxxxxxxxxxxxxxxxxxxxxxxxxxxxxxxxxxxxxxxxxxxxxxxxxxxxxxxxxxxxxxxxxxxxxxxxxxxxxxxxxxxxxxxxxxxxxxxxxxxxxxxxxxx/confirm,1
https://limited-time-offer.tk@twitter.com/verify,1
http://mail.netlify.com/about,0
https://urgent-verify-account.ga/verify,1
https://api.google.com/support?id=16819,0
https://amazn.com/authenticate/signin/verify-account/login,1
https://www.github.com/products,0
https://facebookl.com/verify/xxxxxxxxxxxxxxxxxxxxxxxxxxxxxxxxxxxxxxxxxxxxxxxxxxxxxxxxxxxxxxxxxxxxxxxxxxxxxxxxxxxxxxxxxxxxxxxxxxxxxxxxxxxxxxxxx/confirm,1
https://twtter.com/verify-payment/signin/claim-reward/login,1
https://github-verify.com/verify/xxxxxxxxxxxxxxxxxxxxxxxxxxxxxxxxxxxxxxxxxxxxxxxxxxxxxxxxxxxxxxxxxxxxxxxxxxxxxxxxxxxxxxxxxxxxxxxxxxxxxxxxxxxxxxxxxxxxxxxxxxxxxxxxxxxxxxxxxxxxxxxxxxxxxxxxxxxxxxxxxxxxxxxxxxxxxxxxxxxxxxxxxxxxxxx/confirm,1
https://amaz0n.com/verify,1
https://staging.facebook.com/support,0
https://facbook.com/verify,1
https://staging.dev.to/dashboard?id=27117,0
https://staging.youtube.com/dashboard,0
https://urgent-verify-account.ga/verify,1
https://dev.atlassian.com/products?id=23609,0
https://security-confirm-bank.tk/verify,1
https://api.youtube.com/settings?id=47227,0
https://heroku.com/,0
https://staging.twilio.com/login,0
https://stackoverflow-confirm.ga/login,1
http://70.255.186.211/login,1
https://paypa1.com/login,1
https://secure-paypal.top@linkedin.com/verify,1
https://www.salesforce.com/account,0
https://www.asana.com/api?id=93032,0
https://login-google.ru/verify,1
https://facbook.com/signin,1
https://security-confirm-bank.tk/verify/xxxxxxxxxxxxxxxxxxxxxxxxxxxxxxxxxxxxxxxxxxxxxxxxxxxxxxxxxxxxxxxxxxxxxxxxxxxxxxxxxxxxxxxxxxxxxxxxxxxxxxxxxxxxxxxxxxxxxxxxxxx/confirm,1
https://dev.jira.com/settings,0
https://dev.sendgrid.com/register,0
https://claim-reward-now.ga/validate/verify/confirm/login,1
https://www.ibm.com/settings,0
https://urgent-verify-account.ga/verify/xxxxxxxxxxxxxxxxxxxxxxxxxxxxxxxxxxxxxxxxxxxxxxxxxxxxxxxxxxxxxxxxxxxxxxxxxxxxxxxxxxxxxxxxxxxxxxxxxxxxxxxxxxxxxxxxxxxxxxxxxxxxxxxxxxxxxxxxxxxxxxxxxxxxxxxxxxxxxxxxxxxxx/confirm,1
https://g00gle.top/login,1
https://mail.cloud.google.com/docs,0
https://mail.stripe.com/?id=17353,0
https://paypal.com/docs,0
https://verify-apple-id.gq/required-update,1
https://mail.github.com/support?id=9635,0
https://api.asana.com/blog,0
https://dev.youtube.com/api,0
https://api.apple.com/home,0
https://mail.microsoft.com/login,0
https://sendgrid.com/support,0
https://verify-amazon.cf/login,1
https://secure-paypal.xyz/login,1
http://229.19.183.25/login,1
https://reddit.com/dashboard,0
http://217.167.212.128/login,1
https://github-verify.com/login/secure/verify-account/login,1
https://mail.apple.com/home,0
http://0.174.243.143/login,1
https://amazn.com/verify,1
https://validate-netflix.xyz/action/confirm-identity/action/login,1
https://api.twilio.com/faq,0
https://verify-identity.cf@aws.amazon.com/verify,1
https://api.netlify.com/help,0
https://congratulations-winner.ml@asana.com/verify,1
https://validate-netflix.xyz/login,1
https://dev.invision.com/faq,0
https://g00gle.com/verify,1
https://figma.com/faq,0
https://www.twilio.com/help,0
https://salesforce.com/login,0
https://verify-apple-id.gq/verify,1
https://salesforce.com/settings?id=44159,0
https://update-twitter.info/verify/xxxxxxxxxxxxxxxxxxxxxxxxxxxxxxxxxxxxxxxxxxxxxxxxxxxxxxxxxxxxxxxxxxxxxxxxxxxxxxxxxxxxxxxxxxxxxxxxxxxxxxxxxxxxxxxxxxxxxxxxxxxxxxxxxxxxxxxxxxxxxxxxxxxxxxxxxxxxxxxxxx/confirm,1
https://stackoverflow-confirm.com@linkedin.com/verify,1
https://limited-time-offer.tk@trello.com/verify,1
https://oracle.com/login,0
https://facbook.com@notion.so/verify,1
https://claim-reward-now.ga/verify/xxxxxxxxxxxxxxxxxxxxxxxxxxxxxxxxxxxxxxxxxxxxxxxxxxxxxxxxxxxxxxxxxxxxxxxxxxxxxxxxxxxxxxxxxxxxxxxxxxxxxxxxxxxxxxxxxxxxxxxxxxxxxxxxxxxxxxxxxxxxxxx/confirm,1
https://g00gle.com/signin,1
https://aws.amazon.com/faq,0
https://twtter.com/verify,1
https://api.twilio.com/profile?id=55342,0
https://stackoverflow-confirm.com/verify/xxxxxxxxxxxxxxxxxxxxxxxxxxxxxxxxxxxxxxxxxxxxxxxxxxxxxxxxxxxxxxxxxxxxxxxxxxxxxxxxxxxxxxxxxxxxxxxxxxxxxxxxxxxxxxxx/confirm,1
https://amazon.com/settings,0
https://urgent-verify-account.ga/verify/xxxxxxxxxxxxxxxxxxxxxxxxxxxxxxxxxxxxxxxxxxxxxxxxxxxxxxxxxxxxxxxxxxxxxxxxxxxxxxxxxxxxxxxxxxxxxxxxxxxx/confirm,1
https://netflix-secure.com/secure/required-update/secure/login,1
https://apple.com/home,0
https://api.azure.microsoft.com/register,0
http://38.215.18.212/login,1
https://staging.atlassian.com/,0
https://gogle.com/verify,1
http://staging.invision.com/api,0
https://linkedin-login.com/verify/xxxxxxxxxxxxxxxxxxxxxxxxxxxxxxxxxxxxxxxxxxxxxxxxxxxxxxxxxxxxxxxxxxxxxxxxxxxxxxxxxxxxxxxxxxxxxxxxxxxxxxxxxxxxxxxxxxxxxxxxxxxxxxxxxxxxxxxxxxxxxxxxxxxxxxxxxxxxxxxxxxxxxxxxxxxxxxxxxxxxxxxx/confirm,1
https://api.twitter.com/api,0
https://staging.amazon.com/settings,0
https://api.medium.com/support,0
https://www.paypal.com/faq,0
https://netflix-secure.com/verify/xxxxxxxxxxxxxxxxxxxxxxxxxxxxxxxxxxxxxxxxxxxxxxxxxxxxxxxxxxxxxxxxxxxxxxxxxxxxxxxxxxxxxxxxxxxxxxxxxxxxxxxxxxxxxxxxxxxxxxxxxxxx/confirm,1
https://verify-apple-id.gq/verify,1
https://jira.com/,0
https://vercel.com/login,0
https://api.amazon.com/about,0
https://twtter.com@amazon.com/verify,1
https://mail.cloud.google.com/login,0
https://claim-reward-now.ga@twitter.com/verify,1
https://account-update-microsoft.tk/login,1
https://mail.netflix.com/pricing?id=88392,0
https://netflix-secure.com/verify/xxxxxxxxxxxxxxxxxxxxxxxxxxxxxxxxxxxxxxxxxxxxxxxxxxxxxxxxxxxxxxxxxxxxxxxxxxxxxxxxxxxxxxxxxxxxxxxxxxxxxxxxxxxxxxxxxxxxxxxxxxxxxxxxxxxxxxxxxxxxxxxx/confirm,1
https://support-steam.pw/verify,1
http://www.notion.so/support,0
https://mail.asana.com/blog,0
https://stackoverflow-confirm.com/verify,1
https://amazon.com/support?id=6402,0
https://mail.wikipedia.org/account,0
https://dev.to/api,0
https://verify-apple-id.gq/login,1
https://secure-paypal.top@dev.to/verify,1
https://wikipedia.org/help?id=5754,0
https://support-steam.pw/verify/xxxxxxxxxxxxxxxxxxxxxxxxxxxxxxxxxxxxxxxxxxxxxxxxxxxxxxxxxxxxxxxxxxxxxxxxxxxxxxxxxxxxxxxxxxxxxxxxxxxxxxxxxxxxxxxx/confirm,1
https://account-update-microsoft.ml/verify,1
https://staging.salesforce.com/login,0
http://www.stripe.com/login,0
https://amazn.com/verify,1
http://200.79.225.49/login,1
http://22.8.206.190/login,1
http://www.vercel.com/login,0
https://secure-paypal.top/verify/xxxxxxxxxxxxxxxxxxxxxxxxxxxxxxxxxxxxxxxxxxxxxxxxxxxxxxxxxxxxxxxxxxxxxxxxxxxxxxxxxxxxxxxxxxxxxxxxxxxxxxxxxxxxxxxxxxxxxxxxxxxxxxxxxxxxxxxxxxxxxxxxxxxxxxxxxxxxxxxxxxxxxxxxxxxxxxxxxxxxxxxxxxxxxxxxxx/confirm,1
http://api.stripe.com/home,0
https://validate-netflix.gq/login,1
https://api.twilio.com/help?id=19686,0
https://staging.oracle.com/home,0
https://mail.microsoft.com/dashboard?id=18059,0
https://dev.notion.so/blog,0
https://security-confirm-bank.tk@netlify.com/verify,1
https://api.sketch.com/settings?id=23425,0
https://account-update-microsoft.ml/verify/xxxxxxxxxxxxxxxxxxxxxxxxxxxxxxxxxxxxxxxxxxxxxxxxxxxxxxxxxxxxxxxxxxxxxxxxxxxxxxxxxxxxxxxxxxxxxxxxxxxxxxxxxxxxxxxxxxxxxxxxxxxxxxxxxxxxxxxxxxxxxxxxxxxxxxxxxxxx/confirm,1
https://verify-amazon.tk/login/verify/validate/login,1
http://dev.wikipedia.org/about,0
https://staging.invision.com/services,0
https://account-update-microsoft.ml@apple.com/verify,1
https://staging.vercel.com/?id=59154,0
https://dev.facebook.com/?id=15719,0
https://confirm-facebook.top/login,1
https://api.notion.so/docs,0
https://claim-reward-now.ga/verify-account/verify-payment/account-recovery/login,1
http://229.97.228.2/login,1
http://120.113.218.73/login,1
https://www.azure.microsoft.com/login,0
https://g00gle.com@slack.com/verify,1
https://mail.oracle.com/support,0
https://github-verify.com/verify-payment/update-billing/update/login,1
https://mail.salesforce.com/contact,0
https://dev.asana.com/profile,0
https://mail.adobe.com/api,0
https://verify-apple-id.gq/urgent-action,1
http://mail.jira.com/services,0
https://dev.ibm.com/api,0
https://linkedin-login.com/security-check/required-update/authenticate/login,1
https://dev.to/products,0
https://dev.adobe.com/login,0
https://facbook.com/required-update,1
https://verify-amazon.tk/verify/xxxxxxxxxxxxxxxxxxxxxxxxxxxxxxxxxxxxxxxxxxxxxxxxxxxxxxxxxxxxxxxxxxxxxxxxxxxxxxxxxxxxxxxxxxxxxxxxxxxxxxxxxxxxxxxxxxxxxx/confirm,1
http://64.26.214.176/login,1
https://linkedin.com/,0
https://twtter.ga/login,1
https://staging.facebook.com/settings,0
https://mail.heroku.com/?id=1457,0
https://www.amazon.com/profile,0
https://dev.adobe.com/contact,0
https://congratulations-winner.ml/verify,1
https://api.jira.com/home,0
https://staging.linkedin.com/blog,0
https://staging.netflix.com/profile,0
https://security-confirm-bank.tk/action/security-check/security-check/login,1
http://210.72.144.172/login,1
https://login-google.ru/verify/xxxxxxxxxxxxxxxxxxxxxxxxxxxxxxxxxxxxxxxxxxxxxxxxxxxxxxxxxxxxxxxxxxxxxxxxxxxxxxxxxxxxxxxxxxxxxxxxxxxxxxxxxxxxxxxxxxxxxxxxxxxxxxxxxxxxxxxxxxxxxxxxxxxxxxxxxxxx/confirm,1
https://mail.firebase.com/pricing,0
https://stackoverflow-confirm.com/verify,1
https://api.trello.com/faq,0
https://claim-reward-now.cf/login,1
https://g00gle.xyz/login,1
https://verify-apple-id.gq@salesforce.com/verify,1
https://staging.heroku.com/home?id=47934,0
http://mail.facebook.com/register,0
https://www.salesforce.com/home,0
https://amaz0n.com/verify,1
https://twtter.cf/login,1
http://mail.google.com/blog,0
https://apple.com/home,0
https://validate-netflix.xyz/action/update/confirm/login,1
https://facbook.com/verify/xxxxxxxxxxxxxxxxxxxxxxxxxxxxxxxxxxxxxxxxxxxxxxxxxxxxxxxxxxxxxxxxxxxxxxxxxxxxxxxxxxxxxxxxxxxxxxxxxxxxxxxxxxxxxxxxxxxxxxxxxxxxxxxxxxxxxxxxxxxxxxxxxxxxxxxxxxxxxxxxxxxxxx/confirm,1
https://www.adobe.com/api,0
https://www.invision.com/faq?id=75639,0
https://netflix-secure.com/claim-reward,1
https://netflix.com/register,0
https://click-here-now.xyz/login,1
https://validate-netflix.xyz@medium.com/verify,1
https://mail.atlassian.com/help,0
https://www.adobe.com/?id=10022,0
https://validate-netflix.ml/login,1
https://api.oracle.com/login?id=65164,0
https://validate-netflix.xyz/claim-reward,1
http://96.48.175.124/login,1
https://gogle.com@twilio.com/verify,1
https://notion.so/products,0
https://verify-apple-id.ml/login,1
http://144.66.108.110/login,1
https://urgent-verify-account.ga/verify,1
https://gogle.com/claim-reward,1
https://limited-time-offer.tk/verify,1
https://staging.trello.com/pricing,0
https://paypal.com/pricing?id=22217,0
http://238.100.140.168/login,1
https://gogle.com/signin,1
https://congratulations-winner.ml@firebase.com/verify,1
https://twtter.com/verify/xxxxxxxxxxxxxxxxxxxxxxxxxxxxxxxxxxxxxxxxxxxxxxxxxxxxxxxxxxxxxxxxxxxxxxxxxxxxxxxxxxxxxxxxxxxxxxxxxxxxxxxxxxxxxxxxxxxxxxxxxxxxxxxxxxxxxxxxxxxxxxxxxxxxxxxxxxxxxxxxxxxxxxxxxxxxxxxxxxxxxxxxxx/confirm,1
https://dev.asana.com/register,0
https://netflix-secure.com@github.com/verify,1
https://click-here-now.top/account-recovery,1
https://twtter.com/verify,1
https://facbook.com/verify,1
https://api.youtube.com/products,0
https://limited-time-offer.tk/verify,1
https://dev.trello.com/contact,0
https://verify-amazon.cf/login,1
https://api.notion.so/docs?id=60022,0
https://api.youtube.com/settings,0
https://netflix-secure.cf/login,1
https://google.com/api,0
http://mail.stackoverflow.com/services,0
https://www.amazon.com/login,0
https://dev.github.com/faq,0
https://api.atlassian.com/products,0
https://dev.stripe.com/support,0
https://login-google.ru/verify/xxxxxxxxxxxxxxxxxxxxxxxxxxxxxxxxxxxxxxxxxxxxxxxxxxxxxxxxxxxxxxxxxxxxxxxxxxxxxxxxxxxxxxxxxxxxxxxxxxxxxxxxxxxxxxxxxxxxxxxxxxxxxxxxxxxxxx/confirm,1
https://amaz0n.com@google.com/verify,1
http://cloud.google.com/products,0
https://api.ibm.com/services,0
https://confirm-facebook.ga@github.com/verify,1
https://update-twitter.info/verify/xxxxxxxxxxxxxxxxxxxxxxxxxxxxxxxxxxxxxxxxxxxxxxxxxxxxxxxxxxxxxxxxxxxxxxxxxxxxxxxxxxxxxxxxxxxxxxxxxxxxxxxxxxxxxxxxxxxxxxxxxxxxxx/confirm,1
https://click-here-now.top/verify/xxxxxxxxxxxxxxxxxxxxxxxxxxxxxxxxxxxxxxxxxxxxxxxxxxxxxxxxxxxxxxxxxxxxxxxxxxxxxxxxxxxxxxxxxxxxxxxxxxxxxxxxxxxxxxxxx/confirm,1
http://staging.reddit.com/services?id=40359,0
http://44.181.25.171/login,1
https://validate-netflix.xyz/verify,1
https://secure-paypal.top/validate,1
https://urgent-verify-account.ga/security-check,1
https://limited-time-offer.tk@github.com/verify,1
https://g00gle.tk/login,1
http://dev.paypal.com/blog,0
https://github-verify.com/verify/xxxxxxxxxxxxxxxxxxxxxxxxxxxxxxxxxxxxxxxxxxxxxxxxxxxxxxxxxxxxxxxxxxxxxxxxxxxxxxxxxxxxxxxxxxxxxxxxxxxxxxxxxxxxxxxxxxxxxxxxxxxxxxxxxxxxxxxxxxxxxxxxxxxxxxxxxxxxxxxxxxxxxxxxxxxxxxxxxxx/confirm,1
http://101.141.169.220/login,1
https://mail.reddit.com/faq?id=93209,0
http://api.heroku.com/pricing,0
https://twilio.com/docs?id=40771,0
https://www.dev.to/faq?id=19415,0
http://102.34.107.36/login,1
https://mail.twilio.com/faq,0
http://255.32.154.194/login,1
https://facbook.com/verify,1
https://dev.stripe.com/support,0
https://mail.mailchimp.com/support?id=40071,0
https://netflix-secure.com/verify/xxxxxxxxxxxxxxxxxxxxxxxxxxxxxxxxxxxxxxxxxxxxxxxxxxxxxxxxxxxxxxxxxxxxxxxxxxxxxxxxxxxxxxxxxxxxxxxxxxxxxxxxxxxxxxxxxxxxxxxxxxxxxxxxxxxxxxxxxxx/confirm,1
https://stackoverflow-confirm.com/verify,1
https://www.cloud.google.com/pricing,0
https://staging.ibm.com/home,0
https://staging.twilio.com/dashboard,0
https://netflix-secure.tk/login,1
https://api.microsoft.com/home?id=23997,0
https://linkedin-login.com/verify/claim-reward/secure/login,1
https://claim-reward-now.ga/verify/xxxxxxxxxxxxxxxxxxxxxxxxxxxxxxxxxxxxxxxxxxxxxxxxxxxxxxxxxxxxxxxxxxxxxxxxxxxxxxxxxxxxxxxxxxxxxxxxxxxxxxxxxxxxxxxxxxxxxxxxxx/confirm,1
https://stackoverflow-confirm.com@mailchimp.com/verify,1
https://account-update-microsoft.ru/login,1
https://account-update-microsoft.ml@notion.so/verify,1
https://gogle.com/verify,1
https://www.paypal.com/register,0
https://validate-netflix.xyz/verify,1
https://account-update-microsoft.ml/verify/xxxxxxxxxxxxxxxxxxxxxxxxxxxxxxxxxxxxxxxxxxxxxxxxxxxxxxxxxxxxxxxxxxxxxxxxxxxxxxxxxxxxxxxxxxxxxxxxxxxxxxxxxxxxxxxxxxxxxxxxxxxxxxxxxxxxxxxxxxxxxxxxxxxxxxxxxxxxxxxxxxxxxxxxxxxxxxxxxxxxxxxx/confirm,1
https://staging.atlassian.com/api?id=79886,0
https://g00gle.com/verify/xxxxxxxxxxxxxxxxxxxxxxxxxxxxxxxxxxxxxxxxxxxxxxxxxxxxxxxxxxxxxxxxxxxxxxxxxxxxxxxxxxxxxxxxxxxxxxxxxxxxxxxxxxxx/confirm,1
https://api.slack.com/services,0
http://210.5.186.231/login,1
https://limited-time-offer.tk/verify,1
https://dev.dev.to/?id=61097,0
https://mail.netlify.com/profile,0
https://paypa1.com/verify,1
https://dev.salesforce.com/pricing,0
https://netflix-secure.com/update-billing/verify-payment/update-billing/login,1
https://api.wikipedia.org/,0
https://click-here-now.top/authenticate,1
http://230.97.229.106/login,1
https://twitter.com/api?id=94040,0
https://atlassian.com/contact?id=65671,0
https://authenticate-apple.cf@vercel.com/verify,1
https://account-update-microsoft.ml@reddit.com/verify,1
https://api.azure.microsoft.com/api,0
https://mail.netlify.com/home,0
https://linkedin.com/products,0
https://account-update-microsoft.gq/login,1
https://twitter.com/blog,0
https://staging.trello.com/faq,0
https://mail.jira.com/faq,0
http://229.170.8.233/login,1
https://twtter.com@mailchimp.com/verify,1
https://mail.youtube.com/docs,0
https://github-verify.com/verify/xxxxxxxxxxxxxxxxxxxxxxxxxxxxxxxxxxxxxxxxxxxxxxxxxxxxxxxxxxxxxxxxxxxxxxxxxxxxxxxxxxxxxxxxxxxxxxxxxxxxxxxxxxxxxxxxxxxxxxxxxxxxxxxxxxxxxxxxxxxxxxxxxxxxxxxxxxxxxxxxxxxxxxxxxxxxxxxxxxxxxxxxxxxxx/confirm,1
https://www.azure.microsoft.com/products,0
http://mail.azure.microsoft.com/api,0
https://staging.paypal.com/register,0
https://login-google.ru/verify-payment/secure/confirm-identity/login,1
https://staging.twitter.com/support,0
https://sketch.com/contact,0
https://github-verify.com/verify/xxxxxxxxxxxxxxxxxxxxxxxxxxxxxxxxxxxxxxxxxxxxxxxxxxxxxxxxxxxxxxxxxxxxxxxxxxxxxxxxxxxxxxxxxxxxxxxxxxxxxxxxxxxxxxxxxxxxxxxxxxxxxxxxxx/confirm,1
https://account-update-microsoft.ml/confirm-identity/signin/account-recovery/login,1
https://confirm-facebook.ga/verify-account/verify-payment/signin/login,1
https://amaz0n.com/verify/urgent-action/authenticate/login,1
https://staging.github.com/register,0
http://www.aws.amazon.com/dashboard,0
https://amazn.ga/login,1
https://confirm-facebook.ga/claim-reward/authenticate/required-update/login,1
https://g00gle.com/security-check,1
http://27.17.211.85/login,1
https://dev.github.com/settings,0
https://dev.netlify.com/home,0
https://cloud.google.com/,0
https://dev.youtube.com/settings,0
https://account-update-microsoft.ml@azure.microsoft.com/verify,1
http://dev.oracle.com/settings,0
https://gogle.com/verify/xxxxxxxxxxxxxxxxxxxxxxxxxxxxxxxxxxxxxxxxxxxxxxxxxxxxxxxxxxxxxxxxxxxxxxxxxxxxxxxxxxxxxxxxxxxxxxxxxxxxxxxxxxxxxxxxxxxxxxxxxxxxxxxxxxxxxxxxxxxxxxxxxxxxxxxxxxxxxxxxxxxxxxxxxxxxxxxx/confirm,1
https://validate-netflix.xyz@slack.com/verify,1
https://facebookl.com/verify/xxxxxxxxxxxxxxxxxxxxxxxxxxxxxxxxxxxxxxxxxxxxxxxxxxxxxxxxxxxxxxxxxxxxxxxxxxxxxxxxxxxxxxxxxxxxxxxxxxxxxxxxxxxxxxxxxxxxxxxxxxx/confirm,1
https://verify-identity.cf/security-check/urgent-action/action/login,1
https://gogle.com/security-check/claim-reward/authenticate/login,1
https://api.firebase.com/docs,0
https://limited-time-offer.tk@asana.com/verify,1
https://dev.stripe.com/pricing,0
https://linkedin-login.com@sketch.com/verify,1
https://api.slack.com/settings,0
https://verify-identity.ml/login,1
http://www.dev.to/login,0
https://support-steam.pw/verify,1
https://authenticate-apple.gq/login,1
https://staging.cloud.google.com/support?id=20810,0
https://paypa1.com/update-billing/verify-payment/verify/login,1
https://api.jira.com/services,0
https://g00gle.com/validate,1
https://urgent-verify-account.ga/verify,1
https://staging.stripe.com/docs,0
http://66.221.8.44/login,1
https://api.azure.microsoft.com/contact,0
https://staging.aws.amazon.com/blog?id=11022,0
http://159.180.81.62/login,1
https://facebookl.gq/login,1
http://45.202.154.153/login,1
https://mail.microsoft.com/home,0
https://paypa1.com/update-billing,1
https://verify-identity.cf@sketch.com/verify,1
https://facbook.com@sendgrid.com/verify,1
https://congratulations-winner.ml/verify/xxxxxxxxxxxxxxxxxxxxxxxxxxxxxxxxxxxxxxxxxxxxxxxxxxxxxxxxxxxxxxxxxxxxxxxxxxxxxxxxxxxxxxxxxxxxxxxxxxxxxxxxxxxxxxxxxxxxxxxxxxxxxxxxxxxxxxxxx/confirm,1
http://staging.aws.amazon.com/home,0
https://stackoverflow-confirm.ru/login,1
https://facbook.com/urgent-action/signin/claim-reward/login,1
https://account-update-microsoft.tk/login,1
https://amazn.com/secure/secure/confirm-identity/login,1
https://adobe.com/products,0
https://staging.netlify.com/faq,0
https://api.netlify.com/home?id=62935,0
http://0.100.161.176/login,1
https://congratulations-winner.ml/action,1
http://137.21.97.54/login,1
https://api.dev.to/services,0
http://oracle.com/help,0
https://facbook.com/action,1
https://mail.dev.to/dashboard,0
https://www.youtube.com/api,0
http://120.76.77.78/login,1
https://update-twitter.info@dev.to/verify,1
https://claim-reward-now.ga@medium.com/verify,1
https://dev.cloud.google.com/blog,0
https://www.figma.com/settings?id=7772,0
https://security-confirm-bank.tk@adobe.com/verify,1
https://gogle.com/verify/xxxxxxxxxxxxxxxxxxxxxxxxxxxxxxxxxxxxxxxxxxxxxxxxxxxxxxxxxxxxxxxxxxxxxxxxxxxxxxxxxxxxxxxxxxxxxxxxxxxxxxxxxxxxxxxxxxxxxxxxxxxxxxx/confirm,1
https://www.salesforce.com/products,0
https://mail.twilio.com/help?id=24984,0
https://www.netflix.com/register?id=70321,0
https://linkedin-login.com@azure.microsoft.com/verify,1
https://support-steam.pw/action,1
https://amaz0n.com/verify,1
https://update-twitter.gq/login,1
https://facbook.com@sketch.com/verify,1
https://secure-paypal.top@microsoft.com/verify,1
http://142.147.129.138/login,1
https://g00gle.com/account-recovery/verify-account/update-billing/login,1
https://slack.com/register?id=32903,0
https://api.mailchimp.com/docs,0
https://sendgrid.com/?id=73400,0
https://mail.aws.amazon.com/support,0
https://twtter.com@paypal.com/verify,1
https://verify-apple-id.gq/verify-account,1
https://claim-reward-now.ga/login,1
https://staging.jira.com/api,0
http://202.16.56.249/login,1
https://support-steam.pw/verify-account,1
https://limited-time-offer.tk/confirm/security-check/security-check/login,1
https://claim-reward-now.cf/login,1
https://facbook.com@paypal.com/verify,1
https://stripe.com/services?id=82361,0
https://mail.youtube.com/services,0
http://staging.figma.com/api?id=77632,0
https://g00gle.com/verify/xxxxxxxxxxxxxxxxxxxxxxxxxxxxxxxxxxxxxxxxxxxxxxxxxxxxxxxxxxxxxxxxxxxxxxxxxxxxxxxxxxxxxxxxxxxxxxxxxxxxxxxxxxxxxxxxxxxxxxxxxxxxxxxxxxxxxxxxxxxxxxxxxxxxxxxxxxxxxxxxxxxxxxxxxxxxxxxxxxxxxxxxxxxxxxxxxxxxxxxx/confirm,1
https://mail.stackoverflow.com/blog?id=72488,0
https://mail.jira.com/help,0
https://dev.facebook.com/faq?id=18204,0
http://staging.netflix.com/faq,0
https://click-here-now.top/login,1
https://dev.linkedin.com/account?id=95925,0
http://vercel.com/support,0
https://mail.vercel.com/support?id=36058,0
https://linkedin-login.com/update-billing/urgent-action/authenticate/login,1
https://urgent-verify-account.ga/login,1
https://www.figma.com/contact,0
https://mail.figma.com/api,0
https://api.twilio.com/settings?id=87406,0
http://mailchimp.com/pricing?id=96238,0
https://amazn.com/update,1
https://api.twilio.com/docs,0
https://www.sendgrid.com/settings?id=80988,0
https://www.notion.so/settings,0
https://linkedin.com/,0
https://click-here-now.top@linkedin.com/verify,1
https://click-here-now.top/login/required-update/update/login,1
https://dev.netlify.com/support?id=2550,0
https://staging.apple.com/settings,0
https://api.sendgrid.com/blog,0
https://confirm-facebook.ga@wikipedia.org/verify,1
https://dev.medium.com/api,0
http://mail.heroku.com/products,0
https://api.facebook.com/settings?id=48853,0
https://youtube.com/pricing?id=95934,0
https://login-google.ru/validate/verify-payment/update/login,1
https://www.linkedin.com/dashboard,0
http://115.105.36.78/login,1
https://staging.trello.com/login,0
https://sketch.com/support,0
https://validate-netflix.xyz@heroku.com/verify,1
https://staging.cloud.google.com/contact,0
https://linkedin-login.com/verify,1
https://verify-amazon.tk/verify,1
https://account-update-microsoft.ml/verify/xxxxxxxxxxxxxxxxxxxxxxxxxxxxxxxxxxxxxxxxxxxxxxxxxxxxxxxxxxxxxxxxxxxxxxxxxxxxxxxxxxxxxxxxxxxxxxxxxxxxxxxxxxxxxxxxxxxxxxxxxxxxxxxxxxxxxxxxxxxxxxxxxxxxxxxxxxxxxxxx/confirm,1
https://netflix-secure.com/verify/xxxxxxxxxxxxxxxxxxxxxxxxxxxxxxxxxxxxxxxxxxxxxxxxxxxxxxxxxxxxxxxxxxxxxxxxxxxxxxxxxxxxxxxxxxxxxxxxxxxxxxxxxxxxxxxxxxxxxxxxxxxxxxxxxxxxxxxxxxxxxxxxxx/confirm,1
https://www.heroku.com/profile,0
https://verify-apple-id.gq/verify/xxxxxxxxxxxxxxxxxxxxxxxxxxxxxxxxxxxxxxxxxxxxxxxxxxxxxxxxxxxxxxxxxxxxxxxxxxxxxxxxxxxxxxxxxxxxxxxxxxxxxxxxxxxxxxxxxxxxxxxxxxx/confirm,1
https://www.apple.com/dashboard?id=34267,0
https://congratulations-winner.ml/verify-account/account-recovery/action/login,1
https://security-confirm-bank.tk/update/update/verify-payment/login,1
https://www.figma.com/profile,0
http://132.187.209.161/login,1
https://staging.vercel.com/contact,0
https://update-twitter.ml/login,1
http://139.29.228.218/login,1
https://mail.medium.com/pricing?id=65497,0
https://support-steam.cf/login,1
https://linkedin-login.xyz/login,1
https://amazn.com@stackoverflow.com/verify,1
https://ibm.com/account?id=15161,0
https://staging.ibm.com/services?id=88189,0
https://www.netflix.com/about?id=6648,0
https://dev.salesforce.com/help,0
https://dev.sendgrid.com/docs?id=74621,0
https://limited-time-offer.tk/verify,1
https://amazn.com/claim-reward,1
https://confirm-facebook.ga/verify-account/verify-payment/authenticate/login,1
https://api.wikipedia.org/pricing,0
https://validate-netflix.xyz/verify/xxxxxxxxxxxxxxxxxxxxxxxxxxxxxxxxxxxxxxxxxxxxxxxxxxxxxxxxxxxxxxxxxxxxxxxxxxxxxxxxxxxxxxxxxxxxxxxxxxxxxxxxxxxxxxxxxxxxxxxxxxxxxxxxxxxxxxxxxxxxxxxxxxxxxxxxxxxxxx/confirm,1
https://api.dev.to/faq?id=77443,0
https://support-steam.pw/verify-account/security-check/update-billing/login,1
https://gogle.com/secure/account-recovery/confirm-identity/login,1
https://heroku.com/api,0
https://sketch.com/help,0
https://support-steam.pw/verify,1
https://dev.netlify.com/,0
https://staging.wikipedia.org/login,0
https://click-here-now.top/verify/xxxxxxxxxxxxxxxxxxxxxxxxxxxxxxxxxxxxxxxxxxxxxxxxxxxxxxxxxxxxxxxxxxxxxxxxxxxxxxxxxxxxxxxxxxxxxxxxxxxxxxxxxxxxxxxxxxxxxxxxxxxxxxxxxxxxxxxxxxxxx/confirm,1
http://132.87.38.60/login,1
https://dev.amazon.com/pricing,0
https://congratulations-winner.ml/login,1
https://security-confirm-bank.tk@aws.amazon.com/verify,1
https://twilio.com/about,0
https://twtter.com/authenticate/verify-account/urgent-action/login,1
https://invision.com/about,0
https://dev.cloud.google.com/services,0
https://verify-apple-id.gq/verify,1
https://security-confirm-bank.ml/login,1
https://mail.reddit.com/settings,0
https://secure-paypal.top@figma.com/verify,1
https://claim-reward-now.xyz/login,1
https://login-google.ru/authenticate/authenticate/verify/login,1
https://g00gle.com@youtube.com/verify,1
https://congratulations-winner.ml/verify/xxxxxxxxxxxxxxxxxxxxxxxxxxxxxxxxxxxxxxxxxxxxxxxxxxxxxxxxxxxxxxxxxxxxxxxxxxxxxxxxxxxxxxxxxxxxxxxxxxxxxxxxxxxxxxxxxxxxxxxxxxxxxxxxxxxxxxxxxxxxxxxxxxxxx/confirm,1
https://dev.dev.to/settings,0
https://dev.heroku.com/about?id=13632,0
https://validate-netflix.xyz/update/verify-payment/action/login,1
https://facebookl.com@twilio.com/verify,1
https://facbook.com/verify/update-billing/claim-reward/login,1
https://www.trello.com/api?id=34083,0
https://dev.heroku.com/products,0
https://facbook.com/verify/xxxxxxxxxxxxxxxxxxxxxxxxxxxxxxxxxxxxxxxxxxxxxxxxxxxxxxxxxxxxxxxxxxxxxxxxxxxxxxxxxxxxxxxxxxxxxxxxxxxxxxxxxxxxxxxxxxxxxxxxxxxxxxxxxxxxxxxxxxxxxxxxxxxxxxxxxxxxxxxxxxxxxxxxxxxxxxxxxxxxxxxxxxxxxx/confirm,1
https://api.sketch.com/profile?id=90557,0
https://verify-apple-id.top/login,1
http://228.226.171.142/login,1
https://api.linkedin.com/pricing,0
https://www.sendgrid.com/contact?id=5514,0
https://validate-netflix.ml/login,1
https://stackoverflow-confirm.com/action,1
https://facbook.com/verify/verify-account/claim-reward/login,1
https://mail.facebook.com/pricing?id=71177,0
https://staging.azure.microsoft.com/services?id=91601,0
https://trello.com/blog?id=75765,0
https://gogle.com/verify/xxxxxxxxxxxxxxxxxxxxxxxxxxxxxxxxxxxxxxxxxxxxxxxxxxxxxxxxxxxxxxxxxxxxxxxxxxxxxxxxxxxxxxxxxxxxxxxxxxxxxxxxxxxxxxxxxxxxxxxxxxxxxxxxxxxxxxxxxxxxxxxxxxxxxxxxxxxxxxxxxxxxxxxxxxxxxxxxxxxxxxxxxxxxxxxxxxxxxx/confirm,1
https://staging.mailchimp.com/dashboard,0
https://www.figma.com/api?id=22650,0
https://claim-reward-now.ga@wikipedia.org/verify,1
https://dev.medium.com/help,0
https://mail.medium.com/about,0
https://limited-time-offer.tk/urgent-action,1
https://linkedin-login.top/login,1
https://secure-paypal.top@linkedin.com/verify,1
http://staging.github.com/faq,0
https://api.youtube.com/support?id=23851,0
https://urgent-verify-account.ga/update-billing/update/security-check/login,1
https://mail.google.com/,0
https://stackoverflow-confirm.com/verify/xxxxxxxxxxxxxxxxxxxxxxxxxxxxxxxxxxxxxxxxxxxxxxxxxxxxxxxxxxxxxxxxxxxxxxxxxxxxxxxxxxxxxxxxxxxxxxxxxxxxxxxxxxxxxxxxxxxxxxxxxxxxxxxxxxxxxxxxxxxxxxxxxxxxxxxxxxxxxxxxxxxxxxxxxxxxxxxxxxxxxxxxxxxxxxxxxxxx/confirm,1
https://twtter.com/account-recovery,1
https://amazn.com/confirm-identity/confirm-identity/validate/login,1
https://congratulations-winner.ml/verify/xxxxxxxxxxxxxxxxxxxxxxxxxxxxxxxxxxxxxxxxxxxxxxxxxxxxxxxxxxxxxxxxxxxxxxxxxxxxxxxxxxxxxxxxxxxxxxxxxxxxxxxxxxxxxxxxxxxxxxxxxxxxxxxxxxxx/confirm,1
https://dev.stripe.com/blog?id=8354,0
https://authenticate-apple.cf/confirm-identity/urgent-action/required-update/login,1
https://gogle.com/verify,1
https://confirm-facebook.ga/verify/secure/confirm-identity/login,1
https://dev.twilio.com/support?id=83593,0
https://mail.mailchimp.com/blog,0
http://196.195.116.116/login,1
https://www.sendgrid.com/api?id=79046,0
https://facebookl.com/validate/verify/confirm-identity/login,1
https://paypal.com/api,0
https://www.apple.com/dashboard,0
https://click-here-now.top/verify/xxxxxxxxxxxxxxxxxxxxxxxxxxxxxxxxxxxxxxxxxxxxxxxxxxxxxxxxxxxxxxxxxxxxxxxxxxxxxxxxxxxxxxxxxxxxxxxxxxxxxxxxxxxxxxxxxxxxxxxxxxxxxxxxxxxxxxxxxxxxxxxxxxxxx/confirm,1
https://amazn.com@apple.com/verify,1
https://mail.linkedin.com/faq,0
https://limited-time-offer.tk/verify/xxxxxxxxxxxxxxxxxxxxxxxxxxxxxxxxxxxxxxxxxxxxxxxxxxxxxxxxxxxxxxxxxxxxxxxxxxxxxxxxxxxxxxxxxxxxxxxxxxxxxxxxxxxxxxxxxxxxxxxxxxxxxxxxxxxxxxxxxxxxxxxxxxxxxxxxxxxxxxxxxxxxxxxxxxxxxxxxxxxxxxxxxxxxxxxxxx/confirm,1
https://validate-netflix.xyz@slack.com/verify,1
https://facbook.com/verify/xxxxxxxxxxxxxxxxxxxxxxxxxxxxxxxxxxxxxxxxxxxxxxxxxxxxxxxxxxxxxxxxxxxxxxxxxxxxxxxxxxxxxxxxxxxxxxxxxxxxxxxxxxxxxxxxxxxxxxxxxxxxxxxxxxxxxxxxxxxxxxxxxxxxxxxxxxxxxxxxxxxxxxxxxxxxxxxxxxxxxxxxx/confirm,1
https://staging.facebook.com/register,0
https://verify-apple-id.gq@apple.com/verify,1
https://api.invision.com/contact,0
https://paypa1.com/verify,1
https://netflix-secure.com@oracle.com/verify,1
https://staging.notion.so/help?id=23587,0
https://account-update-microsoft.ml/verify,1
https://facebookl.com/verify/xxxxxxxxxxxxxxxxxxxxxxxxxxxxxxxxxxxxxxxxxxxxxxxxxxxxxxxxxxxxxxxxxxxxxxxxxxxxxxxxxxxxxxxxxxxxxxxxxxxxxxxxxxxxxxxxxxxxxxxxxxxxxxxxxxxxxxxxxxxxxxxxxxxxxxxxxxxxxxxxxxxxxxxxxxxxxxxxxxxxxxxxxxxxxxxxxxxx/confirm,1
https://click-here-now.ru/login,1
https://verify-amazon.tk/authenticate/confirm/authenticate/login,1
https://urgent-verify-account.ru/login,1
https://dev.azure.microsoft.com/settings,0
https://staging.medium.com/about,0
https://amaz0n.com/verify,1
http://www.figma.com/profile,0
https://api.google.com/services,0
https://mail.stripe.com/dashboard?id=77929,0
https://mail.asana.com/docs,0
https://gogle.top/login,1
https://www.invision.com/faq,0
https://gogle.com/verify/xxxxxxxxxxxxxxxxxxxxxxxxxxxxxxxxxxxxxxxxxxxxxxxxxxxxxxxxxxxxxxxxxxxxxxxxxxxxxxxxxxxxxxxxxxxxxxxxxxxxxxxxxxxxxxxxxxxxxxxxxxxxxxxxxxxxxxxxxxxxxxxxxxxxxxxxxxxxxxxxxxxxxxxxxxxxxxxxxxxxxxxxxxxx/confirm,1
http://205.230.255.18/login,1
https://staging.facebook.com/services,0
https://staging.invision.com/login,0
http://youtube.com/account,0
https://security-confirm-bank.tk/verify/required-update/secure/login,1
https://netflix-secure.com/update-billing/signin/secure/login,1
https://dev.netflix.com/register,0
https://support-steam.pw@twilio.com/verify,1
https://www.microsoft.com/about,0
https://dev.facebook.com/blog,0
https://staging.medium.com/products,0
https://urgent-verify-account.xyz/login,1
http://api.twilio.com/help,0
https://facebook.com/,0
https://www.stripe.com/settings,0
https://www.sketch.com/account,0
https://update-twitter.info/verify,1
https://cloud.google.com/home?id=65377,0
https://mailchimp.com/dashboard,0
https://dev.twitter.com/profile,0
http://210.208.8.217/login,1
https://dev.linkedin.com/api,0
https://gogle.com/verify,1
http://58.176.250.96/login,1
https://congratulations-winner.tk/login,1
https://verify-apple-id.ml/login,1
https://stackoverflow-confirm.com/verify/xxxxxxxxxxxxxxxxxxxxxxxxxxxxxxxxxxxxxxxxxxxxxxxxxxxxxxxxxxxxxxxxxxxxxxxxxxxxxxxxxxxxxxxxxxxxxxxxxxxxxxxxxxxxxxxxxxxxxxxxxxxxxxxxxxxxxxxxxxxxxxxxxxxxxxxxxxxxxxxxxxxx/confirm,1
https://mail.salesforce.com/api?id=85037,0
https://staging.linkedin.com/support?id=24028,0
https://slack.com/products,0
http://100.220.8.97/login,1
https://confirm-facebook.ga/secure/update-billing/account-recovery/login,1
https://staging.invision.com/support,0
http://75.114.10.74/login,1
https://www.microsoft.com/help,0
http://196.72.5.250/login,1
https://api.oracle.com/login,0
https://security-confirm-bank.tk/update-billing/login/verify-account/login,1
https://update-twitter.info@apple.com/verify,1
http://47.118.124.239/login,1
https://linkedin-login.com/verify,1
https://mail.youtube.com/home,0
https://slack.com/contact?id=50897,0
https://api.netflix.com/account,0
https://dev.wikipedia.org/dashboard,0
https://urgent-verify-account.ga/action/secure/security-check/login,1
https://www.twilio.com/services,0
https://staging.firebase.com/register,0
https://paypa1.com@asana.com/verify,1
https://www.firebase.com/docs,0
https://staging.mailchimp.com/contact,0
https://secure-paypal.top/verify-payment/secure/confirm-identity/login,1
https://api.trello.com/contact,0
http://dev.firebase.com/faq,0
https://staging.invision.com/dashboard,0
https://staging.azure.microsoft.com/about,0
https://linkedin-login.com/login/account-recovery/signin/login,1
https://staging.amazon.com/pricing?id=84636,0
https://security-confirm-bank.tk@figma.com/verify,1
https://github.com/blog?id=34645,0
https://www.vercel.com/help,0
https://ibm.com/faq?id=32631,0
https://g00gle.gq/login,1
https://mail.amazon.com/settings,0
https://www.adobe.com/blog,0
https://aws.amazon.com/register,0
https://g00gle.com/verify/xxxxxxxxxxxxxxxxxxxxxxxxxxxxxxxxxxxxxxxxxxxxxxxxxxxxxxxxxxxxxxxxxxxxxxxxxxxxxxxxxxxxxxxxxxxxxxxxxxxxxxxxxxxxxxxxxxxxxxxxxxxxxxxxxxxxxxxxxxxxxxxxxxxxxxxxxxxxxxxxxxxxxxxxxxxxxxxxxxxxxxxxxxxxxxxxxxxxxxx/confirm,1
https://limited-time-offer.tk/verify,1
https://account-update-microsoft.ml/action,1
http://242.191.43.135/login,1
https://secure-paypal.top/verify/xxxxxxxxxxxxxxxxxxxxxxxxxxxxxxxxxxxxxxxxxxxxxxxxxxxxxxxxxxxxxxxxxxxxxxxxxxxxxxxxxxxxxxxxxxxxxxxxxxxxxxxxxxxxxxxxxxxxxxxxxxxxxxxxxxxxxxxxxxxxxxxxxxxxxxxxxxxxxxxxxxxxxxxxxxxxxxxxxxxxxxxxxxxxxxxxxxx/confirm,1
https://login-google.ru@salesforce.com/verify,1
https://authenticate-apple.cf/login,1
http://api.vercel.com/help,0
https://secure-paypal.top@atlassian.com/verify,1
https://security-confirm-bank.tk/update,1
https://urgent-verify-account.ga/confirm-identity,1
https://secure-paypal.top@microsoft.com/verify,1
https://invision.com/docs,0
https://confirm-facebook.ga/validate,1
https://stackoverflow-confirm.com/authenticate,1
https://netflix-secure.com/secure/action/update/login,1
https://figma.com/pricing,0
https://github-verify.com/claim-reward/secure/login/login,1
https://api.twitter.com/register?id=57279,0
https://heroku.com/products,0
https://netflix-secure.com/verify/xxxxxxxxxxxxxxxxxxxxxxxxxxxxxxxxxxxxxxxxxxxxxxxxxxxxxxxxxxxxxxxxxxxxxxxxxxxxxxxxxxxxxxxxxxxxxxxxxxxxxxxxxxxxxxxxxxxxxxxxxxxxxxxxxxxxxxxxxxxxxxxxxxxxxxxxxxxxxxxxxxxxxxxxxxxxxxxxxxxx/confirm,1
https://github-verify.com/verify/xxxxxxxxxxxxxxxxxxxxxxxxxxxxxxxxxxxxxxxxxxxxxxxxxxxxxxxxxxxxxxxxxxxxxxxxxxxxxxxxxxxxxxxxxxxxxxxxxxxxxxxxxxxxxxxxxxxxxxxxxxxxxxxxxxxxxxxxxxxxxxxxxxxxxxxxxxxxxxxxxxxxxxxxxxxxx/confirm,1
https://limited-time-offer.tk/verify-payment/signin/signin/login,1
https://api.google.com/blog,0
https://staging.microsoft.com/home,0
http://244.76.43.87/login,1
https://staging.medium.com/dashboard?id=66047,0
https://www.mailchimp.com/register?id=31333,0
https://support-steam.pw/verify,1
https://mail.figma.com/blog?id=34047,0
https://facebookl.com/verify-payment,1
http://28.96.17.16/login,1
https://dev.apple.com/contact,0
http://46.115.209.36/login,1
https://verify-amazon.cf/login,1
https://g00gle.com/confirm-identity/login/update-billing/login,1
https://congratulations-winner.ml/verify,1
https://amazn.com@linkedin.com/verify,1
http://88.116.88.27/login,1
https://github-verify.com/authenticate/required-update/action/login,1
https://linkedin-login.com@mailchimp.com/verify,1
https://mail.google.com/login,0
https://click-here-now.top/login,1
https://www.invision.com/pricing?id=11374,0
http://182.114.139.40/login,1
https://mail.linkedin.com/dashboard,0
http://209.246.205.77/login,1
https://click-here-now.top/verify,1
https://www.atlassian.com/docs,0
https://www.asana.com/profile?id=67159,0
https://facbook.com@asana.com/verify,1
https://azure.microsoft.com/faq,0
https://dev.atlassian.com/pricing,0
https://validate-netflix.xyz/login,1
https://login-google.ru/verify,1
https://www.sendgrid.com/settings?id=24760,0
https://dev.vercel.com/support,0
https://salesforce.com/products,0
http://74.51.219.157/login,1
https://salesforce.com/settings,0
https://gogle.gq/login,1
https://confirm-facebook.ga/signin/claim-reward/verify-payment/login,1
http://staging.azure.microsoft.com/products,0
https://www.invision.com/profile?id=63496,0
https://staging.twitter.com/api?id=98074,0
https://api.twitter.com/faq,0
https://firebase.com/docs,0
http://api.atlassian.com/docs?id=53549,0
https://staging.heroku.com/help,0
https://facebookl.com/action,1
https://github-verify.top/login,1
http://mailchimp.com/login,0
https://www.azure.microsoft.com/contact?id=20623,0
https://netflix-secure.com/verify-account,1
http://www.amazon.com/,0
https://dev.twitter.com/settings,0
https://urgent-verify-account.ga@sketch.com/verify,1
https://api.cloud.google.com/services?id=1453,0
https://mail.amazon.com/blog,0
http://182.18.18.211/login,1
https://amazon.com/docs?id=48002,0
https://staging.sketch.com/contact,0
https://google.com/pricing?id=26384,0
https://firebase.com/blog,0
https://www.paypal.com/about,0
https://figma.com/help,0
https://mail.youtube.com/settings,0
https://staging.sendgrid.com/settings,0
https://confirm-facebook.ml/login,1
https://www.cloud.google.com/support,0
https://account-update-microsoft.ml/authenticate,1
https://staging.ibm.com/services,0
https://api.mailchimp.com/home?id=5589,0
https://netflix.com/support,0
https://claim-reward-now.ga/urgent-action,1
http://api.microsoft.com/dashboard,0
https://support-steam.pw/verify,1
https://dev.firebase.com/about?id=85316,0
https://login-google.ru/verify,1
https://click-here-now.top/verify/xxxxxxxxxxxxxxxxxxxxxxxxxxxxxxxxxxxxxxxxxxxxxxxxxxxxxxxxxxxxxxxxxxxxxxxxxxxxxxxxxxxxxxxxxxxxxxxxxxxxxxxxxxxxxxxxxxxxxxxxxxxxxxxxxxxxxxxxxxxxxxxxxxxx/confirm,1
https://netflix-secure.com/confirm,1
https://www.stripe.com/home,0
https://staging.wikipedia.org/dashboard,0
http://168.185.190.139/login,1
https://api.youtube.com/settings,0
https://dev.notion.so/contact,0
https://staging.sendgrid.com/about,0
https://dev.medium.com/api?id=74537,0
https://amazn.com/verify,1
https://authenticate-apple.cf/login/security-check/urgent-action/login,1
https://dev.apple.com/products,0
https://mail.heroku.com/api,0
https://dev.firebase.com/help?id=90867,0
https://dev.azure.microsoft.com/help?id=90373,0
https://validate-netflix.tk/login,1
https://netlify.com/pricing?id=99130,0
https://dev.heroku.com/support,0
https://github-verify.xyz/login,1
https://api.apple.com/account?id=20803,0
https://api.microsoft.com/home,0
http://www.wikipedia.org/home,0
https://verify-apple-id.gq@google.com/verify,1
http://dev.invision.com/profile,0
https://security-confirm-bank.tk/verify/xxxxxxxxxxxxxxxxxxxxxxxxxxxxxxxxxxxxxxxxxxxxxxxxxxxxxxxxxxxxxxxxxxxxxxxxxxxxxxxxxxxxxxxxxxxxxxxxxxxxxxxxxxxxxxxxxxxxxxxxxxxxxxxxxxxxxxxxxxxxxxxxxxxxxxxxxxxxxxxxxxxxxx/confirm,1
https://mail.medium.com/help,0
https://paypa1.com/validate/claim-reward/secure/login,1
https://support-steam.pw@atlassian.com/verify,1
https://api.ibm.com/login,0
https://staging.sketch.com/settings,0
https://authenticate-apple.cf/login,1
https://update-twitter.gq/login,1
https://dev.paypal.com/pricing?id=38211,0
https://verify-apple-id.gq/verify/xxxxxxxxxxxxxxxxxxxxxxxxxxxxxxxxxxxxxxxxxxxxxxxxxxxxxxxxxxxxxxxxxxxxxxxxxxxxxxxxxxxxxxxxxxxxxxxxxxxxxxxxxxxxxxxxxxxxxxxxxxxxxxxxxxxxxxxxxxxxxxxxxxxxxxxxxxxxx/confirm,1
http://133.44.85.243/login,1
https://authenticate-apple.cf/verify/xxxxxxxxxxxxxxxxxxxxxxxxxxxxxxxxxxxxxxxxxxxxxxxxxxxxxxxxxxxxxxxxxxxxxxxxxxxxxxxxxxxxxxxxxxxxxxxxxxxxxxxxxxxxxxxxxxxxxxxxxxxxxxxxxxxxxxxxx/confirm,1
https://staging.facebook.com/blog?id=98062,0
http://116.89.192.2/login,1
https://paypa1.com/verify,1
https://www.cloud.google.com/services,0
https://staging.invision.com/profile,0
https://secure-paypal.top/verify,1
http://221.114.82.184/login,1
http://mail.figma.com/docs?id=27097,0
https://secure-paypal.top/verify/xxxxxxxxxxxxxxxxxxxxxxxxxxxxxxxxxxxxxxxxxxxxxxxxxxxxxxxxxxxxxxxxxxxxxxxxxxxxxxxxxxxxxxxxxxxxxxxxxxxxxxxxxxxxxxxxxxxxxxxxxxxxxxxxxxxxxxxxxxxxxxxxxxxxxxxxxxxxxxxxxxxxxxxxxxxxxxxxxxxxxxxxxxxxxxxx/confirm,1
https://www.dev.to/faq,0
https://mail.salesforce.com/faq?id=48874,0
https://update-twitter.info/verify-payment/update-billing/confirm/login,1
https://verify-identity.cf/verify-account,1
https://gogle.com@notion.so/verify,1
https://authenticate-apple.ga/login,1
https://verify-apple-id.gq/claim-reward/urgent-action/validate/login,1
https://verify-amazon.ru/login,1
https://facebookl.com/verify,1
https://api.cloud.google.com/services?id=97710,0
https://staging.twilio.com/login,0
https://mail.cloud.google.com/account,0
https://dev.aws.amazon.com/help,0
https://www.netlify.com/support?id=16325,0
https://g00gle.ga/login,1
https://api.salesforce.com/products?id=89244,0
https://verify-apple-id.gq/action/validate/security-check/login,1
https://www.oracle.com/,0
https://www.github.com/settings?id=31025,0
https://mail.reddit.com/blog?id=73902,0
http://adobe.com/help?id=10185,0
https://verify-amazon.tk/verify/xxxxxxxxxxxxxxxxxxxxxxxxxxxxxxxxxxxxxxxxxxxxxxxxxxxxxxxxxxxxxxxxxxxxxxxxxxxxxxxxxxxxxxxxxxxxxxxxxxxxxxxxxxxxxxxxxxxxxxxxxxxxxxxxxxxxxxxxxxxxxxxxxxxxxxx/confirm,1
https://staging.jira.com/api?id=12185,0
https://security-confirm-bank.tk@cloud.google.com/verify,1
https://dev.twitter.com/support,0
http://56.60.228.91/login,1
http://53.133.87.77/login,1
http://dev.figma.com/docs,0
https://www.reddit.com/api?id=84285,0
https://login-google.ru@sendgrid.com/verify,1
https://dev.twitter.com/account,0
https://validate-netflix.xyz@aws.amazon.com/verify,1
https://stripe.com/login,0
https://account-update-microsoft.ml@apple.com/verify,1
https://www.oracle.com/api?id=42235,0
https://medium.com/login,0
https://www.cloud.google.com/services?id=5722,0
https://login-google.ru/verify/xxxxxxxxxxxxxxxxxxxxxxxxxxxxxxxxxxxxxxxxxxxxxxxxxxxxxxxxxxxxxxxxxxxxxxxxxxxxxxxxxxxxxxxxxxxxxxxxxxxxxxx/confirm,1
https://gogle.com/verify/xxxxxxxxxxxxxxxxxxxxxxxxxxxxxxxxxxxxxxxxxxxxxxxxxxxxxxxxxxxxxxxxxxxxxxxxxxxxxxxxxxxxxxxxxxxxxxxxxxxxxxxxxxxxxxxxxxxxxxxxxxxxxxxxxxxxxxxxxxxxxxx/confirm,1
https://gogle.com/verify/xxxxxxxxxxxxxxxxxxxxxxxxxxxxxxxxxxxxxxxxxxxxxxxxxxxxxxxxxxxxxxxxxxxxxxxxxxxxxxxxxxxxxxxxxxxxxxxxxxxxxxxxxxxxxxxxxxxxxxxxxxxxxxxxxxxxxxxxxxxxxxxxxxxxxxxxxxxxxxx/confirm,1
http://mail.oracle.com/contact,0
https://support-steam.pw/verify,1
https://netflix-secure.com@trello.com/verify,1
https://account-update-microsoft.gq/login,1
https://verify-apple-id.gq/verify,1
https://verify-apple-id.gq@azure.microsoft.com/verify,1
https://authenticate-apple.cf/login,1
https://mail.ibm.com/api?id=35021,0
https://staging.trello.com/faq,0
https://amazn.com/verify,1
https://claim-reward-now.ga/validate/required-update/confirm/login,1
https://limited-time-offer.tk@stripe.com/verify,1
https://dev.slack.com/profile,0
https://www.twitter.com/home,0
http://2.171.21.140/login,1
https://www.github.com/dashboard,0
https://amazn.com/update,1
https://amazn.xyz/login,1
https://congratulations-winner.xyz/login,1
https://staging.ibm.com/settings?id=3915,0
https://mail.microsoft.com/dashboard?id=16415,0
https://linkedin.com/login,0
https://api.aws.amazon.com/settings?id=33141,0
https://amaz0n.top/login,1
https://dev.atlassian.com/support?id=63423,0
http://224.23.32.87/login,1
https://trello.com/home,0
https://api.medium.com/dashboard,0
https://amazn.com/secure/action/update-billing/login,1
https://staging.dev.to/blog,0
https://login-google.ru/security-check/secure/urgent-action/login,1
https://account-update-microsoft.xyz/login,1
https://facebookl.com@apple.com/verify,1
https://mail.heroku.com/home,0
https://staging.netlify.com/home,0
https://verify-identity.cf@stripe.com/verify,1
https://staging.apple.com/help,0
https://cloud.google.com/login,0
https://security-confirm-bank.tk/verify-account,1
https://validate-netflix.xyz/verify,1
http://74.64.20.106/login,1
https://security-confirm-bank.tk/login/confirm-identity/confirm/login,1
https://congratulations-winner.xyz/login,1
https://mail.asana.com/pricing?id=27995,0
http://api.firebase.com/about,0
https://mail.twitter.com/account,0
http://146.43.204.53/login,1
https://invision.com/faq,0
https://mail.asana.com/docs?id=72301,0
https://security-confirm-bank.tk/update,1
https://mail.twitter.com/contact?id=40369,0
https://authenticate-apple.gq/login,1
https://amaz0n.com/update/signin/account-recovery/login,1
https://dev.sketch.com/?id=75227,0
https://www.paypal.com/home,0
http://29.225.159.75/login,1
https://g00gle.xyz/login,1
https://api.netflix.com/blog,0
https://www.figma.com/help,0
https://click-here-now.top@stackoverflow.com/verify,1
https://claim-reward-now.ga/confirm/claim-reward/verify-account/login,1
https://authenticate-apple.cf/claim-reward/action/security-check/login,1
http://204.146.43.162/login,1
https://dev.amazon.com/settings?id=79515,0
https://mail.adobe.com/register,0
https://api.azure.microsoft.com/register,0
https://linkedin-login.com/verify/xxxxxxxxxxxxxxxxxxxxxxxxxxxxxxxxxxxxxxxxxxxxxxxxxxxxxxxxxxxxxxxxxxxxxxxxxxxxxxxxxxxxxxxxxxxxxxxxxxxxxxxxxxxxxxxxxxxxxxxxxxxxxxxxxxxxxxxxxxxxxxxxxxxxxxxxxxxxxxxxxxxxxxxxxxxxxxxxxxxxx/confirm,1
https://github.com/products?id=43099,0
https://confirm-facebook.ga@cloud.google.com/verify,1
https://dev.asana.com/?id=31028,0
https://staging.google.com/account,0
https://confirm-facebook.ga@cloud.google.com/verify,1
http://11.230.65.212/login,1
https://amazn.cf/login,1
https://gogle.com/verify/xxxxxxxxxxxxxxxxxxxxxxxxxxxxxxxxxxxxxxxxxxxxxxxxxxxxxxxxxxxxxxxxxxxxxxxxxxxxxxxxxxxxxxxxxxxxxxxxxxxxxxxxxxxxxxxxxxxxxxxxxxxxxxxxxxxxxxxxxxxxx/confirm,1
https://dev.dev.to/login?id=71849,0
https://stackoverflow-confirm.com@oracle.com/verify,1
http://49.68.203.184/login,1
https://dev.vercel.com/home,0
https://stackoverflow-confirm.com/verify,1
https://limited-time-offer.tk/login,1
https://mail.figma.com/docs?id=33786,0
https://staging.salesforce.com/about?id=8668,0
https://verify-apple-id.gq/verify/xxxxxxxxxxxxxxxxxxxxxxxxxxxxxxxxxxxxxxxxxxxxxxxxxxxxxxxxxxxxxxxxxxxxxxxxxxxxxxxxxxxxxxxxxxxxxxxxxxxxxxxxxxxxxxxxxxxxxxxxxxxxxxxxxxxxxxxxxxxxxxxxxxxxxxxxxxxxxxxxxxxxxxxxxxxxxxxxxxxxxxxxxxxxxxxxxxxxx/confirm,1
https://netflix-secure.com@microsoft.com/verify,1
http://dev.asana.com/contact,0
https://validate-netflix.xyz/verify-payment/verify-payment/login/login,1
https://support-steam.pw/verify,1
https://dev.asana.com/about,0
https://login-google.ru/login,1
https://dev.linkedin.com/blog,0
http://api.notion.so/register?id=78446,0
https://congratulations-winner.tk/login,1
http://staging.wikipedia.org/faq?id=56003,0
https://claim-reward-now.ga/account-recovery/verify-payment/account-recovery/login,1
https://congratulations-winner.ml/verify/xxxxxxxxxxxxxxxxxxxxxxxxxxxxxxxxxxxxxxxxxxxxxxxxxxxxxxxxxxxxxxxxxxxxxxxxxxxxxxxxxxxxxxxxxxxxxxxxxxxxxxxxxxxxxxxxxxxxxxxxxxxxxxxxxxxxxxxxxxxxxxxxxxxxxxxxxxxxxxxxxxxxxxxxxxxxxxxxxxxxxxxxxxxxxxxxxxxxxx/confirm,1
https://api.aws.amazon.com/pricing?id=27107,0
https://mail.sketch.com/products,0
https://limited-time-offer.tk/verify,1
https://congratulations-winner.xyz/login,1
https://update-twitter.info@ibm.com/verify,1
https://urgent-verify-account.ga/verify,1
https://netflix-secure.com@adobe.com/verify,1
https://verify-apple-id.cf/login,1
https://amazn.com/verify/xxxxxxxxxxxxxxxxxxxxxxxxxxxxxxxxxxxxxxxxxxxxxxxxxxxxxxxxxxxxxxxxxxxxxxxxxxxxxxxxxxxxxxxxxxxxxxxxxxxxxxxxxxxxxxxxxxxxxxxxxxxxxxxxxxxxxxxxxxxxxxxxxxxxxxxxxxxxxxxxxxxxxxxxxxxxxxxxxxxxxxxxxx/confirm,1
https://g00gle.com/authenticate/signin/validate/login,1
http://twitter.com/dashboard,0
https://www.twitter.com/contact,0
https://jira.com/account,0
https://cloud.google.com/blog,0
https://congratulations-winner.ml/action/account-recovery/update/login,1
https://mail.youtube.com/contact,0
https://dev.github.com/home,0
https://www.vercel.com/pricing?id=20090,0
https://api.microsoft.com/dashboard,0
https://facbook.com/urgent-action/verify-payment/secure/login,1
https://api.slack.com/services?id=21702,0
https://gogle.com@medium.com/verify,1
https://urgent-verify-account.ga/secure/confirm-identity/required-update/login,1
https://mail.github.com/api?id=56054,0
https://g00gle.com/verify/xxxxxxxxxxxxxxxxxxxxxxxxxxxxxxxxxxxxxxxxxxxxxxxxxxxxxxxxxxxxxxxxxxxxxxxxxxxxxxxxxxxxxxxxxxxxxxxxxxxxxxxxxxxxxxxxxxxxxxxxxxxxxxxxxxxxxxxxxxxxxxxxxxxxxxxxxxxxxxxxxxxxxxxxxxxxxxxxx/confirm,1
https://stackoverflow-confirm.com/verify/xxxxxxxxxxxxxxxxxxxxxxxxxxxxxxxxxxxxxxxxxxxxxxxxxxxxxxxxxxxxxxxxxxxxxxxxxxxxxxxxxxxxxxxxxxxxxxxxxxxxxxxxxxxxxxxxxxxxxxxxxxxxxxxxxxxxxxxxxxxxxxxxxxxxxxxxxxxxxxxxxxxxxxxxxxxxxxxxxxxxxx/confirm,1
https://mail.paypal.com/login,0
https://dev.notion.so/help,0
https://staging.stackoverflow.com/register?id=36451,0
http://mail.twilio.com/help,0
https://support-steam.pw/verify,1
https://mail.azure.microsoft.com/account,0
https://dev.aws.amazon.com/docs?id=22350,0
https://amaz0n.com/verify-account/confirm/verify-payment/login,1
https://congratulations-winner.ml@atlassian.com/verify,1
https://dev.twitter.com/contact?id=63562,0
https://dev.netlify.com/faq,0
https://dev.cloud.google.com/services,0
https://verify-identity.cf/authenticate,1
https://secure-paypal.top/login,1
https://medium.com/blog?id=47807,0
https://verify-amazon.tk/verify,1
https://dev.asana.com/dashboard,0
https://click-here-now.top/verify/xxxxxxxxxxxxxxxxxxxxxxxxxxxxxxxxxxxxxxxxxxxxxxxxxxxxxxxxxxxxxxxxxxxxxxxxxxxxxxxxxxxxxxxxxxxxxxxxxxxxxxxxxxxxxxxxxxxxxxxxxxxxxxxxxxxxxxxxxxxxxxxxxxxxxxxxxxxxxxxxxxxxxxxxxxxxxxxxxxxxxxxxxxxxxxxxxxxxxxx/confirm,1
https://amazn.com/urgent-action,1
https://dev.linkedin.com/blog?id=95702,0
https://netflix-secure.top/login,1
http://www.netflix.com/products,0
https://g00gle.ru/login,1
https://www.ibm.com/about,0
https://claim-reward-now.ga/verify,1
http://55.137.133.154/login,1
https://www.atlassian.com/docs?id=58499,0
https://verify-apple-id.gq/verify,1
https://mail.netlify.com/help?id=68413,0
https://urgent-verify-account.ga/confirm-identity,1
https://api.paypal.com/faq?id=29279,0
https://atlassian.com/login,0
https://update-twitter.info/account-recovery/action/authenticate/login,1
http://google.com/contact?id=89475,0
https://mail.youtube.com/products?id=90847,0
https://api.sketch.com/about,0
https://api.stackoverflow.com/contact?id=23266,0
https://validate-netflix.xyz@linkedin.com/verify,1
https://staging.azure.microsoft.com/about,0
https://www.facebook.com/docs,0
http://25.140.130.243/login,1
https://update-twitter.info@trello.com/verify,1
https://staging.aws.amazon.com/settings?id=93655,0
https://mail.mailchimp.com/services,0
https://verify-apple-id.gq/confirm-identity/claim-reward/security-check/login,1
https://verify-amazon.tk/verify,1
https://staging.azure.microsoft.com/dashboard,0
https://mail.google.com/docs,0
http://49.207.242.41/login,1
https://amaz0n.com/verify/xxxxxxxxxxxxxxxxxxxxxxxxxxxxxxxxxxxxxxxxxxxxxxxxxxxxxxxxxxxxxxxxxxxxxxxxxxxxxxxxxxxxxxxxxxxxxxxxxxxxxxxxxxxxxxxxxxxxxxxxxxxxxxxxxxxxxxxxxxxxxxxxxxxxxxxxxxxxxxxxxxxxxxxxxx/confirm,1
https://facbook.com/verify-account/security-check/secure/login,1
https://stackoverflow-confirm.com/secure,1
https://www.netflix.com/home?id=38688,0
https://staging.azure.microsoft.com/register,0
https://amaz0n.com/verify/login/login/login,1
https://dev.salesforce.com/dashboard?id=20250,0
https://www.netflix.com/contact,0
https://api.linkedin.com/faq,0
https://dev.microsoft.com/register,0
https://api.invision.com/?id=53569,0
https://amaz0n.com/confirm-identity/action/account-recovery/login,1
https://update-twitter.cf/login,1
http://77.146.217.244/login,1
https://mail.sketch.com/contact,0
http://api.facebook.com/profile,0
https://validate-netflix.xyz/security-check,1
http://11.176.149.150/login,1
https://cloud.google.com/services,0
http://staging.paypal.com/settings,0
https://facbook.ga/login,1
https://api.netlify.com/account,0
https://netflix-secure.com/verify,1
https://dev.wikipedia.org/products,0
https://mailchimp.com/?id=28505,0
https://verify-identity.cf/verify/xxxxxxxxxxxxxxxxxxxxxxxxxxxxxxxxxxxxxxxxxxxxxxxxxxxxxxxxxxxxxxxxxxxxxxxxxxxxxxxxxxxxxxxxxxxxxxxxxxxxxxxxxxxxxxxxxxxxxxxxxxxxxxxxxxxxxxxxxxxxxxxxxxxxxxxxxxxxxxxxxxxxxxxxxxxxxxxxxxxxxxxxxxxxx/confirm,1
https://verify-apple-id.gq/verify/xxxxxxxxxxxxxxxxxxxxxxxxxxxxxxxxxxxxxxxxxxxxxxxxxxxxxxxxxxxxxxxxxxxxxxxxxxxxxxxxxxxxxxxxxxxxxxxxxxxxxxxxxxxxxxxxxxxxxxxxxxxxxxxxxxxxxxxxxxxxxxxxxxxxxxxxxxxxxxxxxx/confirm,1
https://paypa1.com/verify/xxxxxxxxxxxxxxxxxxxxxxxxxxxxxxxxxxxxxxxxxxxxxxxxxxxxxxxxxxxxxxxxxxxxxxxxxxxxxxxxxxxxxxxxxxxxxxxxxxxxxxxxxxxxxxxxxx/confirm,1
https://api.netlify.com/dashboard,0
https://www.twilio.com/home,0
https://stackoverflow-confirm.com/verify/xxxxxxxxxxxxxxxxxxxxxxxxxxxxxxxxxxxxxxxxxxxxxxxxxxxxxxxxxxxxxxxxxxxxxxxxxxxxxxxxxxxxxxxxxxxxxxxxxxxxxxxxxxxxxxxxxxxxxxxxxxxxxxxxxxxxxxxxxxxxxxxxxxxxxxxxxxxxxxxxxxxxxxxxxxx/confirm,1
http://staging.heroku.com/docs,0
http://87.240.155.40/login,1
https://api.invision.com/dashboard,0
https://secure-paypal.top/verify,1
https://mail.medium.com/profile,0
https://stackoverflow-confirm.com/verify/xxxxxxxxxxxxxxxxxxxxxxxxxxxxxxxxxxxxxxxxxxxxxxxxxxxxxxxxxxxxxxxxxxxxxxxxxxxxxxxxxxxxxxxxxxxxxxxxxxxxxxxxxxxxxxxxxxxxxxxxxxxxxxxxxxxxxxxxxxxxxxxxxxxxxxxxxxxxxxxxxxxxxxxxxxxxxxxxxxxxxxxxx/confirm,1
https://gogle.com/validate/account-recovery/authenticate/login,1
https://netflix-secure.com/urgent-action/claim-reward/verify-payment/login,1
https://validate-netflix.xyz/verify,1
https://congratulations-winner.top/login,1
https://verify-identity.cf/verify/xxxxxxxxxxxxxxxxxxxxxxxxxxxxxxxxxxxxxxxxxxxxxxxxxxxxxxxxxxxxxxxxxxxxxxxxxxxxxxxxxxxxxxxxxxxxxxxxxxxxxxxxxxxxxxxxxxxxxxxxxxxxxxxxxxx/confirm,1
http://49.144.61.22/login,1
https://account-update-microsoft.ga/login,1
https://asana.com/register,0
https://netflix-secure.ru/login,1
https://click-here-now.ga/login,1
https://confirm-facebook.ga/verify,1
https://www.microsoft.com/register,0
https://verify-identity.cf/account-recovery,1
https://github-verify.com/claim-reward/required-update/login/login,1
https://limited-time-offer.cf/login,1
https://ibm.com/blog?id=63230,0
https://facbook.com/account-recovery/login/update-billing/login,1
https://support-steam.pw/verify/xxxxxxxxxxxxxxxxxxxxxxxxxxxxxxxxxxxxxxxxxxxxxxxxxxxxxxxxxxxxxxxxxxxxxxxxxxxxxxxxxxxxxxxxxxxxxxxxxxxxxxxxxxxxxxxxxxxxxxxxxxxxxxxxxxxxxxxxxxxxxxxxxxxxxxxxxxxxxxx/confirm,1
https://twtter.com/verify,1
https://www.stripe.com/blog,0
https://amazn.com/verify/xxxxxxxxxxxxxxxxxxxxxxxxxxxxxxxxxxxxxxxxxxxxxxxxxxxxxxxxxxxxxxxxxxxxxxxxxxxxxxxxxxxxxxxxxxxxxxxxxxxxxxxxxxxxxxxxxxxxxxxxxxxx/confirm,1
https://api.notion.so/support,0
https://notion.so/settings,0
https://github-verify.com/verify/xxxxxxxxxxxxxxxxxxxxxxxxxxxxxxxxxxxxxxxxxxxxxxxxxxxxxxxxxxxxxxxxxxxxxxxxxxxxxxxxxxxxxxxxxxxxxxxxxxxxxxxxxxxxxxxxxxxxxxxxxxxxxxxxxxxxxxxxxxxxxxxxxxxxxxxxxxxxxxxxxxx/confirm,1
https://account-update-microsoft.ml@apple.com/verify,1
https://amazn.cf/login,1
http://207.31.255.115/login,1
https://www.heroku.com/,0
https://dev.paypal.com/profile?id=28825,0
http://api.amazon.com/dashboard,0
https://dev.medium.com/login,0
https://api.sendgrid.com/,0
https://staging.notion.so/register,0
http://mail.microsoft.com/profile,0
https://staging.youtube.com/docs?id=11905,0
http://206.239.232.35/login,1
https://staging.reddit.com/register,0
https://netflix-secure.com@invision.com/verify,1
https://claim-reward-now.ga/verify/xxxxxxxxxxxxxxxxxxxxxxxxxxxxxxxxxxxxxxxxxxxxxxxxxxxxxxxxxxxxxxxxxxxxxxxxxxxxxxxxxxxxxxxxxxxxxxxxxxxxxxxxxxxxxxxxxxxxxxxxxxxxxxxxxxxxxxxxxxxxxxxxxxxxxxxxxxxxx/confirm,1
https://claim-reward-now.ga@sketch.com/verify,1
https://dev.netlify.com/settings?id=35651,0
https://api.invision.com/profile,0
https://linkedin-login.top/login,1
https://mail.paypal.com/pricing,0
https://staging.netlify.com/api?id=33154,0
https://api.github.com/help,0
http://www.aws.amazon.com/help?id=15651,0
https://amaz0n.com/verify/xxxxxxxxxxxxxxxxxxxxxxxxxxxxxxxxxxxxxxxxxxxxxxxxxxxxxxxxxxxxxxxxxxxxxxxxxxxxxxxxxxxxxxxxxxxxxxxxxxxxxxxxxxxxxxxxx/confirm,1
http://mail.firebase.com/faq,0
https://netflix-secure.com/verify/xxxxxxxxxxxxxxxxxxxxxxxxxxxxxxxxxxxxxxxxxxxxxxxxxxxxxxxxxxxxxxxxxxxxxxxxxxxxxxxxxxxxxxxxxxxxxxxxxxxxxxxxxxxxxxxxxxxxxxxxxxxxxxxxxxxxxxxxxxxxxxxxxxxxxx/confirm,1
https://login-google.ru@heroku.com/verify,1
https://api.aws.amazon.com/help,0
https://dev.reddit.com/products,0
https://api.netflix.com/profile?id=10092,0
https://click-here-now.top/required-update/confirm/signin/login,1
https://salesforce.com/login?id=40361,0
https://security-confirm-bank.tk@dev.to/verify,1
https://paypa1.com/verify/xxxxxxxxxxxxxxxxxxxxxxxxxxxxxxxxxxxxxxxxxxxxxxxxxxxxxxxxxxxxxxxxxxxxxxxxxxxxxxxxxxxxxxxxxxxxxxxxxxxxxxxxxxxxxxxx/confirm,1
https://www.linkedin.com/docs,0
https://amazon.com/settings,0
http://198.81.133.4/login,1
https://staging.mailchimp.com/contact?id=9882,0
https://notion.so/blog?id=36154,0
https://dev.atlassian.com/help,0
https://mail.aws.amazon.com/blog?id=47831,0
https://github-verify.com/verify,1
https://facbook.com/verify,1
https://click-here-now.tk/login,1
http://mail.atlassian.com/help?id=54673,0
https://trello.com/settings,0
http://127.41.189.4/login,1
https://netflix-secure.tk/login,1
https://netflix-secure.com/login,1
https://staging.twitter.com/login,0
https://dev.aws.amazon.com/profile?id=46834,0
https://dev.firebase.com/home,0
https://api.trello.com/help,0
https://www.amazon.com/account,0
http://59.150.30.237/login,1
http://74.63.82.152/login,1
https://amazn.com@netflix.com/verify,1
http://api.stackoverflow.com/support?id=88568,0
https://claim-reward-now.ga/verify,1
https://congratulations-winner.ml@notion.so/verify,1
http://157.10.137.228/login,1
https://amazn.com/verify,1
http://dev.netlify.com/settings,0
https://dev.heroku.com/,0
https://gogle.com/verify-payment/urgent-action/signin/login,1
https://staging.netflix.com/contact,0
http://236.113.190.191/login,1
https://secure-paypal.xyz/login,1
http://dev.netflix.com/profile,0
https://twilio.com/help,0
https://validate-netflix.xyz/validate,1
https://dev.atlassian.com/about,0
https://api.youtube.com/blog?id=87851,0
http://mail.paypal.com/settings,0
https://dev.apple.com/dashboard,0
https://dev.youtube.com/settings,0
http://mail.sketch.com/services?id=4756,0
https://linkedin-login.cf/login,1
https://authenticate-apple.ml/login,1
https://limited-time-offer.tk/update-billing,1
https://paypal.com/pricing,0
https://support-steam.pw/authenticate/verify-payment/validate/login,1
https://verify-amazon.tk/verify/xxxxxxxxxxxxxxxxxxxxxxxxxxxxxxxxxxxxxxxxxxxxxxxxxxxxxxxxxxxxxxxxxxxxxxxxxxxxxxxxxxxxxxxxxxxxxxxxxxxxxxxxxxxxxxxxxxxxxxxxxxxxxxxxxxxxxxxxxxxxxxxxxxxxxxxxxxx/confirm,1
https://staging.firebase.com/faq?id=12951,0
https://twtter.com/verify/xxxxxxxxxxxxxxxxxxxxxxxxxxxxxxxxxxxxxxxxxxxxxxxxxxxxxxxxxxxxxxxxxxxxxxxxxxxxxxxxxxxxxxxxxxxxxxxxxxxxxxxxxxxxxxxxxxxxxxxxxxxxxxxxxxxxxxxxxxxxxxxxxxxxxxxxxxxxxxxxxxxxxxxxxxxxxxxxx/confirm,1
https://mail.slack.com/blog?id=12469,0
https://claim-reward-now.ga/verify,1
https://limited-time-offer.tk/validate/security-check/security-check/login,1
https://netflix.com/help?id=71404,0
https://amazn.com/verify,1
https://verify-apple-id.gq@heroku.com/verify,1
https://staging.netlify.com/faq,0
https://www.trello.com/account?id=62751,0
https://g00gle.com@azure.microsoft.com/verify,1
https://www.wikipedia.org/help,0
https://www.jira.com/api?id=71235,0
https://www.dev.to/faq?id=92861,0
https://authenticate-apple.cf/urgent-action,1
https://api.mailchimp.com/services,0
https://mail.stackoverflow.com/login?id=92337,0
https://login-google.ru/verify-payment/verify-payment/update/login,1
https://staging.medium.com/help,0
https://staging.heroku.com/help,0
https://github-verify.com/verify,1
https://dev.stripe.com/dashboard?id=30536,0
https://limited-time-offer.top/login,1
https://secure-paypal.top/urgent-action/claim-reward/update-billing/login,1
https://account-update-microsoft.ml/required-update,1
https://staging.sendgrid.com/home,0
https://account-update-microsoft.ml/required-update/verify-payment/confirm-identity/login,1
https://amaz0n.com/account-recovery/action/required-update/login,1
https://dev.heroku.com/,0
https://github.com/help,0
https://github-verify.ru/login,1
https://authenticate-apple.cf/update/secure/urgent-action/login,1
https://linkedin-login.com/verify/xxxxxxxxxxxxxxxxxxxxxxxxxxxxxxxxxxxxxxxxxxxxxxxxxxxxxxxxxxxxxxxxxxxxxxxxxxxxxxxxxxxxxxxxxxxxxxxxxxxxxxxxxxxxxxxxxxxxxxxxxxxxxxxxxxxxxxx/confirm,1
https://aws.amazon.com/api,0
https://twtter.com@google.com/verify,1
https://dev.reddit.com/dashboard,0
https://stripe.com/help?id=67747,0
https://verify-amazon.tk/verify/xxxxxxxxxxxxxxxxxxxxxxxxxxxxxxxxxxxxxxxxxxxxxxxxxxxxxxxxxxxxxxxxxxxxxxxxxxxxxxxxxxxxxxxxxxxxxxxxxxxxxxxxxxxxxxxxxxxxxxxxxxxxxx/confirm,1
https://verify-amazon.top/login,1
http://141.89.253.103/login,1
http://8.73.26.172/login,1
https://verify-amazon.tk/verify/xxxxxxxxxxxxxxxxxxxxxxxxxxxxxxxxxxxxxxxxxxxxxxxxxxxxxxxxxxxxxxxxxxxxxxxxxxxxxxxxxxxxxxxxxxxxxxxxxxxxxxxxxxxxxxxxxxxxxxxxxxxxxxxxxxxxxxxxxxxx/confirm,1
http://226.219.16.83/login,1
http://135.214.129.90/login,1
https://login-google.ru/verify,1
https://g00gle.com/verify/urgent-action/confirm/login,1
https://g00gle.com/verify,1
https://facebook.com/support,0
https://mail.dev.to/dashboard,0
https://gogle.com/validate/required-update/urgent-action/login,1
https://api.twitter.com/contact,0
https://validate-netflix.xyz@microsoft.com/verify,1
https://www.heroku.com/register,0
https://vercel.com/about,0
https://amaz0n.com/verify,1
https://security-confirm-bank.tk/verify,1
https://api.mailchimp.com/settings,0
https://verify-apple-id.gq/required-update/update-billing/update/login,1
https://account-update-microsoft.ml@slack.com/verify,1
https://verify-apple-id.gq/verify/xxxxxxxxxxxxxxxxxxxxxxxxxxxxxxxxxxxxxxxxxxxxxxxxxxxxxxxxxxxxxxxxxxxxxxxxxxxxxxxxxxxxxxxxxxxxxxxxxxxxxxxxxxxxxxxxxxxxxxxxxxxxxxxxxxxxxxxxxxxxxxxxxxxxxxxxxxxxxxxxxxxxxxxxxxxxxxxxxxxxxxxxxxxxx/confirm,1
https://mail.jira.com/register?id=69253,0
https://amazn.com/update-billing,1
https://claim-reward-now.ga/verify/xxxxxxxxxxxxxxxxxxxxxxxxxxxxxxxxxxxxxxxxxxxxxxxxxxxxxxxxxxxxxxxxxxxxxxxxxxxxxxxxxxxxxxxxxxxxxxxxxxxxxxxxxxxxxxxxxxxxxxxxxxxxxxxxxxxxxxxxxxxxxxxxxxxxxxxxxx/confirm,1
http://228.43.206.44/login,1
https://twtter.com/verify/xxxxxxxxxxxxxxxxxxxxxxxxxxxxxxxxxxxxxxxxxxxxxxxxxxxxxxxxxxxxxxxxxxxxxxxxxxxxxxxxxxxxxxxxxxxxxxxxxxxxxxxxxxxxxxxxxxxxxxxxxxxxxxxxxxxxxxxxxxxxxx/confirm,1
https://figma.com/api?id=16831,0
https://facbook.com/verify/xxxxxxxxxxxxxxxxxxxxxxxxxxxxxxxxxxxxxxxxxxxxxxxxxxxxxxxxxxxxxxxxxxxxxxxxxxxxxxxxxxxxxxxxxxxxxxxxxxxxxxxxxxxxxxxxxxxxxxxxxxxxxxxxxxxxxxxxxxxxxxxxxx/confirm,1
https://dev.twitter.com/faq,0
https://atlassian.com/api,0
https://api.twitter.com/products,0
https://claim-reward-now.ga/verify,1
http://staging.dev.to/settings?id=36212,0
http://221.85.181.146/login,1
https://dev.vercel.com/about,0
http://210.79.187.172/login,1
https://netflix-secure.com/security-check/login/login/login,1
https://g00gle.com/verify/xxxxxxxxxxxxxxxxxxxxxxxxxxxxxxxxxxxxxxxxxxxxxxxxxxxxxxxxxxxxxxxxxxxxxxxxxxxxxxxxxxxxxxxxxxxxxxxxxxxxxxxxxxxxxxxxxxxxxxxxxxxxxxxxxxxxxxxxxxxxxxxxxxxxxxxxxxxxxxxxxxxxxxxxxxxxxxxxxxxxxxx/confirm,1
http://239.121.216.13/login,1
https://mail.twitter.com/settings,0
http://246.32.100.15/login,1
https://dev.firebase.com/settings?id=9268,0
https://staging.netlify.com/api,0
https://api.apple.com/dashboard,0
http://36.159.20.69/login,1
http://78.12.82.245/login,1
https://api.figma.com/docs,0
http://staging.microsoft.com/home,0
https://facbook.com/verify,1
https://facbook.com/verify/xxxxxxxxxxxxxxxxxxxxxxxxxxxxxxxxxxxxxxxxxxxxxxxxxxxxxxxxxxxxxxxxxxxxxxxxxxxxxxxxxxxxxxxxxxxxxxxxxxxxxxxxxxxxxxxxxxxxxxxxx/confirm,1
https://click-here-now.top/verify,1
https://staging.microsoft.com/docs,0
https://amazn.com/login,1
https://mail.youtube.com/services?id=93668,0
https://dev.atlassian.com/help,0
https://staging.ibm.com/docs?id=66619,0
https://dev.ibm.com/login?id=12365,0
https://claim-reward-now.ga@medium.com/verify,1
https://twtter.com/verify,1
https://netflix-secure.com/verify/xxxxxxxxxxxxxxxxxxxxxxxxxxxxxxxxxxxxxxxxxxxxxxxxxxxxxxxxxxxxxxxxxxxxxxxxxxxxxxxxxxxxxxxxxxxxxxxxxxxxxxxxxxxxxxxxxxxxxxxxxxxxxxxxxxxxxxxxxxxxxxxxxxxxxxxxxxxxxxxxxxxxxxxxxxxxxxxxxxxxxxxxxxxxxxxxxxxx/confirm,1
https://www.adobe.com/register,0
https://mail.wikipedia.org/profile,0
https://api.twilio.com/blog?id=92015,0
https://dev.salesforce.com/services,0
https://mail.twilio.com/dashboard,0
http://16.60.161.105/login,1
https://authenticate-apple.cf/confirm,1
https://api.sketch.com/pricing,0
https://github-verify.com/verify/xxxxxxxxxxxxxxxxxxxxxxxxxxxxxxxxxxxxxxxxxxxxxxxxxxxxxxxxxxxxxxxxxxxxxxxxxxxxxxxxxxxxxxxxxxxxxxxxxxxxxxxxxxxxxxxxxxxxxxxxxxxxxxxxxxxxxxxxxxxxxxxxxxxxxxxxxxxxxxxxxxxxxxxxx/confirm,1
https://verify-amazon.tk@salesforce.com/verify,1
https://cloud.google.com/account,0
https://api.figma.com/blog,0
https://amazon.com/support?id=40597,0
http://149.17.220.238/login,1
https://verify-amazon.tk/verify,1
https://claim-reward-now.ml/login,1
http://api.twilio.com/support,0
https://dev.figma.com/contact,0
https://api.github.com/login,0
https://www.notion.so/account?id=68087,0
https://amaz0n.com/security-check/update/secure/login,1
https://www.ibm.com/login,0
http://api.linkedin.com/api,0
https://gogle.com/verify/xxxxxxxxxxxxxxxxxxxxxxxxxxxxxxxxxxxxxxxxxxxxxxxxxxxxxxxxxxxxxxxxxxxxxxxxxxxxxxxxxxxxxxxxxxxxxxxxxxxxxxxxxxxxxxxxxxxxxxxxxxxxxxxxxxxxxxxxxxxxxxxxxxxxxxxxxx/confirm,1
https://mail.mailchimp.com/support,0
https://support-steam.pw/verify/xxxxxxxxxxxxxxxxxxxxxxxxxxxxxxxxxxxxxxxxxxxxxxxxxxxxxxxxxxxxxxxxxxxxxxxxxxxxxxxxxxxxxxxxxxxxxxxxxxxxxxxxxxxxxxxxxxxxxxxxxxxxxxxxxx/confirm,1
https://api.twilio.com/blog?id=73669,0
https://staging.netflix.com/,0
http://238.191.165.16/login,1
https://claim-reward-now.ga/validate/secure/verify-account/login,1
https://dev.medium.com/dashboard,0
https://update-twitter.info/login,1
https://staging.jira.com/settings,0
https://youtube.com/login,0
http://112.90.183.255/login,1
https://api.ibm.com/account?id=33304,0
https://dev.wikipedia.org/settings,0
https://staging.paypal.com/account?id=82740,0
https://mail.invision.com/register?id=7557,0
https://congratulations-winner.ru/login,1
https://www.oracle.com/register,0
https://mail.adobe.com/account,0
https://api.azure.microsoft.com/api,0
https://paypal.com/support?id=92750,0
https://security-confirm-bank.tk/verify,1
https://paypa1.com@netflix.com/verify,1
https://support-steam.pw/verify/xxxxxxxxxxxxxxxxxxxxxxxxxxxxxxxxxxxxxxxxxxxxxxxxxxxxxxxxxxxxxxxxxxxxxxxxxxxxxxxxxxxxxxxxxxxxxxxxxxxxxxx/confirm,1
https://mail.salesforce.com/api,0
https://api.github.com/services,0
http://246.240.96.145/login,1
https://notion.so/contact?id=18459,0
https://dev.reddit.com/account,0
https://jira.com/home,0
https://click-here-now.gq/login,1
https://confirm-facebook.ga/verify/xxxxxxxxxxxxxxxxxxxxxxxxxxxxxxxxxxxxxxxxxxxxxxxxxxxxxxxxxxxxxxxxxxxxxxxxxxxxxxxxxxxxxxxxxxxxxxxxxxxxxxxxxxxxxxxxxxxxxxxxxxxxxxxxxxxx/confirm,1
https://mail.linkedin.com/settings,0
https://dev.sketch.com/docs?id=37415,0
https://twtter.com/update-billing,1
https://www.azure.microsoft.com/register,0
https://staging.firebase.com/products,0
https://netflix-secure.com@notion.so/verify,1
http://5.162.3.231/login,1
https://www.salesforce.com/products,0
https://staging.twilio.com/api?id=24325,0
https://api.sendgrid.com/api,0
https://api.stackoverflow.com/support,0
http://www.stripe.com/dashboard?id=56092,0
http://85.72.240.219/login,1
https://limited-time-offer.tk/verify,1
https://dev.slack.com/faq?id=44073,0
https://mail.reddit.com/login,0
https://dev.invision.com/blog?id=28302,0
https://netflix-secure.com/verify,1
https://linkedin-login.com/claim-reward,1
https://facbook.com/authenticate,1
https://adobe.com/api,0
https://login-google.ru/verify/xxxxxxxxxxxxxxxxxxxxxxxxxxxxxxxxxxxxxxxxxxxxxxxxxxxxxxxxxxxxxxxxxxxxxxxxxxxxxxxxxxxxxxxxxxxxxxxxxxxxxxxxxxxxxxxxxxxxxxxxxxxxxxxxxxxxxxxxxxxxxxxxxxxxxxxxx/confirm,1
http://mail.aws.amazon.com/dashboard,0
https://account-update-microsoft.ml/verify/xxxxxxxxxxxxxxxxxxxxxxxxxxxxxxxxxxxxxxxxxxxxxxxxxxxxxxxxxxxxxxxxxxxxxxxxxxxxxxxxxxxxxxxxxxxxxxxxxxxxxxxxxxxxxxxxxxxxxxxxxxxxxx/confirm,1
https://limited-time-offer.tk/verify/xxxxxxxxxxxxxxxxxxxxxxxxxxxxxxxxxxxxxxxxxxxxxxxxxxxxxxxxxxxxxxxxxxxxxxxxxxxxxxxxxxxxxxxxxxxxxxxxxxxxxxxxxxxxxxx/confirm,1
https://www.google.com/docs,0
https://www.medium.com/support?id=54261,0
https://twtter.com/validate/signin/verify-payment/login,1
http://92.251.166.156/login,1
https://amaz0n.com/confirm,1
https://facebookl.com@microsoft.com/verify,1
https://mail.stripe.com/support,0
https://gogle.com/verify/xxxxxxxxxxxxxxxxxxxxxxxxxxxxxxxxxxxxxxxxxxxxxxxxxxxxxxxxxxxxxxxxxxxxxxxxxxxxxxxxxxxxxxxxxxxxxxxxxxxxxxxxxxxxxxxxxxxxxxxxxxxxxxxxxxxxxxxxxxxxxxxxxxxxxxxxxxxxxxxxxxxxxxx/confirm,1
https://facbook.com/verify/xxxxxxxxxxxxxxxxxxxxxxxxxxxxxxxxxxxxxxxxxxxxxxxxxxxxxxxxxxxxxxxxxxxxxxxxxxxxxxxxxxxxxxxxxxxxxxxxxxxxxxxxxxxxxxxxxxxxxxxxxxxxxxxxxxxxxxxxxxxxxxxxxxxxxxxxxxxxxxxxxxxxxxxxxxxxxxxxxxxxxxxxxxxxx/confirm,1
https://account-update-microsoft.ml@netlify.com/verify,1
https://mail.slack.com/help,0
https://twilio.com/account,0
https://account-update-microsoft.ml/verify/xxxxxxxxxxxxxxxxxxxxxxxxxxxxxxxxxxxxxxxxxxxxxxxxxxxxxxxxxxxxxxxxxxxxxxxxxxxxxxxxxxxxxxxxxxxxxxxxxxxxxxxxxxxxxxxxxxxxxxxxxxxxxxxxxx/confirm,1
https://verify-apple-id.gq/verify/xxxxxxxxxxxxxxxxxxxxxxxxxxxxxxxxxxxxxxxxxxxxxxxxxxxxxxxxxxxxxxxxxxxxxxxxxxxxxxxxxxxxxxxxxxxxxxxxxxxxxxxxxxxxxxxxxxxxxxxx/confirm,1
https://click-here-now.top/verify/xxxxxxxxxxxxxxxxxxxxxxxxxxxxxxxxxxxxxxxxxxxxxxxxxxxxxxxxxxxxxxxxxxxxxxxxxxxxxxxxxxxxxxxxxxxxxxxxxxxxxxxxxxxxxxxxxxxxxxxxxxxxxxxxxxxxxxxxxxxxxx/confirm,1
https://staging.notion.so/faq,0
https://verify-amazon.tk@netflix.com/verify,1
http://www.github.com/account,0
https://staging.dev.to/settings,0
https://facebookl.gq/login,1
https://verify-amazon.tk@vercel.com/verify,1
https://click-here-now.top/verify/xxxxxxxxxxxxxxxxxxxxxxxxxxxxxxxxxxxxxxxxxxxxxxxxxxxxxxxxxxxxxxxxxxxxxxxxxxxxxxxxxxxxxxxxxxxxxxxxxxxxxxxxxxxxxxxxxxxxxxxxxxxxxxxxxxxxxxxxxxxxxxxxxxxxxxxxxxxxxxxxxxxxxxxxxxxxxxxxxxxxxxxxxxxx/confirm,1
https://mail.reddit.com/faq?id=32235,0
https://secure-paypal.top/account-recovery/security-check/confirm-identity/login,1
https://authenticate-apple.cf/verify-account,1
https://verify-apple-id.gq@amazon.com/verify,1
https://netflix-secure.com/authenticate/required-update/required-update/login,1
https://confirm-facebook.ga@stackoverflow.com/verify,1
https://www.asana.com/profile,0
https://verify-apple-id.xyz/login,1
https://linkedin.com/,0
https://staging.wikipedia.org/docs,0
https://twilio.com/support?id=23246,0
https://www.paypal.com/api?id=69711,0
https://security-confirm-bank.tk/verify,1
https://mail.netlify.com/profile,0
http://73.86.145.2/login,1
https://staging.microsoft.com/profile,0
https://api.stripe.com/settings,0
https://dev.aws.amazon.com/products?id=41954,0
https://github-verify.com@netflix.com/verify,1
https://mail.slack.com/api,0
http://dev.jira.com/products,0
https://github.com/pricing,0
https://amaz0n.com/verify/xxxxxxxxxxxxxxxxxxxxxxxxxxxxxxxxxxxxxxxxxxxxxxxxxxxxxxxxxxxxxxxxxxxxxxxxxxxxxxxxxxxxxxxxxxxxxxxxxxxxxxxxxxxxxxxxxxxxxxxxxxxx/confirm,1
https://urgent-verify-account.ga/action,1
https://dev.oracle.com/account,0
https://validate-netflix.xyz/verify,1
https://facebookl.com/verify/xxxxxxxxxxxxxxxxxxxxxxxxxxxxxxxxxxxxxxxxxxxxxxxxxxxxxxxxxxxxxxxxxxxxxxxxxxxxxxxxxxxxxxxxxxxxxxxxxxxxxxxxxxxxxxxxxxxxxxxxxxxx/confirm,1
https://verify-apple-id.gq/action,1
http://28.32.164.143/login,1
https://mail.mailchimp.com/pricing?id=53466,0
https://support-steam.pw@netflix.com/verify,1
https://mail.twitter.com/register,0
https://dev.paypal.com/settings?id=17363,0
https://www.apple.com/services,0
https://account-update-microsoft.ml@wikipedia.org/verify,1
https://dev.cloud.google.com/docs,0
https://figma.com/settings,0
https://staging.cloud.google.com/products,0
https://api.paypal.com/api,0
https://login-google.ru/verify/xxxxxxxxxxxxxxxxxxxxxxxxxxxxxxxxxxxxxxxxxxxxxxxxxxxxxxxxxxxxxxxxxxxxxxxxxxxxxxxxxxxxxxxxxxxxxxxxxxxxxxxxxxxxxxxxxxxxxxxxxxxxxxxxxxxxxxxxxxxxxxxxxxxxxxxxxxxxxxxxxxxxxxx/confirm,1
https://www.amazon.com/blog,0
https://staging.github.com/dashboard,0
https://click-here-now.top/update-billing,1
https://account-update-microsoft.ml/verify/xxxxxxxxxxxxxxxxxxxxxxxxxxxxxxxxxxxxxxxxxxxxxxxxxxxxxxxxxxxxxxxxxxxxxxxxxxxxxxxxxxxxxxxxxxxxxxxxxxxxxxxxxxxxxxxxxxxxxxxxxxxxxxxxxxxxxxxxxxxxxxxxxxxxxxxxxxxxxx/confirm,1
https://urgent-verify-account.ga@notion.so/verify,1
https://www.trello.com/register?id=15448,0
https://mail.reddit.com/about,0
https://dev.stackoverflow.com/api,0
https://mail.salesforce.com/settings,0
https://support-steam.ml/login,1
https://paypa1.com@amazon.com/verify,1
https://dev.asana.com/blog?id=60925,0
https://twtter.com/account-recovery,1
http://74.181.28.54/login,1
https://api.ibm.com/blog,0
https://verify-apple-id.gq/verify,1
http://28.72.82.193/login,1
https://confirm-facebook.ga/verify,1
https://amaz0n.com/verify,1
https://api.netflix.com/,0
https://staging.medium.com/blog?id=24129,0
https://amaz0n.com/confirm-identity,1
https://api.sendgrid.com/account,0
https://verify-identity.ga/login,1
https://facbook.ml/login,1
https://click-here-now.top/verify-account,1
https://staging.azure.microsoft.com/?id=7652,0
https://www.netflix.com/products,0
https://dev.reddit.com/support,0
https://support-steam.pw@apple.com/verify,1
https://amazn.com/verify,1
https://authenticate-apple.cf@azure.microsoft.com/verify,1
https://account-update-microsoft.xyz/login,1
https://account-update-microsoft.ml/verify,1
http://77.66.64.122/login,1
https://dev.stackoverflow.com/settings,0
https://facbook.com/verify,1
https://account-update-microsoft.ml/verify/xxxxxxxxxxxxxxxxxxxxxxxxxxxxxxxxxxxxxxxxxxxxxxxxxxxxxxxxxxxxxxxxxxxxxxxxxxxxxxxxxxxxxxxxxxxxxxxxxxxxxxxxxxxxxxxxxxxxxxxxxxxxxxxxxxxxxxxxxxxxxxxxxxxxxxxxxxxxxxxxxxxxxxxxxxxxxxxxxxxxxxxxxxxxxxxxxxxxxxxx/confirm,1
https://claim-reward-now.ga/confirm,1
https://mail.ibm.com/services,0
https://www.apple.com/pricing,0
http://dev.paypal.com/contact,0
https://facebookl.com@wikipedia.org/verify,1
https://www.wikipedia.org/products,0
https://www.medium.com/services?id=72717,0
https://adobe.com/docs?id=1479,0
https://paypa1.top/login,1
https://urgent-verify-account.ga/verify/xxxxxxxxxxxxxxxxxxxxxxxxxxxxxxxxxxxxxxxxxxxxxxxxxxxxxxxxxxxxxxxxxxxxxxxxxxxxxxxxxxxxxxxxxxxxxxxxxxxxxxxxxxxxxxxxxxxxxxxxxxxxxxxxxxxxxxxxxxxxxxxxxxxxxxxxxxxxxxxxxxxxxxxxxxxxxxxxxxxxxxxxxxxxx/confirm,1
https://api.linkedin.com/login?id=66926,0
https://claim-reward-now.ga/update,1
https://api.twitter.com/,0
https://support-steam.pw@oracle.com/verify,1
https://mail.azure.microsoft.com/contact?id=16463,0
https://netlify.com/dashboard,0
https://facebookl.com@atlassian.com/verify,1
https://verify-apple-id.gq/urgent-action,1
https://claim-reward-now.ga@twilio.com/verify,1
https://limited-time-offer.ml/login,1
https://verify-amazon.tk/verify,1
https://www.youtube.com/blog,0
https://secure-paypal.top@paypal.com/verify,1
https://dev.sketch.com/profile?id=85781,0
https://api.trello.com/docs?id=58206,0
https://mail.sendgrid.com/account,0
https://limited-time-offer.tk/verify/xxxxxxxxxxxxxxxxxxxxxxxxxxxxxxxxxxxxxxxxxxxxxxxxxxxxxxxxxxxxxxxxxxxxxxxxxxxxxxxxxxxxxxxxxxxxxxxxxxxxxxxxxxxxxxxxxxxxxxxxxxxxxxxxxxxxxxxxxxxxxxxxxxxxx/confirm,1
https://api.youtube.com/blog,0
https://stackoverflow-confirm.com/verify,1
https://amazn.com/verify,1
https://secure-paypal.top/update-billing/verify-account/security-check/login,1
https://api.cloud.google.com/about,0
https://confirm-facebook.ga/verify-payment/login/signin/login,1
https://github.com/login,0
https://login-google.ru/verify,1
https://api.cloud.google.com/register,0
https://www.linkedin.com/help,0
https://api.twitter.com/profile,0
https://secure-paypal.top@stackoverflow.com/verify,1
https://salesforce.com/services,0
https://api.wikipedia.org/contact,0
https://paypal.com/profile,0
https://dev.trello.com/faq,0
https://staging.azure.microsoft.com/login?id=19969,0
http://mail.google.com/home,0
https://mail.aws.amazon.com/profile,0
https://api.adobe.com/pricing,0
https://twtter.com/verify,1
https://gogle.com/verify,1
https://staging.wikipedia.org/pricing,0
https://mail.github.com/account,0
https://confirm-facebook.ga/confirm-identity,1
https://paypa1.com@netflix.com/verify,1
https://mail.reddit.com/register?id=97066,0
https://click-here-now.top/verify/xxxxxxxxxxxxxxxxxxxxxxxxxxxxxxxxxxxxxxxxxxxxxxxxxxxxxxxxxxxxxxxxxxxxxxxxxxxxxxxxxxxxxxxxxxxxxxxxxxxxxxxxxxxxxxxxxxxxxxxxxxxxxxxxxxxxxxxxxxxxxxxxxxxxxxxxxxxxxxxxxxxxxxxxxxxxxxxxxxxxxxxxxxxxxxxxxxxxxx/confirm,1
http://17.4.229.149/login,1
https://verify-identity.tk/login,1
https://www.sendgrid.com/pricing,0
https://congratulations-winner.ml/security-check/claim-reward/verify-account/login,1
http://72.197.246.204/login,1
https://staging.mailchimp.com/api?id=43984,0
https://click-here-now.top/authenticate/confirm-identity/required-update/login,1
https://www.ibm.com/contact,0
https://urgent-verify-account.ga/claim-reward/confirm-identity/authenticate/login,1
https://verify-identity.cf/verify/xxxxxxxxxxxxxxxxxxxxxxxxxxxxxxxxxxxxxxxxxxxxxxxxxxxxxxxxxxxxxxxxxxxxxxxxxxxxxxxxxxxxxxxxxxxxxxxxxxxxxxxxxxxxxxxxxxxxxxxxxxxxxxxxxxxxxxxxxxxxxxxxxxxxx/confirm,1
https://validate-netflix.xyz/signin,1
https://staging.linkedin.com/account?id=39149,0
https://linkedin-login.ml/login,1
https://reddit.com/dashboard,0
https://amazn.com/verify,1
https://g00gle.com/verify,1
https://staging.youtube.com/services,0
https://mail.github.com/faq,0
https://paypa1.com/login,1
https://facebookl.com@trello.com/verify,1
https://verify-amazon.tk/verify/xxxxxxxxxxxxxxxxxxxxxxxxxxxxxxxxxxxxxxxxxxxxxxxxxxxxxxxxxxxxxxxxxxxxxxxxxxxxxxxxxxxxxxxxxxxxxxxxxxxxxxxxxxxxxxxxxxxxxxxxxxxxxxxxxxxxxxxxxxxxxxxxxxxxxxxxxxxxxxxxxxxxxx/confirm,1
http://staging.apple.com/support?id=93114,0
https://click-here-now.top/authenticate,1
https://staging.sendgrid.com/products,0
https://account-update-microsoft.ml/login,1
http://api.apple.com/help,0
https://authenticate-apple.cf/security-check/validate/confirm/login,1
https://verify-amazon.xyz/login,1
https://dev.youtube.com/blog,0
https://dev.linkedin.com/profile?id=79902,0
https://facebookl.com/verify/xxxxxxxxxxxxxxxxxxxxxxxxxxxxxxxxxxxxxxxxxxxxxxxxxxxxxxxxxxxxxxxxxxxxxxxxxxxxxxxxxxxxxxxxxxxxxxxxxxxxxxxxxxxxxxxxxxxxxxxxxxxxxxxxxxxxxxxxxxxx/confirm,1
https://urgent-verify-account.ga/verify/xxxxxxxxxxxxxxxxxxxxxxxxxxxxxxxxxxxxxxxxxxxxxxxxxxxxxxxxxxxxxxxxxxxxxxxxxxxxxxxxxxxxxxxxxxxxxxxxxxxxxxxxxxxxxxxxxxxxxxxxxxxxxxxxxxxxxxxxxxxxxxxxxxxxxxxxxxxxxxxxxxxxxxxxxxxxxxxxxxxxxxxxxxxxxxxxx/confirm,1
https://api.salesforce.com/pricing,0
https://staging.microsoft.com/?id=28470,0
https://api.aws.amazon.com/about,0
https://mail.ibm.com/profile?id=6396,0
https://www.netlify.com/api,0
https://secure-paypal.top/verify/xxxxxxxxxxxxxxxxxxxxxxxxxxxxxxxxxxxxxxxxxxxxxxxxxxxxxxxxxxxxxxxxxxxxxxxxxxxxxxxxxxxxxxxxxxxxxxxxxxxxxxxxxxxxxxxxxxxxxxxxxxxxxx/confirm,1
https://staging.trello.com/settings,0
https://secure-paypal.top/login,1
https://staging.slack.com/faq,0
https://www.amazon.com/contact,0
https://paypa1.com/update/validate/update-billing/login,1
https://trello.com/login?id=61966,0
https://mail.microsoft.com/api,0
https://stackoverflow.com/pricing,0
https://update-twitter.info/verify,1
https://update-twitter.info/verify-account/verify-account/required-update/login,1
https://staging.dev.to/services?id=10185,0
https://validate-netflix.xyz/verify,1
https://authenticate-apple.cf/confirm-identity,1
https://www.jira.com/support?id=1610,0
https://invision.com/support,0
https://urgent-verify-account.ga/confirm-identity,1
https://dev.apple.com/settings,0
https://paypa1.com@dev.to/verify,1
https://claim-reward-now.ga/required-update,1
https://www.adobe.com/docs,0
https://amazn.com/signin/update-billing/confirm/login,1
https://www.heroku.com/,0
https://www.stripe.com/services,0
https://validate-netflix.tk/login,1
https://verify-apple-id.xyz/login,1
https://netflix-secure.com/verify,1
https://dev.slack.com/services,0
http://125.34.226.123/login,1
https://api.jira.com/dashboard?id=51809,0
https://github-verify.com/validate,1
https://dev.sendgrid.com/help,0
http://227.112.142.98/login,1
https://netflix-secure.cf/login,1
https://staging.apple.com/blog?id=93557,0
https://api.netflix.com/?id=82958,0
https://mail.youtube.com/profile?id=21756,0
https://dev.oracle.com/register?id=77949,0
https://mail.jira.com/products?id=60081,0
https://facbook.com/verify,1
https://verify-apple-id.gq/claim-reward,1
https://api.reddit.com/?id=97004,0
https://mail.mailchimp.com/support,0
https://security-confirm-bank.ml/login,1
https://login-google.ru@mailchimp.com/verify,1
https://www.stackoverflow.com/pricing,0
https://mail.twitter.com/api,0
https://dev.twilio.com/profile,0
https://account-update-microsoft.ml/urgent-action/urgent-action/login/login,1
https://amazn.com@wikipedia.org/verify,1
http://54.140.138.81/login,1
https://staging.medium.com/login?id=6323,0
https://secure-paypal.top/verify,1
https://staging.twilio.com/help,0
https://congratulations-winner.top/login,1
https://amazn.com/verify,1
https://azure.microsoft.com/login,0
https://staging.sendgrid.com/products,0
http://91.178.183.83/login,1
https://mail.adobe.com/support?id=4561,0
https://verify-amazon.ga/login,1
https://confirm-facebook.ga/verify,1
https://www.oracle.com/account,0
https://paypa1.com/verify,1
https://api.stripe.com/login,0
http://170.191.3.112/login,1
https://facbook.xyz/login,1
https://paypa1.com/validate,1
https://medium.com/login?id=86333,0
https://verify-apple-id.gq@wikipedia.org/verify,1
https://click-here-now.top/confirm-identity/confirm-identity/verify-payment/login,1
https://facbook.com@twitter.com/verify,1
https://github-verify.com/account-recovery/verify/security-check/login,1
https://mail.adobe.com/login?id=50818,0
https://dev.microsoft.com/faq,0
https://urgent-verify-account.ga/verify,1
https://ibm.com/home,0
https://staging.netlify.com/about,0
https://staging.slack.com/about,0
https://api.invision.com/support,0
https://confirm-facebook.ga/verify,1
https://staging.netflix.com/about?id=32218,0
https://authenticate-apple.cf/urgent-action/account-recovery/secure/login,1
https://www.medium.com/settings,0
https://security-confirm-bank.tk/verify-account/verify-account/update-billing/login,1
https://google.com/home,0
https://dev.sketch.com/about,0
https://linkedin-login.com/secure,1
https://staging.wikipedia.org/services,0
https://claim-reward-now.ga@apple.com/verify,1
https://mail.facebook.com/faq,0
https://verify-identity.cf/login,1
https://limited-time-offer.tk/login,1
https://support-steam.pw/verify/xxxxxxxxxxxxxxxxxxxxxxxxxxxxxxxxxxxxxxxxxxxxxxxxxxxxxxxxxxxxxxxxxxxxxxxxxxxxxxxxxxxxxxxxxxxxxxxxxxxxxxxxxxxxxxxxxxxxxxxxxxx/confirm,1
https://limited-time-offer.tk/verify/xxxxxxxxxxxxxxxxxxxxxxxxxxxxxxxxxxxxxxxxxxxxxxxxxxxxxxxxxxxxxxxxxxxxxxxxxxxxxxxxxxxxxxxxxxxxxxxxxxxxxxxxxxxxxxxxxxxxxxxxxxxxxxxxxxxxxxxxxxx/confirm,1
https://amaz0n.com/verify,1
https://authenticate-apple.cf@reddit.com/verify,1
https://validate-netflix.xyz/security-check,1
https://www.cloud.google.com/account?id=20377,0
https://paypa1.com/action/claim-reward/account-recovery/login,1
https://validate-netflix.xyz/verify/xxxxxxxxxxxxxxxxxxxxxxxxxxxxxxxxxxxxxxxxxxxxxxxxxxxxxxxxxxxxxxxxxxxxxxxxxxxxxxxxxxxxxxxxxxxxxxxxxxxxxxxxxxxxxxxxxxxxxxx/confirm,1
https://dev.figma.com/register,0
https://api.trello.com/login,0
https://dev.notion.so/services,0
http://api.netlify.com/register?id=11343,0
https://g00gle.com/verify,1
https://facbook.com/verify/xxxxxxxxxxxxxxxxxxxxxxxxxxxxxxxxxxxxxxxxxxxxxxxxxxxxxxxxxxxxxxxxxxxxxxxxxxxxxxxxxxxxxxxxxxxxxxxxxxxxxxxxxxxxxxxxxxxxxxxxxxxxxxxxxxxxxxxxxxxxxxxxxxxxxxxxxxxxxxxxxxxxxxxxxxxxxxxxx/confirm,1
http://161.15.117.0/login,1
https://security-confirm-bank.tk/verify,1
https://authenticate-apple.tk/login,1
https://linkedin-login.com/authenticate/urgent-action/verify-payment/login,1
https://oracle.com/pricing,0
http://102.150.49.39/login,1
https://account-update-microsoft.ml/security-check/validate/security-check/login,1
https://www.amazon.com/profile?id=17115,0
https://login-google.tk/login,1
http://254.108.181.39/login,1
https://staging.firebase.com/api,0
https://dev.sendgrid.com/account?id=35116,0
https://facebookl.com@facebook.com/verify,1
https://mail.dev.to/dashboard,0
https://validate-netflix.xyz/account-recovery,1
https://validate-netflix.xyz@figma.com/verify,1
https://amazn.com/urgent-action/confirm-identity/validate/login,1
https://login-google.ru/verify/xxxxxxxxxxxxxxxxxxxxxxxxxxxxxxxxxxxxxxxxxxxxxxxxxxxxxxxxxxxxxxxxxxxxxxxxxxxxxxxxxxxxxxxxxxxxxxxxxxxxxxxxxxxxxxxxxxxxxxxxxxxxxxxxxxxxxxxxxxxxxxxxxxxxxxxxxxxxxxxxxxxxxxx/confirm,1
https://twtter.cf/login,1
https://dev.ibm.com/api,0
https://facbook.com/verify,1
https://verify-identity.cf@github.com/verify,1
https://dev.twilio.com/support,0
https://www.reddit.com/pricing?id=42052,0
http://90.179.83.190/login,1
https://verify-amazon.tk/verify/xxxxxxxxxxxxxxxxxxxxxxxxxxxxxxxxxxxxxxxxxxxxxxxxxxxxxxxxxxxxxxxxxxxxxxxxxxxxxxxxxxxxxxxxxxxxxxxxxxxxxxxxxxxxxxxxxxxxxxxxxxxxxxxxxxxxxxxxxxxxxxxxxxxxxxxxxxxxxxxxxxxxxxxxxxxxxxxxxxxxxxxxxxxxxxxxxxxxxxxx/confirm,1
https://facbook.com@jira.com/verify,1
https://congratulations-winner.ml/verify/xxxxxxxxxxxxxxxxxxxxxxxxxxxxxxxxxxxxxxxxxxxxxxxxxxxxxxxxxxxxxxxxxxxxxxxxxxxxxxxxxxxxxxxxxxxxxxxxxxxxxxxxxxxxxxxxxxxxxxxxxxxxxxxxxxxxx/confirm,1
https://mail.apple.com/blog?id=10997,0
https://stackoverflow-confirm.xyz/login,1
https://dev.amazon.com/home?id=26512,0
https://confirm-facebook.ga/urgent-action,1
http://228.207.162.241/login,1
https://secure-paypal.top/verify,1
http://dev.medium.com/contact,0
https://congratulations-winner.ml/security-check,1
https://verify-amazon.tk@cloud.google.com/verify,1
https://staging.dev.to/login,0
https://aws.amazon.com/products?id=4557,0
https://update-twitter.info/verify,1
https://limited-time-offer.tk/verify/xxxxxxxxxxxxxxxxxxxxxxxxxxxxxxxxxxxxxxxxxxxxxxxxxxxxxxxxxxxxxxxxxxxxxxxxxxxxxxxxxxxxxxxxxxxxxxxxxxxxxxxxxxxxxxxxxxxxxxxxxxxxxxxxxxxxxxxxxxxxxxxxxxxxxxxxxxxxxxxxxxxx/confirm,1
https://www.linkedin.com/services,0
https://verify-apple-id.gq/account-recovery,1
https://github-verify.com@netflix.com/verify,1
https://mail.notion.so/blog,0
https://staging.paypal.com/account?id=24591,0
https://verify-apple-id.gq/claim-reward/secure/verify/login,1
https://dev.facebook.com/about?id=45034,0
http://44.86.92.19/login,1
https://api.medium.com/about,0
https://linkedin-login.gq/login,1
https://github-verify.com/verify-account,1
https://www.mailchimp.com/account?id=88010,0
https://linkedin-login.com/verify/xxxxxxxxxxxxxxxxxxxxxxxxxxxxxxxxxxxxxxxxxxxxxxxxxxxxxxxxxxxxxxxxxxxxxxxxxxxxxxxxxxxxxxxxxxxxxxxxxxxxxxxxxxxxx/confirm,1
https://dev.heroku.com/login,0
https://facebookl.com/verify,1
https://gogle.xyz/login,1
https://login-google.ru/verify/xxxxxxxxxxxxxxxxxxxxxxxxxxxxxxxxxxxxxxxxxxxxxxxxxxxxxxxxxxxxxxxxxxxxxxxxxxxxxxxxxxxxxxxxxxxxxxxxxxxxxxxxxxxxxxxxxxxxxxxxxxxxxxxxxxxxxxxxxxxxxxxxxxxxxxxxxxxxxxxxxxxxxxxxxxxxx/confirm,1
https://staging.apple.com/login,0
https://dev.firebase.com/login,0
https://staging.asana.com/dashboard?id=44403,0
https://dev.dev.to/docs?id=50902,0
https://api.twilio.com/blog?id=28484,0
https://mail.jira.com/settings?id=31866,0
https://www.amazon.com/services,0
https://dev.invision.com/contact,0
https://figma.com/login,0
https://netlify.com/services,0
https://staging.dev.to/home?id=62953,0
https://ibm.com/pricing,0
https://click-here-now.top@oracle.com/verify,1
https://amaz0n.gq/login,1
https://dev.oracle.com/help?id=91145,0
https://confirm-facebook.ga/verify-account,1
https://staging.figma.com/help,0
http://165.174.72.166/login,1
https://security-confirm-bank.tk@slack.com/verify,1
https://www.apple.com/products,0
http://106.51.73.36/login,1
https://staging.jira.com/?id=81754,0
https://api.stackoverflow.com/blog?id=9139,0
https://dev.firebase.com/settings,0
https://www.dev.to/docs,0
https://dev.firebase.com/faq,0
http://41.58.76.138/login,1
https://reddit.com/services?id=65903,0
https://stackoverflow-confirm.com/authenticate,1
https://secure-paypal.top/verify,1
https://congratulations-winner.ml/login,1
https://verify-amazon.xyz/login,1
https://verify-amazon.tk/verify/xxxxxxxxxxxxxxxxxxxxxxxxxxxxxxxxxxxxxxxxxxxxxxxxxxxxxxxxxxxxxxxxxxxxxxxxxxxxxxxxxxxxxxxxxxxxxxxxxxxxxxxxxxxxxxxxxxxxxxxxxxxxxxxxxxxxxxxxxxxxxxxxxxxxxxxxxxxxxxxxxxxxxxxx/confirm,1
https://validate-netflix.xyz/security-check,1
http://180.203.238.78/login,1
https://urgent-verify-account.ga/verify,1
https://stackoverflow-confirm.com/action/secure/validate/login,1
http://www.amazon.com/help,0
https://mail.dev.to/account?id=5438,0
https://staging.cloud.google.com/support,0
https://dev.adobe.com/,0
https://support-steam.pw/verify/xxxxxxxxxxxxxxxxxxxxxxxxxxxxxxxxxxxxxxxxxxxxxxxxxxxxxxxxxxxxxxxxxxxxxxxxxxxxxxxxxxxxxxxxxxxxxxxxxxxxxxxxxxxxxxxxxxxxxxxxxx/confirm,1
https://dev.figma.com/products,0
https://www.microsoft.com/faq,0
http://mail.facebook.com/blog,0
https://mailchimp.com/dashboard,0
https://amaz0n.com/claim-reward,1
http://203.159.159.23/login,1
https://dev.stackoverflow.com/products,0
https://account-update-microsoft.gq/login,1
https://paypa1.com/verify,1
https://secure-paypal.top@azure.microsoft.com/verify,1
https://security-confirm-bank.tk/account-recovery/account-recovery/validate/login,1
http://207.12.29.50/login,1
https://update-twitter.top/login,1
http://mail.microsoft.com/support?id=22463,0
https://amazn.com@amazon.com/verify,1
http://145.26.86.179/login,1
https://dev.reddit.com/contact,0
https://click-here-now.top@vercel.com/verify,1
https://dev.paypal.com/account,0
https://mailchimp.com/home,0
https://dev.jira.com/services,0
https://api.oracle.com/pricing?id=54525,0
https://congratulations-winner.ml/required-update,1
https://api.stackoverflow.com/products,0
https://paypal.com/products,0
https://security-confirm-bank.tk/validate/update-billing/verify-payment/login,1
https://stackoverflow-confirm.com/verify/xxxxxxxxxxxxxxxxxxxxxxxxxxxxxxxxxxxxxxxxxxxxxxxxxxxxxxxxxxxxxxxxxxxxxxxxxxxxxxxxxxxxxxxxxxxxxxxxxxxxxx/confirm,1
https://validate-netflix.xyz@atlassian.com/verify,1
https://api.netlify.com/,0
https://account-update-microsoft.ml/account-recovery/confirm/required-update/login,1
https://mailchimp.com/settings?id=47427,0
https://staging.jira.com/pricing,0
https://account-update-microsoft.ml/account-recovery,1
https://limited-time-offer.tk/verify,1
https://api.amazon.com/contact,0
https://confirm-facebook.ga/action,1
https://congratulations-winner.ml/account-recovery,1
https://staging.twilio.com/register,0
https://github-verify.com/update-billing,1
https://dev.linkedin.com/docs,0
https://mailchimp.com/login?id=72892,0
https://mail.netlify.com/dashboard,0
https://netflix-secure.xyz/login,1
https://mail.atlassian.com/faq,0
https://www.notion.so/faq,0
https://security-confirm-bank.tk/verify,1
https://staging.amazon.com/register,0
https://www.linkedin.com/products,0
https://linkedin-login.com@google.com/verify,1
https://verify-apple-id.gq/verify-payment/secure/verify/login,1
https://mail.reddit.com/pricing,0
http://staging.sketch.com/products,0
http://191.83.11.91/login,1
https://facebookl.com/verify,1
https://validate-netflix.xyz/verify-payment/claim-reward/login/login,1
https://sketch.com/services?id=18199,0
https://mail.medium.com/contact,0
https://validate-netflix.xyz/verify,1
https://oracle.com/home,0
https://api.invision.com/docs?id=43918,0
https://staging.notion.so/products,0
https://confirm-facebook.ga/verify,1
https://www.linkedin.com/faq?id=7117,0
https://heroku.com/help,0
https://api.jira.com/login,0
https://twtter.com/verify/xxxxxxxxxxxxxxxxxxxxxxxxxxxxxxxxxxxxxxxxxxxxxxxxxxxxxxxxxxxxxxxxxxxxxxxxxxxxxxxxxxxxxxxxxxxxxxxxxxxxxxxxxxxxxxxxxxxxxxxxxxxxxxxxxxxxxxxxxxxxxxxxxxxxxxxx/confirm,1
https://mail.amazon.com/faq,0
https://g00gle.com@netflix.com/verify,1
https://apple.com/help,0
https://amaz0n.com/authenticate/update-billing/validate/login,1
https://support-steam.pw/verify,1
https://urgent-verify-account.top/login,1
http://188.179.60.99/login,1
https://verify-apple-id.gq@notion.so/verify,1
http://247.45.218.203/login,1
https://staging.reddit.com/support,0
https://validate-netflix.xyz@cloud.google.com/verify,1
https://authenticate-apple.tk/login,1
https://mail.github.com/support?id=83867,0
https://g00gle.com/action/login/account-recovery/login,1
https://validate-netflix.xyz/update/required-update/login/login,1
https://mail.microsoft.com/register,0
https://mail.github.com/pricing?id=50934,0
https://facbook.com/verify/xxxxxxxxxxxxxxxxxxxxxxxxxxxxxxxxxxxxxxxxxxxxxxxxxxxxxxxxxxxxxxxxxxxxxxxxxxxxxxxxxxxxxxxxxxxxxxxxxxxxxxxxxxxxxxxxxxxxx/confirm,1
https://confirm-facebook.ga/verify/xxxxxxxxxxxxxxxxxxxxxxxxxxxxxxxxxxxxxxxxxxxxxxxxxxxxxxxxxxxxxxxxxxxxxxxxxxxxxxxxxxxxxxxxxxxxxxxxxxxxxxxxxxxxxxxxxxxxxxxxxxxxxxxxxxxxxxxxxxxxxxxxxxx/confirm,1
https://support-steam.pw/verify/xxxxxxxxxxxxxxxxxxxxxxxxxxxxxxxxxxxxxxxxxxxxxxxxxxxxxxxxxxxxxxxxxxxxxxxxxxxxxxxxxxxxxxxxxxxxxxxxxxxxxxxxxxxxxxxxxxxxxxxxxxxxxxxxxxxxxxxxxxxxxxxxxxxxxxxxxxxxxxxxxxxxxxxxxxxxxxxxxxxxxxxxxx/confirm,1
https://ibm.com/profile,0
https://secure-paypal.top@azure.microsoft.com/verify,1
https://staging.microsoft.com/support,0
https://api.jira.com/docs,0
http://100.104.254.47/login,1
https://verify-apple-id.gq/verify,1
https://staging.linkedin.com/register,0
https://paypal.com/pricing?id=65782,0
https://facebookl.com/verify-account/authenticate/authenticate/login,1
https://click-here-now.top/verify,1
https://validate-netflix.xyz/verify/xxxxxxxxxxxxxxxxxxxxxxxxxxxxxxxxxxxxxxxxxxxxxxxxxxxxxxxxxxxxxxxxxxxxxxxxxxxxxxxxxxxxxxxxxxxxxxxxxxxxxxxxxxxxxxxxxxxxxxxxxxxxxxxxxxxxxxxxxxxxxxxxxxxxxxxxxxxxxxxxxxxxxxxxxxxxxxxxxxxxxxxxxxxx/confirm,1
https://mail.adobe.com/docs,0
https://claim-reward-now.ga/verify/xxxxxxxxxxxxxxxxxxxxxxxxxxxxxxxxxxxxxxxxxxxxxxxxxxxxxxxxxxxxxxxxxxxxxxxxxxxxxxxxxxxxxxxxxxxxxxxxxxxxxxxxxxxx/confirm,1
https://linkedin-login.com/verify,1
https://mail.salesforce.com/account,0
https://dev.dev.to/services?id=13331,0
https://gogle.com@aws.amazon.com/verify,1
https://twitter.com/account,0
https://paypa1.tk/login,1
https://invision.com/pricing?id=84257,0
https://click-here-now.top/verify,1
http://staging.firebase.com/account,0
https://mail.reddit.com/settings?id=92084,0
https://g00gle.com/verify,1
https://confirm-facebook.ga/verify/xxxxxxxxxxxxxxxxxxxxxxxxxxxxxxxxxxxxxxxxxxxxxxxxxxxxxxxxxxxxxxxxxxxxxxxxxxxxxxxxxxxxxxxxxxxxxxxxxxxxxxxxxxxxxxxxxxxxxxxxxxxxxxxxxxxxxxxxxxxxxxxxxxxxxxxxxxxxxxxxxxxxxxxxxxxxxxxxxxxxxxx/confirm,1
https://facbook.com@oracle.com/verify,1
https://api.netlify.com/account?id=95933,0
https://mail.azure.microsoft.com/home,0
https://mail.vercel.com/contact,0
https://api.jira.com/faq,0
https://claim-reward-now.ga/action,1
https://support-steam.pw/verify,1
https://limited-time-offer.tk/verify,1
http://www.notion.so/products,0
https://gogle.com/verify-account/urgent-action/authenticate/login,1
https://secure-paypal.top/verify,1
https://www.dev.to/contact,0
https://staging.twitter.com/contact,0
https://www.stackoverflow.com/profile,0
https://amaz0n.com/verify,1
https://www.azure.microsoft.com/about,0
https://www.asana.com/account?id=75078,0
http://169.27.117.33/login,1
https://twtter.com/verify,1
https://www.invision.com/?id=27028,0
https://adobe.com/contact?id=18208,0
https://validate-netflix.top/login,1
https://click-here-now.top/verify,1
https://staging.adobe.com/blog,0
https://linkedin-login.com/verify/xxxxxxxxxxxxxxxxxxxxxxxxxxxxxxxxxxxxxxxxxxxxxxxxxxxxxxxxxxxxxxxxxxxxxxxxxxxxxxxxxxxxxxxxxxxxxxxxxxxxxxxxxxxxxxxxxxxxxxxxxxxxxxxxxxxxxxxxxxxxxxxxxxxxxxxxxxxxxxxxxxxxxxxxxxxxxxxxxxxxxxxxxxxxxxxxxxxxxxxx/confirm,1
https://dev.asana.com/,0
https://mail.cloud.google.com/register?id=33148,0
https://verify-amazon.tk@heroku.com/verify,1
https://www.amazon.com/about,0
https://confirm-facebook.ga/verify-account,1
http://api.netlify.com/support?id=75940,0
https://amaz0n.com@vercel.com/verify,1
https://stackoverflow-confirm.com/secure,1
https://mail.cloud.google.com/settings,0
https://jira.com/api?id=8338,0
https://github-verify.com/verify,1
https://staging.salesforce.com/dashboard,0
https://staging.slack.com/dashboard,0
https://youtube.com/faq,0
https://www.salesforce.com/profile,0
https://linkedin-login.com/verify/xxxxxxxxxxxxxxxxxxxxxxxxxxxxxxxxxxxxxxxxxxxxxxxxxxxxxxxxxxxxxxxxxxxxxxxxxxxxxxxxxxxxxxxxxxxxxxxxxxxxxxxxxxxxxxxxxxxxxxxxxxxxxxxxxxxxxxxxxxxxxxxxxxxxxxxxxxxxxxxxxxxxxxxxxxxxxx/confirm,1
https://update-twitter.info/authenticate/verify-payment/verify-account/login,1
http://dev.youtube.com/settings,0
https://update-twitter.info@reddit.com/verify,1
https://mail.adobe.com/register,0
https://mail.figma.com/register,0
https://mail.stripe.com/services,0
https://api.notion.so/products,0
https://amazn.top/login,1
https://mail.amazon.com/docs,0
https://api.amazon.com/blog,0
http://31.125.72.132/login,1
https://vercel.com/dashboard,0
https://dev.netflix.com/support?id=68054,0
https://facebookl.cf/login,1
https://click-here-now.top/verify,1
https://api.netlify.com/dashboard,0
https://slack.com/products?id=43040,0
https://github.com/docs,0
https://www.notion.so/support,0
https://api.microsoft.com/profile,0
https://verify-amazon.tk/required-update,1
https://youtube.com/contact,0
https://staging.cloud.google.com/settings,0
https://dev.figma.com/blog,0
https://dev.twitter.com/support,0
https://api.youtube.com/services,0
https://api.adobe.com/register,0
https://verify-apple-id.gq/signin/claim-reward/validate/login,1
https://dev.stackoverflow.com/products,0
https://dev.medium.com/about?id=17600,0
https://atlassian.com/about,0
https://www.mailchimp.com/register?id=75213,0
https://paypa1.com/verify/xxxxxxxxxxxxxxxxxxxxxxxxxxxxxxxxxxxxxxxxxxxxxxxxxxxxxxxxxxxxxxxxxxxxxxxxxxxxxxxxxxxxxxxxxxxxxxxxxxxxxxxxxxxxx/confirm,1
https://www.azure.microsoft.com/account?id=59540,0
https://www.linkedin.com/products?id=14402,0
https://secure-paypal.top/verify/xxxxxxxxxxxxxxxxxxxxxxxxxxxxxxxxxxxxxxxxxxxxxxxxxxxxxxxxxxxxxxxxxxxxxxxxxxxxxxxxxxxxxxxxxxxxxxxxxxxxxxxxxxxxxxxxxxxxxxxxxxxxxxxxxxxxxxxxxxxxxxxxxxxxxxxxxxx/confirm,1
https://staging.dev.to/docs,0
https://dev.github.com/account,0
https://mail.google.com/products,0
https://gogle.com/signin,1
https://secure-paypal.top/verify/xxxxxxxxxxxxxxxxxxxxxxxxxxxxxxxxxxxxxxxxxxxxxxxxxxxxxxxxxxxxxxxxxxxxxxxxxxxxxxxxxxxxxxxxxxxxxxxxxxxxxxxxxxxxxxxxxxxxxxxxxxxxxxxxxxxxxxxxxxxxxxxxxxxxxxxxxxxxxxxxxxxxxxxx/confirm,1
https://api.aws.amazon.com/products,0
http://staging.invision.com/help,0
https://dev.stackoverflow.com/api,0
https://mailchimp.com/services,0
https://mail.oracle.com/support,0
http://243.2.91.46/login,1
https://api.notion.so/api,0
https://limited-time-offer.tk/action/claim-reward/confirm/login,1
https://api.amazon.com/settings,0
https://mail.facebook.com/services?id=10438,0
https://verify-amazon.tk/signin/claim-reward/update/login,1
https://jira.com/blog,0
http://61.143.204.78/login,1
https://mail.facebook.com/support,0
https://g00gle.com/verify,1
https://netflix-secure.com/verify/xxxxxxxxxxxxxxxxxxxxxxxxxxxxxxxxxxxxxxxxxxxxxxxxxxxxxxxxxxxxxxxxxxxxxxxxxxxxxxxxxxxxxxxxxxxxxxxxxxxxxxxxxxxxxxxxxxxxxxxxxxxxxxxxxxxxxxxxxxxxxxxxxxxxxxxxxxxxxxxxxxxxxxxxxxxxxxxxxxxxxxxxxxxxxxxxx/confirm,1
https://www.google.com/dashboard,0
https://congratulations-winner.ml/verify,1
https://facebookl.com@jira.com/verify,1
https://login-google.ru/verify-account,1
https://netflix-secure.xyz/login,1
https://github-verify.com/signin/authenticate/action/login,1
https://confirm-facebook.ga/verify,1
http://dev.figma.com/pricing?id=78833,0
https://salesforce.com/pricing?id=87530,0
https://g00gle.com@netflix.com/verify,1
https://gogle.top/login,1
https://mail.figma.com/products,0
https://stackoverflow.com/,0
https://staging.vercel.com/services,0
https://verify-identity.cf/claim-reward/secure/confirm/login,1
https://confirm-facebook.ga@twilio.com/verify,1
https://update-twitter.info/verify,1
https://paypa1.com@jira.com/verify,1
https://click-here-now.top/verify/xxxxxxxxxxxxxxxxxxxxxxxxxxxxxxxxxxxxxxxxxxxxxxxxxxxxxxxxxxxxxxxxxxxxxxxxxxxxxxxxxxxxxxxxxxxxxxxxxxxxxxxxxxxxxxxxxxxxxxxxxxxxxxxxxxxxxxxxxxxxxxxxxxxxxxxxxxxxxxxxxxxxxxxxxxxxxxxxxxxxxxxxxxxxxxx/confirm,1
https://mail.linkedin.com/,0
https://dev.mailchimp.com/support,0
https://support-steam.pw/urgent-action,1
https://stackoverflow-confirm.com/confirm,1
https://verify-apple-id.gq@twilio.com/verify,1
https://security-confirm-bank.xyz/login,1
https://staging.reddit.com/register?id=42453,0
http://228.107.40.188/login,1
https://staging.google.com/dashboard,0
https://staging.medium.com/products?id=90396,0
https://dev.netflix.com/register,0
https://staging.aws.amazon.com/account,0
https://www.sendgrid.com/products,0
http://139.203.109.178/login,1
http://182.190.87.37/login,1
https://staging.trello.com/pricing,0
http://245.71.121.119/login,1
http://132.38.163.165/login,1
https://amaz0n.com/verify/xxxxxxxxxxxxxxxxxxxxxxxxxxxxxxxxxxxxxxxxxxxxxxxxxxxxxxxxxxxxxxxxxxxxxxxxxxxxxxxxxxxxxxxxxxxxxxxxxxxxxxxxxxxxxxxxxxxxxxxxxxxxxxxxxxxxxxxxxxxxxxx/confirm,1
https://update-twitter.info/verify/xxxxxxxxxxxxxxxxxxxxxxxxxxxxxxxxxxxxxxxxxxxxxxxxxxxxxxxxxxxxxxxxxxxxxxxxxxxxxxxxxxxxxxxxxxxxxxxxxxxxxxxxxxxxxxxxxxxxxxxxxxxxxxxxxxxxxxxxxxxxxxxxxxxxxxxxxxxxxxxxxxxxxxxxxx/confirm,1
https://invision.com/api?id=50768,0
https://dev.netlify.com/pricing,0
https://facbook.com/login/action/confirm/login,1
https://security-confirm-bank.tk/login,1
https://authenticate-apple.ga/login,1
https://dev.facebook.com/support,0
https://claim-reward-now.cf/login,1
https://linkedin-login.com/verify/xxxxxxxxxxxxxxxxxxxxxxxxxxxxxxxxxxxxxxxxxxxxxxxxxxxxxxxxxxxxxxxxxxxxxxxxxxxxxxxxxxxxxxxxxxxxxxxxxxxxxxxxxxxxxxxxxxxxxx/confirm,1
http://heroku.com/account,0
https://adobe.com/profile,0
https://amaz0n.com/verify,1
https://staging.paypal.com/login?id=38774,0
http://27.124.252.178/login,1
https://youtube.com/support,0
https://account-update-microsoft.ml@figma.com/verify,1
https://twtter.com/required-update/login/verify/login,1
https://staging.stackoverflow.com/contact,0
https://api.twitter.com/settings,0
https://twtter.com@figma.com/verify,1
https://amazn.com/verify,1
https://confirm-facebook.ga/verify,1
http://api.atlassian.com/support,0
https://staging.netflix.com/faq,0
http://75.22.56.90/login,1
https://staging.adobe.com/login,0
https://amazn.com/verify/claim-reward/verify-payment/login,1
https://amazn.com/account-recovery/urgent-action/verify-payment/login,1
https://mail.facebook.com/account,0
https://facbook.com/account-recovery,1
https://verify-apple-id.gq/verify/xxxxxxxxxxxxxxxxxxxxxxxxxxxxxxxxxxxxxxxxxxxxxxxxxxxxxxxxxxxxxxxxxxxxxxxxxxxxxxxxxxxxxxxxxxxxxxxxxxxxxxxxxxxxxxxxxxxxxxxxxxxxxxxxxxxxxxxxxxxxxxxxxxxxxxxxxxxxxxxxxxxxxxxxxxxxxxxxxxxxxxxxxxxxxxxxxxxxxxx/confirm,1
https://jira.com/services,0
https://api.twilio.com/contact?id=63447,0
http://167.150.150.115/login,1
http://102.151.124.93/login,1
https://gogle.com/confirm,1
https://staging.twilio.com/home,0
https://dev.reddit.com/settings,0
https://mail.cloud.google.com/support,0
https://linkedin-login.com@stackoverflow.com/verify,1
https://amaz0n.com/confirm-identity,1
https://twtter.com/verify/xxxxxxxxxxxxxxxxxxxxxxxxxxxxxxxxxxxxxxxxxxxxxxxxxxxxxxxxxxxxxxxxxxxxxxxxxxxxxxxxxxxxxxxxxxxxxxxxxxxxxxxxxx/confirm,1
https://mail.invision.com/home?id=33832,0
https://www.slack.com/api?id=75905,0
https://dev.dev.to/login,0
https://api.apple.com/services,0
https://dev.aws.amazon.com/login?id=46153,0
https://mail.facebook.com/settings?id=76206,0
https://limited-time-offer.tk/secure,1
https://limited-time-offer.tk@adobe.com/verify,1
https://www.twitter.com/support?id=79846,0
https://amazn.com/verify/xxxxxxxxxxxxxxxxxxxxxxxxxxxxxxxxxxxxxxxxxxxxxxxxxxxxxxxxxxxxxxxxxxxxxxxxxxxxxxxxxxxxxxxxxxxxxxxxxxxxxxxxxxxxxxxxxxxxxxxxxxxxxxxxxxxxxxxxxxxxxxxxxxxxxxxxxxxxxxxxxxxxxxxxxxxxxxxxxxxxxxxxxx/confirm,1
https://facebookl.ga/login,1
https://www.vercel.com/blog,0
https://staging.apple.com/?id=15642,0
https://security-confirm-bank.tk@twilio.com/verify,1
http://72.103.78.183/login,1
https://mail.stripe.com/pricing,0
https://www.youtube.com/login?id=7865,0
https://validate-netflix.top/login,1
https://congratulations-winner.ml/verify-payment/account-recovery/verify-payment/login,1
https://www.notion.so/dashboard,0
https://click-here-now.top@wikipedia.org/verify,1
https://mailchimp.com/support,0
https://www.apple.com/services,0
https://facebookl.com/verify/xxxxxxxxxxxxxxxxxxxxxxxxxxxxxxxxxxxxxxxxxxxxxxxxxxxxxxxxxxxxxxxxxxxxxxxxxxxxxxxxxxxxxxxxxxxxxxxxxxxxxxxxxxxxxxxxxxxxxxxxxxxxxxxxxxxxxxxxxxxxxxxxxxxxxxxxxx/confirm,1
https://www.cloud.google.com/services?id=78878,0
https://validate-netflix.xyz@notion.so/verify,1
https://www.adobe.com/,0
https://staging.facebook.com/about,0
https://mail.mailchimp.com/faq,0
https://gogle.com/verify/xxxxxxxxxxxxxxxxxxxxxxxxxxxxxxxxxxxxxxxxxxxxxxxxxxxxxxxxxxxxxxxxxxxxxxxxxxxxxxxxxxxxxxxxxxxxxxxxxxxxxxxxxxxxxxxxxxxxxxxxxxxxxxxxxxxxxxxxxxxxxxxxxxxxxxx/confirm,1
https://update-twitter.info/verify/xxxxxxxxxxxxxxxxxxxxxxxxxxxxxxxxxxxxxxxxxxxxxxxxxxxxxxxxxxxxxxxxxxxxxxxxxxxxxxxxxxxxxxxxxxxxxxxxxxxxxxxxxxxxxxxxxxxxxxxxxxxxxxxxxxxxxxxxxxxxxxxxxxxxxxxxxxxxxxxxxxxxxxx/confirm,1
https://facebookl.com/confirm/update-billing/signin/login,1
https://staging.sketch.com/blog,0
https://api.stripe.com/services,0
https://claim-reward-now.ga/verify,1
https://facbook.com/verify,1
https://dev.heroku.com/contact,0
https://mail.reddit.com/,0
https://security-confirm-bank.tk/verify,1
https://amazn.com@firebase.com/verify,1
https://claim-reward-now.ga/update/verify-payment/security-check/login,1
https://staging.youtube.com/docs?id=95370,0
https://urgent-verify-account.ga/verify,1
https://verify-apple-id.gq/security-check/verify-account/urgent-action/login,1
https://www.linkedin.com/support,0
https://paypa1.top/login,1
http://84.41.218.107/login,1
https://staging.firebase.com/dashboard,0
https://mail.paypal.com/pricing,0
https://login-google.ru/secure,1
https://staging.dev.to/,0
https://support-steam.pw/verify,1
http://mail.azure.microsoft.com/login,0
https://verify-apple-id.gq/authenticate,1
https://netflix-secure.ru/login,1
https://api.netflix.com/login?id=25163,0
https://linkedin.com/services,0
http://81.123.208.236/login,1
https://authenticate-apple.cf/verify/xxxxxxxxxxxxxxxxxxxxxxxxxxxxxxxxxxxxxxxxxxxxxxxxxxxxxxxxxxxxxxxxxxxxxxxxxxxxxxxxxxxxxxxxxxxxxxxxxxxxxxxxxxxxxxxxxxxxxxxxxxxxxxxxxxxxxxxxxxxxxxxxxxxxxxxxxxxxxxxxxxxxxxx/confirm,1
https://account-update-microsoft.ml@jira.com/verify,1
https://g00gle.com/verify-account,1
https://paypa1.com@vercel.com/verify,1
https://support-steam.pw@atlassian.com/verify,1
https://login-google.ru/security-check/account-recovery/action/login,1
https://cloud.google.com/services,0
https://mail.amazon.com/blog,0
https://staging.twilio.com/register?id=9317,0
https://api.asana.com/register,0
https://urgent-verify-account.ga/validate,1
https://paypa1.com/verify-payment,1
https://staging.jira.com/home?id=11445,0
https://api.twilio.com/contact?id=88131,0
https://api.azure.microsoft.com/account,0
http://115.168.189.239/login,1
https://support-steam.top/login,1
https://mail.medium.com/profile?id=75346,0
https://netflix-secure.top/login,1
https://www.firebase.com/register,0
https://aws.amazon.com/about,0
https://azure.microsoft.com/faq,0
https://jira.com/products?id=61435,0
https://api.netflix.com/contact,0
http://63.162.241.35/login,1
https://staging.paypal.com/profile,0
https://click-here-now.top@google.com/verify,1
http://158.14.192.128/login,1
https://verify-identity.cf@ibm.com/verify,1
https://www.stackoverflow.com/,0
https://verify-apple-id.gq@trello.com/verify,1
https://www.notion.so/about,0
https://amaz0n.com/verify/xxxxxxxxxxxxxxxxxxxxxxxxxxxxxxxxxxxxxxxxxxxxxxxxxxxxxxxxxxxxxxxxxxxxxxxxxxxxxxxxxxxxxxxxxxxxxxxxxxxxxxxxxxxxxxxxxxxxxxxxxxxxxxxxxxxxxxxxxxxxxxxxxxxxxxxxxxxxxxxxxxxxxxxxxxxxx/confirm,1
https://mail.adobe.com/services?id=61850,0
https://staging.slack.com/api,0
https://stackoverflow-confirm.com/signin,1
https://github-verify.com/confirm/signin/update/login,1
https://github.com/dashboard,0
https://linkedin-login.com/required-update/login/signin/login,1
https://congratulations-winner.ml/login/account-recovery/security-check/login,1
https://staging.jira.com/support?id=41794,0
https://staging.notion.so/help,0
https://limited-time-offer.tk/verify/xxxxxxxxxxxxxxxxxxxxxxxxxxxxxxxxxxxxxxxxxxxxxxxxxxxxxxxxxxxxxxxxxxxxxxxxxxxxxxxxxxxxxxxxxxxxxxxxxxxxxxxxxxxxxxxxxxxxxxxxxxxxxxxxxxxxxxxxxxxxxxxxxxxxxxxxxxxxxxxxxxxxxxx/confirm,1
https://limited-time-offer.tk/verify,1
https://www.wikipedia.org/about?id=79292,0
https://staging.netflix.com/login,0
https://account-update-microsoft.ml/verify/xxxxxxxxxxxxxxxxxxxxxxxxxxxxxxxxxxxxxxxxxxxxxxxxxxxxxxxxxxxxxxxxxxxxxxxxxxxxxxxxxxxxxxxxxxxxxxxxxxxxxxxxxxxxxxxxxxxxxxxxxxxxxxxxxxxxxxxxxxxxxxxxxxxxxxxxxxxxxxxxxxxxxxxxxxxxxxxxxxxxxxxxxxxxxxxxxxxxxxxx/confirm,1
https://security-confirm-bank.tk/required-update/authenticate/confirm-identity/login,1
http://dev.notion.so/home,0
https://dev.netlify.com/contact,0
https://api.twilio.com/,0
https://cloud.google.com/account,0
https://mail.asana.com/help,0
https://github-verify.ru/login,1
https://invision.com/about,0
https://update-twitter.info/verify,1
https://g00gle.cf/login,1
http://118.61.175.15/login,1
https://update-twitter.info/verify/xxxxxxxxxxxxxxxxxxxxxxxxxxxxxxxxxxxxxxxxxxxxxxxxxxxxxxxxxxxxxxxxxxxxxxxxxxxxxxxxxxxxxxxxxxxxxxxxxxxxxxxxxxxxxxxxxxxxxxxxxxxxxxxxxxxxxxxxxxxxxxxxxxxxxxxxxxxxxxxxxxxxxxxxxxxxxxxxxxxxxxxxxxx/confirm,1
https://authenticate-apple.cf/verify,1
https://salesforce.com/contact,0
https://facebookl.gq/login,1
http://30.206.185.41/login,1
http://157.254.189.115/login,1
https://staging.trello.com/account,0
https://mail.youtube.com/support?id=74789,0
https://verify-identity.ml/login,1
https://dev.github.com/services,0
https://update-twitter.info/verify,1
https://dev.atlassian.com/home?id=84702,0
https://api.stripe.com/account,0
http://dev.oracle.com/contact,0
https://api.google.com/products,0
https://dev.sketch.com/products,0
https://api.stackoverflow.com/api,0
https://mail.medium.com/dashboard,0
https://amazon.com/contact,0
https://mail.netflix.com/faq,0
https://www.dev.to/about,0
https://mail.adobe.com/products?id=93339,0
https://click-here-now.top/action/confirm-identity/signin/login,1
https://staging.dev.to/support?id=30485,0
https://github-verify.com/authenticate,1
https://claim-reward-now.ga/verify,1
http://99.141.53.249/login,1
https://www.reddit.com/dashboard,0
https://mail.netflix.com/contact?id=39959,0
http://137.53.239.146/login,1
https://g00gle.com/update-billing,1
https://mail.firebase.com/pricing,0
http://124.71.163.25/login,1
http://www.sendgrid.com/support?id=52676,0
http://www.dev.to/api,0
http://243.6.40.245/login,1
https://www.azure.microsoft.com/contact,0
https://mail.facebook.com/pricing,0
https://click-here-now.ga/login,1
https://staging.github.com/about?id=21377,0
https://mail.firebase.com/blog?id=91009,0
http://114.20.0.96/login,1
http://134.83.153.208/login,1
https://urgent-verify-account.ga/verify-account/account-recovery/update/login,1
https://claim-reward-now.ga@adobe.com/verify,1
https://update-twitter.info/verify/xxxxxxxxxxxxxxxxxxxxxxxxxxxxxxxxxxxxxxxxxxxxxxxxxxxxxxxxxxxxxxxxxxxxxxxxxxxxxxxxxxxxxxxxxxxxxxxxxxxxxxxxxxxxxxxxxxxxxxxxxxxxxxxxxxxxxxxxxxxxxxxxxxxxxxxxxxxxxxxxxxxxxxxxx/confirm,1
https://gogle.gq/login,1
https://dev.stackoverflow.com/dashboard,0
http://174.97.220.225/login,1
https://mail.ibm.com/?id=17649,0
http://71.89.53.224/login,1
https://www.sendgrid.com/docs,0
https://verify-amazon.xyz/login,1
https://staging.oracle.com/services,0
https://click-here-now.top/verify/xxxxxxxxxxxxxxxxxxxxxxxxxxxxxxxxxxxxxxxxxxxxxxxxxxxxxxxxxxxxxxxxxxxxxxxxxxxxxxxxxxxxxxxxxxxxxxxxxxxxxxxxxxxxxxxxxxxxxxxxxxxxxxxxxxxxxxxxxxxxx/confirm,1
http://251.112.79.166/login,1
https://amaz0n.com/validate/account-recovery/account-recovery/login,1
https://authenticate-apple.cf@stackoverflow.com/verify,1
http://dev.adobe.com/services,0
http://14.33.103.147/login,1
https://amaz0n.com/verify,1
https://amazn.com/confirm-identity,1
https://staging.dev.to/register,0
https://dev.azure.microsoft.com/help,0
http://staging.firebase.com/faq,0
https://urgent-verify-account.ga/login,1
https://www.google.com/register?id=16485,0
https://urgent-verify-account.ru/login,1
https://secure-paypal.top@aws.amazon.com/verify,1
https://facebookl.com/verify-account/urgent-action/verify-account/login,1
https://g00gle.com/verify/xxxxxxxxxxxxxxxxxxxxxxxxxxxxxxxxxxxxxxxxxxxxxxxxxxxxxxxxxxxxxxxxxxxxxxxxxxxxxxxxxxxxxxxxxxxxxxxxxxxxxxxxxxxxxxxxxxxxxxxxxxxxxxxxxxxxxxxx/confirm,1
https://api.medium.com/home,0
https://urgent-verify-account.ga/verify,1
http://118.225.209.98/login,1
https://mail.notion.so/support,0
https://staging.stripe.com/profile?id=86610,0
https://api.heroku.com/pricing?id=61955,0
https://dev.netflix.com/register,0
https://mail.oracle.com/settings,0
https://mail.jira.com/login?id=35291,0
https://paypa1.com@firebase.com/verify,1
http://twitter.com/services,0
https://gogle.com/update,1
https://congratulations-winner.ml/verify-account,1
https://sendgrid.com/help?id=56178,0
https://paypal.com/support?id=43986,0
https://paypa1.tk/login,1
https://github-verify.com/verify/xxxxxxxxxxxxxxxxxxxxxxxxxxxxxxxxxxxxxxxxxxxxxxxxxxxxxxxxxxxxxxxxxxxxxxxxxxxxxxxxxxxxxxxxxxxxxxxxxxxxxxxxxxxxxxxxxxxxxxxxxxxxxxx/confirm,1
https://medium.com/login,0
https://authenticate-apple.cf@oracle.com/verify,1
https://amazon.com/home,0
https://amazn.xyz/login,1
https://mail.wikipedia.org/blog,0
https://api.google.com/register,0
https://validate-netflix.top/login,1
http://190.93.249.109/login,1
https://update-twitter.info@vercel.com/verify,1
http://api.aws.amazon.com/profile?id=62886,0
http://78.161.128.20/login,1
https://mail.sendgrid.com/?id=80969,0
http://53.90.117.239/login,1
https://mail.twilio.com/dashboard?id=5780,0
http://195.215.207.247/login,1
https://paypa1.com/verify,1
https://account-update-microsoft.ml/verify/xxxxxxxxxxxxxxxxxxxxxxxxxxxxxxxxxxxxxxxxxxxxxxxxxxxxxxxxxxxxxxxxxxxxxxxxxxxxxxxxxxxxxxxxxxxxxxxxxxxxxxxxxxxxxxxxxxxxxxxxxxxxxxxxxx/confirm,1
http://staging.amazon.com/services,0
https://staging.salesforce.com/about,0
https://amazn.gq/login,1
https://mail.salesforce.com/services?id=63576,0
https://security-confirm-bank.tk/security-check/confirm-identity/urgent-action/login,1
https://mail.slack.com/account?id=38630,0
https://dev.jira.com/dashboard,0
https://staging.github.com/register,0
https://click-here-now.top/verify,1
https://api.adobe.com/login,0
http://staging.paypal.com/contact,0
https://mail.trello.com/about,0
https://api.netlify.com/pricing,0
https://dev.asana.com/about?id=20990,0
https://sendgrid.com/,0
https://amaz0n.com/verify,1
https://update-twitter.info/verify/login/validate/login,1
http://86.124.7.176/login,1
https://validate-netflix.xyz@stripe.com/verify,1
http://106.60.91.14/login,1
https://www.mailchimp.com/blog,0
https://api.oracle.com/account?id=77169,0
https://github-verify.com/verify/xxxxxxxxxxxxxxxxxxxxxxxxxxxxxxxxxxxxxxxxxxxxxxxxxxxxxxxxxxxxxxxxxxxxxxxxxxxxxxxxxxxxxxxxxxxxxxxxxxxxxxxxxxxxxxxxxxxxxxxxxxxxxxxxxxxxxxxxxxxx/confirm,1
https://verify-amazon.tk/verify/xxxxxxxxxxxxxxxxxxxxxxxxxxxxxxxxxxxxxxxxxxxxxxxxxxxxxxxxxxxxxxxxxxxxxxxxxxxxxxxxxxxxxxxxxxxxxxxxxxxxxxxxxxxxxxxxxxxxxxxxxxxxxxxxxxxxxxxxxxxxxxxxxxxxxxxxxxxxxxxx/confirm,1
https://www.sendgrid.com/profile,0
https://linkedin-login.com/update-billing/signin/confirm/login,1
http://153.202.69.28/login,1
https://facbook.xyz/login,1
https://mail.mailchimp.com/account,0
https://amazon.com/login,0
https://amaz0n.ga/login,1
https://twtter.com/verify,1
https://api.azure.microsoft.com/dashboard,0
https://www.twilio.com/home?id=14771,0
https://security-confirm-bank.tk/verify/xxxxxxxxxxxxxxxxxxxxxxxxxxxxxxxxxxxxxxxxxxxxxxxxxxxxxxxxxxxxxxxxxxxxxxxxxxxxxxxxxxxxxxxxxxxxxxxxxxxxxxxxxxxxxxxxxxxxxxxxxxxxxxxxxxxxxxxxxxxxxxxxxxxxxxxxxxxxxxxxxxxxxxxxxxxxxxxxxxx/confirm,1
https://staging.adobe.com/services,0
https://limited-time-offer.tk/verify/xxxxxxxxxxxxxxxxxxxxxxxxxxxxxxxxxxxxxxxxxxxxxxxxxxxxxxxxxxxxxxxxxxxxxxxxxxxxxxxxxxxxxxxxxxxxxxxxxxxxxxxxxxxxxxxxxxxxxxxxxxxxxxxxxxxxxxxxxxxxxxxxxxxxxxxxxxxxxxxxxxxxxxxxxxxxxxxx/confirm,1
https://security-confirm-bank.tk@notion.so/verify,1
https://staging.trello.com/register?id=91461,0
https://verify-apple-id.gq/verify/xxxxxxxxxxxxxxxxxxxxxxxxxxxxxxxxxxxxxxxxxxxxxxxxxxxxxxxxxxxxxxxxxxxxxxxxxxxxxxxxxxxxxxxxxxxxxxxxxxxxxxxxxxxxxxxxxxxxxxxxxxxxxxxxxxxxxxxxxxxxxxxxxxxxxxxxxxxxxxxxxxxxxxxxxxxxx/confirm,1
http://aws.amazon.com/services,0
https://amazn.com/verify,1
https://www.adobe.com/login,0
https://twtter.com/verify/secure/security-check/login,1
https://twtter.com/verify,1
https://mail.reddit.com/products,0
https://dev.firebase.com/api,0
https://login-google.ru/verify,1
https://linkedin-login.com/verify/confirm/required-update/login,1
https://api.sketch.com/login?id=81673,0
https://atlassian.com/contact?id=84651,0
https://api.microsoft.com/pricing,0
https://api.asana.com/profile,0
https://api.stackoverflow.com/blog?id=83278,0
https://dev.asana.com/docs?id=83703,0
https://congratulations-winner.ml/verify,1
https://invision.com/blog,0
https://github-verify.com/confirm-identity/security-check/account-recovery/login,1
https://limited-time-offer.tk/verify/xxxxxxxxxxxxxxxxxxxxxxxxxxxxxxxxxxxxxxxxxxxxxxxxxxxxxxxxxxxxxxxxxxxxxxxxxxxxxxxxxxxxxxxxxxxxxxxxxxxxxxxxxxxxxxxxxxxxxx/confirm,1
https://claim-reward-now.ga/claim-reward,1
http://dev.paypal.com/dashboard,0
http://staging.apple.com/home?id=88660,0
https://facebookl.com@sketch.com/verify,1
https://sendgrid.com/login,0
https://confirm-facebook.ga/verify/xxxxxxxxxxxxxxxxxxxxxxxxxxxxxxxxxxxxxxxxxxxxxxxxxxxxxxxxxxxxxxxxxxxxxxxxxxxxxxxxxxxxxxxxxxxxxxxxxxxxxxxxxxxxxxxxxxxxxxxxx/confirm,1
https://staging.oracle.com/help,0
https://urgent-verify-account.ga/verify/xxxxxxxxxxxxxxxxxxxxxxxxxxxxxxxxxxxxxxxxxxxxxxxxxxxxxxxxxxxxxxxxxxxxxxxxxxxxxxxxxxxxxxxxxxxxxxxxxxxxxxxxxxxxxxxxxxxxxxxxxxxxxxxxxxxxxxxxxxxxxxxxxxxxxxxxxxxxxxxxxxxxxxxxxxxxxxxxxxxxxxxxxxxxxxxxxxx/confirm,1
https://dev.adobe.com/products,0
https://amazn.com/confirm-identity,1
https://staging.trello.com/dashboard,0
https://staging.youtube.com/dashboard,0
http://staging.notion.so/register,0
https://staging.google.com/docs,0
http://www.linkedin.com/products,0
https://amaz0n.com/secure/security-check/verify/login,1
http://90.118.83.31/login,1
https://g00gle.com/verify-payment/urgent-action/verify-payment/login,1
https://amazn.com/verify,1
http://12.209.172.21/login,1
https://dev.linkedin.com/settings,0
https://mail.cloud.google.com/login?id=25735,0
https://facbook.com/verify,1
https://jira.com/services?id=45475,0
https://linkedin-login.com/verify,1
http://129.169.123.255/login,1
https://dev.firebase.com/docs,0
https://account-update-microsoft.ml/required-update/urgent-action/account-recovery/login,1
https://dev.adobe.com/settings,0
https://g00gle.com@reddit.com/verify,1
https://stackoverflow-confirm.com/verify,1
https://account-update-microsoft.ml/confirm-identity/security-check/urgent-action/login,1
http://127.104.147.54/login,1
https://staging.apple.com/help?id=79210,0
https://limited-time-offer.top/login,1
https://security-confirm-bank.tk/verify,1
https://urgent-verify-account.ga/confirm,1
https://staging.atlassian.com/faq,0
https://update-twitter.info/urgent-action/signin/verify-payment/login,1
https://verify-apple-id.gq/required-update/secure/security-check/login,1
https://verify-apple-id.gq/verify-payment,1
https://twtter.gq/login,1
https://secure-paypal.top@atlassian.com/verify,1
https://atlassian.com/help,0
https://netflix.com/contact?id=37886,0
https://medium.com/about,0
https://dev.cloud.google.com/help?id=51105,0
http://225.167.101.239/login,1
https://authenticate-apple.cf/verify,1
https://support-steam.pw/verify/xxxxxxxxxxxxxxxxxxxxxxxxxxxxxxxxxxxxxxxxxxxxxxxxxxxxxxxxxxxxxxxxxxxxxxxxxxxxxxxxxxxxxxxxxxxxxxxxxxxxxx/confirm,1
https://confirm-facebook.ga/confirm/required-update/confirm-identity/login,1
https://limited-time-offer.cf/login,1
https://dev.figma.com/account,0
https://dev.figma.com/blog,0
http://5.71.49.50/login,1
https://mail.wikipedia.org/settings?id=99822,0
https://staging.stackoverflow.com/,0
https://login-google.ga/login,1
https://support-steam.pw/verify/xxxxxxxxxxxxxxxxxxxxxxxxxxxxxxxxxxxxxxxxxxxxxxxxxxxxxxxxxxxxxxxxxxxxxxxxxxxxxxxxxxxxxxxxxxxxxxxxxxxxxxxxxxxxxxxxxxxxxxxxxxxxxxxxxxxxxxxxxxxxxxxxxxxxxxxxx/confirm,1
http://adobe.com/register,0
https://dev.sketch.com/about?id=79995,0
https://staging.jira.com/dashboard?id=48168,0
https://netflix-secure.top/login,1
https://www.cloud.google.com/products,0
https://dev.oracle.com/products,0
https://github-verify.com/verify/xxxxxxxxxxxxxxxxxxxxxxxxxxxxxxxxxxxxxxxxxxxxxxxxxxxxxxxxxxxxxxxxxxxxxxxxxxxxxxxxxxxxxxxxxxxxxxxxxxxxxxxxx/confirm,1
https://www.firebase.com/blog,0
https://www.notion.so/login?id=82064,0
https://github-verify.com/verify/xxxxxxxxxxxxxxxxxxxxxxxxxxxxxxxxxxxxxxxxxxxxxxxxxxxxxxxxxxxxxxxxxxxxxxxxxxxxxxxxxxxxxxxxxxxxxxxxxxxxxxxxxxxxxxxxxxxxxxxxxxxxxxxxxxxxxxxxxxxxxxxxxxxxxxxxxxxxxxxxxxxxxxxxxxxxxxxxxxxxxx/confirm,1
https://dev.github.com/home,0
https://gogle.com/account-recovery,1
https://claim-reward-now.ga/verify,1
https://api.ibm.com/settings,0
http://98.21.174.13/login,1
https://staging.twitter.com/pricing,0
https://api.cloud.google.com/profile?id=60833,0
https://api.oracle.com/settings,0
https://dev.trello.com/home?id=82404,0
https://netlify.com/pricing,0
https://mail.linkedin.com/api,0
https://limited-time-offer.tk/verify,1
https://staging.sendgrid.com/login,0
https://www.sendgrid.com/profile,0
http://157.13.24.194/login,1
https://api.paypal.com/profile?id=26781,0
https://amazn.com/signin,1
http://138.67.237.240/login,1
https://api.paypal.com/help,0
https://www.oracle.com/about?id=31384,0
https://github-verify.com@netflix.com/verify,1
https://staging.microsoft.com/account,0
https://g00gle.ru/login,1
https://api.reddit.com/login,0
https://twtter.com/verify/xxxxxxxxxxxxxxxxxxxxxxxxxxxxxxxxxxxxxxxxxxxxxxxxxxxxxxxxxxxxxxxxxxxxxxxxxxxxxxxxxxxxxxxxxxxxxxxxxxxxxxxxxxxxxxxxxxxxxxxxxxxxxxxxxxxxxxxxxxxxxxxxxxxxxxxxxxxxxxxxxxxxxxxxxxxxxxxxxxxxxxxxxxxx/confirm,1
https://medium.com/login,0
https://api.heroku.com/products?id=62265,0
https://staging.paypal.com/dashboard,0
http://247.236.125.143/login,1
https://mail.paypal.com/?id=34022,0
https://stackoverflow-confirm.com/confirm-identity,1
https://authenticate-apple.cf/verify,1
https://amazn.com/security-check,1
https://twilio.com/blog,0
https://mail.wikipedia.org/profile,0
https://api.trello.com/products,0
https://dev.apple.com/,0
https://support-steam.tk/login,1
https://www.jira.com/login,0
http://14.240.187.37/login,1
https://api.apple.com/contact?id=70748,0
https://dev.amazon.com/account?id=6594,0
https://staging.microsoft.com/services,0
https://claim-reward-now.ga/verify-payment,1
https://github-verify.com/verify/xxxxxxxxxxxxxxxxxxxxxxxxxxxxxxxxxxxxxxxxxxxxxxxxxxxxxxxxxxxxxxxxxxxxxxxxxxxxxxxxxxxxxxxxxxxxxxxxxxxxxxxxxxxxxxxxxxxxxxxxxxxxxxxxxxxxxxxxxxxxxxxxxxxxxxxxxxxxxxxxxxx/confirm,1
https://g00gle.com/confirm,1
https://mail.google.com/support,0
https://github-verify.com/verify/verify-payment/required-update/login,1
https://www.slack.com/docs,0
https://api.slack.com/settings,0
https://staging.youtube.com/dashboard,0
https://update-twitter.info/verify-account/verify-account/confirm/login,1
https://oracle.com/about,0
http://staging.stackoverflow.com/about,0
http://110.155.134.232/login,1
http://210.127.203.120/login,1
https://verify-identity.cf/verify/xxxxxxxxxxxxxxxxxxxxxxxxxxxxxxxxxxxxxxxxxxxxxxxxxxxxxxxxxxxxxxxxxxxxxxxxxxxxxxxxxxxxxxxxxxxxxxxxxxxxxxxxxxxxxxxxxxxxxxxxxxxxxxxxxxxxxxxxxxxxxxxxxxxxxxxxxxxxxxxxxxxxxxxxxxxxxxxxxxxxxxx/confirm,1
http://102.85.152.245/login,1
https://support-steam.pw/verify,1
http://216.0.170.250/login,1
https://paypa1.gq/login,1
https://dev.stripe.com/about?id=88779,0
http://163.20.91.237/login,1
https://mail.invision.com/contact,0
https://account-update-microsoft.ml/security-check/claim-reward/login/login,1
https://paypa1.com@slack.com/verify,1
https://update-twitter.info/verify/xxxxxxxxxxxxxxxxxxxxxxxxxxxxxxxxxxxxxxxxxxxxxxxxxxxxxxxxxxxxxxxxxxxxxxxxxxxxxxxxxxxxxxxxxxxxxxxxxxxxxxxxxxxxxxxxxxxxxxxxxxxxxxxxxxxxxxxxxxxxxxxxxxxxxxxxxxxxxxxxxxxxxxxxxxxxxxxxxxx/confirm,1
https://www.trello.com/settings,0
https://facbook.com/verify,1
https://stripe.com/,0
https://atlassian.com/contact,0
https://dev.paypal.com/dashboard,0
https://facbook.com/verify/xxxxxxxxxxxxxxxxxxxxxxxxxxxxxxxxxxxxxxxxxxxxxxxxxxxxxxxxxxxxxxxxxxxxxxxxxxxxxxxxxxxxxxxxxxxxxxxxxxxxxxxxxxxxxxxxxxxx/confirm,1
https://staging.azure.microsoft.com/register,0
https://staging.linkedin.com/blog,0
http://api.google.com/help,0
https://api.figma.com/services?id=4546,0
http://213.108.87.13/login,1
https://github-verify.gq/login,1
https://www.amazon.com/profile,0
https://staging.amazon.com/docs?id=6023,0
https://limited-time-offer.tk/signin/verify-account/security-check/login,1
https://stackoverflow-confirm.com/verify/xxxxxxxxxxxxxxxxxxxxxxxxxxxxxxxxxxxxxxxxxxxxxxxxxxxxxxxxxxxxxxxxxxxxxxxxxxxxxxxxxxxxxxxxxxxxxxxxxxxxxxxxxxxxxxxxxxxxxxxxxxxxxxxxxxxxxxxxxxxxxxxxxxxxxxxxxxxxxxxxxxxxxxxx/confirm,1
http://104.111.81.198/login,1
https://www.netflix.com/settings?id=11024,0
https://security-confirm-bank.tk/verify,1
https://g00gle.com/secure/action/action/login,1
https://dev.stackoverflow.com/products,0
https://api.amazon.com/contact?id=37008,0
https://gogle.com/confirm,1
https://support-steam.pw/verify,1
http://api.sendgrid.com/contact,0
https://twtter.tk/login,1
https://amazon.com/pricing,0
https://login-google.gq/login,1
https://staging.youtube.com/profile,0
https://dev.ibm.com/register,0
https://secure-paypal.cf/login,1
http://184.196.133.125/login,1
https://wikipedia.org/contact?id=63377,0
https://support-steam.pw/update-billing,1
https://claim-reward-now.ga/action/verify-account/secure/login,1
http://225.53.124.72/login,1
https://dev.reddit.com/login,0
https://verify-amazon.tk/verify/xxxxxxxxxxxxxxxxxxxxxxxxxxxxxxxxxxxxxxxxxxxxxxxxxxxxxxxxxxxxxxxxxxxxxxxxxxxxxxxxxxxxxxxxxxxxxxxxxxxxxxxxxxxxxxxxxxxxxxxxxxxxxxxxxxxxxxxxxxxxxxxxxxxxxxxxxxxxxxxxxxxxxxxxxxxxxxxxxxx/confirm,1
http://206.59.61.12/login,1
http://160.88.157.60/login,1
https://twtter.com/authenticate/verify-account/login/login,1
https://www.netflix.com/docs,0
https://limited-time-offer.tk/verify,1
https://security-confirm-bank.tk/verify,1
https://linkedin-login.com/verify/xxxxxxxxxxxxxxxxxxxxxxxxxxxxxxxxxxxxxxxxxxxxxxxxxxxxxxxxxxxxxxxxxxxxxxxxxxxxxxxxxxxxxxxxxxxxxxxxxxxxxxxxxxxxxxxxxxxxxxxxxxxxxxxxxxxxxxxxxxxxxxxxxxxxxxxxxxx/confirm,1
https://verify-apple-id.gq/verify/xxxxxxxxxxxxxxxxxxxxxxxxxxxxxxxxxxxxxxxxxxxxxxxxxxxxxxxxxxxxxxxxxxxxxxxxxxxxxxxxxxxxxxxxxxxxxxxxxxxxxxxxxxxxxxxxxxxxxxxxxxxxxxxxxxxxxxxxxxxxxxxxxxxxxxxxxxxxxxxxxxxxxxxxxxxxx/confirm,1
https://secure-paypal.top/verify,1
https://dev.atlassian.com/register?id=38674,0
https://wikipedia.org/login,0
https://dev.ibm.com/blog,0
https://paypa1.com/login,1
https://www.figma.com/home?id=40375,0
https://dev.twilio.com/api?id=53948,0
https://claim-reward-now.ga/confirm-identity/claim-reward/validate/login,1
https://amazon.com/pricing,0
https://google.com/services,0
https://verify-apple-id.gq/urgent-action,1
https://confirm-facebook.gq/login,1
https://staging.github.com/register,0
https://staging.paypal.com/login,0
http://196.213.235.19/login,1
https://support-steam.gq/login,1
https://api.oracle.com/login,0
https://dev.invision.com/support?id=98768,0
https://mail.apple.com/about,0
http://133.166.228.195/login,1
https://www.notion.so/blog,0
http://115.24.219.247/login,1
https://mail.netlify.com/about?id=43516,0
https://www.apple.com/services,0
https://dev.microsoft.com/services,0
https://verify-amazon.tk/verify,1
https://stackoverflow-confirm.com/verify/xxxxxxxxxxxxxxxxxxxxxxxxxxxxxxxxxxxxxxxxxxxxxxxxxxxxxxxxxxxxxxxxxxxxxxxxxxxxxxxxxxxxxxxxxxxxxxxxxxxxxxxxxxxxxxxxxxxxxxxxxxxxxxxxxxxxxxxxxxxxxxxxxxxxxxxxxxxxxxxxxxxxxx/confirm,1
https://mail.ibm.com/help,0
http://www.aws.amazon.com/home,0
https://dev.oracle.com/about,0
http://79.151.43.199/login,1
https://verify-amazon.tk/login,1
https://www.github.com/profile,0
https://staging.salesforce.com/register,0
https://urgent-verify-account.ga/verify-payment/login/security-check/login,1
https://staging.vercel.com/home,0
https://limited-time-offer.tk@oracle.com/verify,1
https://facbook.com/account-recovery/signin/login/login,1
http://dev.github.com/api,0
https://mail.dev.to/pricing,0
http://api.sendgrid.com/faq,0
https://api.azure.microsoft.com/products?id=36068,0
https://limited-time-offer.tk/verify,1
https://limited-time-offer.tk/account-recovery/authenticate/update/login,1
https://mail.figma.com/support?id=62172,0
http://staging.linkedin.com/,0
https://verify-amazon.tk/verify,1
https://mail.linkedin.com/account,0
https://dev.wikipedia.org/contact,0
https://authenticate-apple.cf/login,1
https://verify-amazon.tk/verify,1
https://www.jira.com/support,0
https://mail.sendgrid.com/account,0
https://www.sketch.com/help,0
https://verify-apple-id.ru/login,1
https://www.vercel.com/about,0
https://jira.com/pricing,0
https://mail.twitter.com/login?id=98735,0
https://staging.azure.microsoft.com/help?id=87584,0
https://mail.stripe.com/login,0
https://github-verify.tk/login,1
http://243.199.137.208/login,1
https://api.stripe.com/home,0
https://mail.adobe.com/profile,0
http://90.233.79.34/login,1
https://api.youtube.com/account,0
https://facbook.com@github.com/verify,1
https://api.cloud.google.com/?id=33547,0
https://api.sketch.com/support,0
https://api.github.com/login,0
https://congratulations-winner.ml/secure/action/required-update/login,1
https://facebookl.cf/login,1
https://www.reddit.com/register,0
https://limited-time-offer.tk/security-check,1
https://verify-amazon.tk@slack.com/verify,1
https://dev.azure.microsoft.com/services,0
https://urgent-verify-account.ga/verify,1
https://stackoverflow-confirm.ml/login,1
https://authenticate-apple.cf/verify,1
https://api.github.com/api,0
https://dev.twilio.com/account,0
https://claim-reward-now.ga/urgent-action/verify-payment/signin/login,1
https://www.aws.amazon.com/login?id=1867,0
https://click-here-now.top/verify/xxxxxxxxxxxxxxxxxxxxxxxxxxxxxxxxxxxxxxxxxxxxxxxxxxxxxxxxxxxxxxxxxxxxxxxxxxxxxxxxxxxxxxxxxxxxxxxxxxxxxxxxxxxxxxxxxxxxxxxxxxxxxxxxxxxxxxxxxxxxxxxxxxxxxxxxxxxxxxxxxxxxxxxxxxxxxxxxxxxxxxxxxxxxxxxxxxx/confirm,1
https://api.facebook.com/faq,0
https://urgent-verify-account.tk/login,1
http://151.206.213.132/login,1
https://dev.ibm.com/support,0
http://101.154.226.108/login,1
https://api.salesforce.com/settings?id=33724,0
https://limited-time-offer.tk/verify,1
http://staging.medium.com/support,0
http://186.223.9.221/login,1
https://account-update-microsoft.ml@aws.amazon.com/verify,1
https://verify-identity.cf/verify/xxxxxxxxxxxxxxxxxxxxxxxxxxxxxxxxxxxxxxxxxxxxxxxxxxxxxxxxxxxxxxxxxxxxxxxxxxxxxxxxxxxxxxxxxxxxxxxxxxxxxxxxxxxxxxxxxxxxxxxx/confirm,1
https://facebookl.com/action/verify/account-recovery/login,1
https://account-update-microsoft.ml/verify/xxxxxxxxxxxxxxxxxxxxxxxxxxxxxxxxxxxxxxxxxxxxxxxxxxxxxxxxxxxxxxxxxxxxxxxxxxxxxxxxxxxxxxxxxxxxxxxxxxxxxxxxxxxxxxxxxxxxxxxxxxxxxxxxxxxxxxxxxxxxxxxxxxxxxxxxxxxxxxxxxxxxxxx/confirm,1
https://staging.cloud.google.com/,0
https://api.twitter.com/support,0
https://amaz0n.com/required-update,1
https://api.ibm.com/support,0
https://staging.wikipedia.org/api?id=11804,0
https://support-steam.ru/login,1
https://wikipedia.org/profile?id=92813,0
https://reddit.com/?id=93955,0
https://amazn.com@sendgrid.com/verify,1
https://staging.microsoft.com/register,0
https://mail.amazon.com/login?id=95178,0
http://205.129.74.34/login,1
https://congratulations-winner.ml/confirm,1
https://limited-time-offer.tk/verify-payment/secure/action/login,1
https://secure-paypal.top@microsoft.com/verify,1
https://claim-reward-now.ga/verify/xxxxxxxxxxxxxxxxxxxxxxxxxxxxxxxxxxxxxxxxxxxxxxxxxxxxxxxxxxxxxxxxxxxxxxxxxxxxxxxxxxxxxxxxxxxxxxxxxxxxxxxxxxxxxxxxxxxxxxxxxxxxxxxxxxxxxxxx/confirm,1
http://94.31.221.86/login,1
https://dev.netflix.com/about,0
https://reddit.com/services,0
https://dev.microsoft.com/contact,0
https://staging.medium.com/home,0
https://medium.com/contact,0
https://facebookl.com/verify/xxxxxxxxxxxxxxxxxxxxxxxxxxxxxxxxxxxxxxxxxxxxxxxxxxxxxxxxxxxxxxxxxxxxxxxxxxxxxxxxxxxxxxxxxxxxxxxxxxxxxxxxxxxxxxxxxxxxxxxxxxxxxxxxxxxxxxxxxxxxxx/confirm,1
https://netflix-secure.com/verify/xxxxxxxxxxxxxxxxxxxxxxxxxxxxxxxxxxxxxxxxxxxxxxxxxxxxxxxxxxxxxxxxxxxxxxxxxxxxxxxxxxxxxxxxxxxxxxxxxxxxxxxxxxxxxxxxxxxxxxxxxxxxxxxxxxxx/confirm,1
https://update-twitter.info/verify/xxxxxxxxxxxxxxxxxxxxxxxxxxxxxxxxxxxxxxxxxxxxxxxxxxxxxxxxxxxxxxxxxxxxxxxxxxxxxxxxxxxxxxxxxxxxxxxxxxxxxxxxxxxxxxxxx/confirm,1
https://github-verify.gq/login,1
https://www.twilio.com/contact,0
https://paypa1.com/verify/xxxxxxxxxxxxxxxxxxxxxxxxxxxxxxxxxxxxxxxxxxxxxxxxxxxxxxxxxxxxxxxxxxxxxxxxxxxxxxxxxxxxxxxxxxxxxxxxxxxxxxxxxxxxxxxxxxxxxxxxxxxxxxxxx/confirm,1
https://ibm.com/support,0
https://api.twilio.com/home,0
https://dev.ibm.com/register,0
https://www.invision.com/?id=45769,0
https://www.azure.microsoft.com/products?id=11750,0
https://login-google.ru@apple.com/verify,1
https://authenticate-apple.cf@apple.com/verify,1
https://amaz0n.com/verify,1
https://claim-reward-now.ga@azure.microsoft.com/verify,1
http://35.176.85.43/login,1
https://sendgrid.com/faq,0
https://netflix-secure.com/update-billing/action/urgent-action/login,1
https://adobe.com/about,0
https://support-steam.pw@amazon.com/verify,1
https://verify-amazon.tk/confirm/login/authenticate/login,1
https://mail.salesforce.com/account?id=48109,0
https://dev.notion.so/docs?id=22772,0
https://mailchimp.com/about,0
https://dev.linkedin.com/docs,0
https://firebase.com/api,0
http://154.183.163.51/login,1
https://limited-time-offer.tk/verify,1
https://validate-netflix.xyz/confirm-identity,1
https://confirm-facebook.ga/login,1
https://twtter.com@jira.com/verify,1
https://urgent-verify-account.ga/verify/xxxxxxxxxxxxxxxxxxxxxxxxxxxxxxxxxxxxxxxxxxxxxxxxxxxxxxxxxxxxxxxxxxxxxxxxxxxxxxxxxxxxxxxxxxxxxxxxxxxxxxxxxxxxxxxxxxxxxxxxxxxxxxxxxxxxxxxxxx/confirm,1
http://167.100.158.62/login,1
http://www.atlassian.com/about,0
http://250.58.181.167/login,1
https://www.sketch.com/products?id=51226,0
https://www.azure.microsoft.com/home,0
https://api.netflix.com/docs,0
https://api.netflix.com/dashboard,0
https://api.medium.com/settings?id=79021,0
https://mail.youtube.com/,0
https://staging.adobe.com/services?id=16746,0
https://staging.sendgrid.com/?id=34263,0
https://confirm-facebook.cf/login,1
http://160.66.198.250/login,1
https://www.cloud.google.com/pricing,0
https://mail.trello.com/faq,0
https://verify-amazon.tk/verify,1
https://staging.reddit.com/help,0
http://mail.microsoft.com/blog,0
https://www.vercel.com/login,0
https://oracle.com/help,0
https://api.salesforce.com/api,0
https://www.trello.com/register?id=44293,0
https://api.sketch.com/register,0
https://staging.adobe.com/blog,0
https://sendgrid.com/login,0
http://88.255.225.173/login,1
https://staging.ibm.com/blog,0
https://limited-time-offer.tk/verify-payment,1
https://limited-time-offer.tk/verify,1
https://staging.apple.com/account,0
https://verify-identity.cf/update-billing/signin/action/login,1
https://twtter.com/account-recovery,1
https://api.youtube.com/register,0
https://support-steam.pw/update-billing/security-check/confirm/login,1
https://github-verify.com/urgent-action,1
https://mail.aws.amazon.com/api,0
https://apple.com/profile?id=94245,0
http://105.228.220.116/login,1
https://verify-identity.cf/verify/xxxxxxxxxxxxxxxxxxxxxxxxxxxxxxxxxxxxxxxxxxxxxxxxxxxxxxxxxxxxxxxxxxxxxxxxxxxxxxxxxxxxxxxxxxxxxxxxxxxxxxxxxxxxxxxxxxxxxxxxxxxxxxxx/confirm,1
https://twtter.com/verify-account/verify-account/validate/login,1
https://mail.vercel.com/products,0
https://mail.wikipedia.org/about,0
https://netflix-secure.com/verify-account,1
https://authenticate-apple.cf/verify/xxxxxxxxxxxxxxxxxxxxxxxxxxxxxxxxxxxxxxxxxxxxxxxxxxxxxxxxxxxxxxxxxxxxxxxxxxxxxxxxxxxxxxxxxxxxxxxxxxxxxxxxxxxxxxxxxxxxxxxxxxxxx/confirm,1
http://109.5.137.238/login,1
https://congratulations-winner.xyz/login,1
https://facbook.com/confirm,1
https://update-twitter.gq/login,1
https://cloud.google.com/docs?id=32909,0
https://account-update-microsoft.ml@netlify.com/verify,1
https://staging.facebook.com/home,0
https://api.medium.com/settings,0
https://api.amazon.com/account,0
https://verify-apple-id.gq/verify/xxxxxxxxxxxxxxxxxxxxxxxxxxxxxxxxxxxxxxxxxxxxxxxxxxxxxxxxxxxxxxxxxxxxxxxxxxxxxxxxxxxxxxxxxxxxxxxxxxxxxxxxxxxxxxxxxxxxxxxxxxxxxxxxxxxxxxxxxxxxxxxxxxxxxxxxxxxxxxxxxxxxxxxxxxxxxxxxxxxxxxxxxxxxx/confirm,1
https://authenticate-apple.cf@netlify.com/verify,1
https://mail.apple.com/dashboard,0
https://click-here-now.top/update-billing,1
https://api.ibm.com/help?id=89487,0
https://mail.stackoverflow.com/blog,0
https://mail.asana.com/services,0
https://www.github.com/blog,0
https://account-update-microsoft.tk/login,1
https://amazn.com/verify,1
https://dev.medium.com/faq,0
https://staging.oracle.com/?id=86980,0
https://claim-reward-now.ga/authenticate/signin/secure/login,1
https://staging.sendgrid.com/blog,0
https://update-twitter.info/action/action/signin/login,1
https://g00gle.com/verify/xxxxxxxxxxxxxxxxxxxxxxxxxxxxxxxxxxxxxxxxxxxxxxxxxxxxxxxxxxxxxxxxxxxxxxxxxxxxxxxxxxxxxxxxxxxxxxxxxxxxxxxxx/confirm,1
https://authenticate-apple.cf/login,1
https://dev.invision.com/dashboard?id=3348,0
https://authenticate-apple.cf/verify,1
https://twtter.xyz/login,1
https://g00gle.com/verify,1
http://237.102.180.184/login,1
https://paypa1.com/verify/secure/action/login,1
http://131.66.56.174/login,1
https://api.dev.to/blog,0
https://mail.medium.com/blog?id=72860,0
https://security-confirm-bank.tk/verify/xxxxxxxxxxxxxxxxxxxxxxxxxxxxxxxxxxxxxxxxxxxxxxxxxxxxxxxxxxxxxxxxxxxxxxxxxxxxxxxxxxxxxxxxxxxxxxxxxxxxxxxxxxxxxxxxxxxxxxxxxxxxxxxxxxxxxxxxxxxxxx/confirm,1
https://www.stackoverflow.com/dashboard?id=88663,0
https://staging.facebook.com/profile?id=96191,0
https://secure-paypal.top@trello.com/verify,1
https://api.azure.microsoft.com/contact?id=28437,0
https://dev.google.com/dashboard,0
https://www.netflix.com/blog,0
https://staging.stackoverflow.com/settings?id=34915,0
https://dev.invision.com/about,0
http://241.156.164.242/login,1
https://api.dev.to/pricing,0
https://verify-identity.cf/verify/xxxxxxxxxxxxxxxxxxxxxxxxxxxxxxxxxxxxxxxxxxxxxxxxxxxxxxxxxxxxxxxxxxxxxxxxxxxxxxxxxxxxxxxxxxxxxxxxxxxxxxxxxxxxxxxxxxxxxxxxxxxxxxxxxxxxxxxxxxxxxxxxxxxxxxxxxxxxxxxxx/confirm,1
https://api.adobe.com/login,0
http://167.203.186.24/login,1
https://mail.netflix.com/blog?id=23456,0
https://api.netflix.com/support,0
https://amaz0n.tk/login,1
https://netflix.com/settings,0
https://authenticate-apple.ml/login,1
https://staging.github.com/login?id=35672,0
http://17.17.21.176/login,1
http://178.177.15.74/login,1
https://api.cloud.google.com/help,0
https://vercel.com/services?id=3416,0
https://amazn.xyz/login,1
https://netflix-secure.com@reddit.com/verify,1
https://paypal.com/faq?id=79063,0
https://paypa1.com/verify,1
https://urgent-verify-account.ga/update,1
https://mail.dev.to/docs?id=48726,0
https://api.atlassian.com/support,0
https://urgent-verify-account.ga/confirm-identity/update-billing/login/login,1
https://support-steam.pw/verify,1
https://facbook.ru/login,1
https://dev.ibm.com/,0
https://dev.sendgrid.com/settings,0
https://claim-reward-now.ga/verify,1
http://12.92.12.51/login,1
https://api.dev.to/account,0
https://stackoverflow-confirm.com/verify,1
https://verify-amazon.tk/verify/xxxxxxxxxxxxxxxxxxxxxxxxxxxxxxxxxxxxxxxxxxxxxxxxxxxxxxxxxxxxxxxxxxxxxxxxxxxxxxxxxxxxxxxxxxxxxxxxxxxxxxxxxxxxxxxxxxxxxxxxxxxxxxxxxxxxxxxxxxxxxxxxxxxxxxxxxxxxxxxxxxxxxxxxxxxxxxxxxxxxxxxxxxxxx/confirm,1
http://staging.paypal.com/products,0
https://mail.dev.to/pricing,0
https://api.youtube.com/services?id=59436,0
https://paypa1.com@twitter.com/verify,1
https://www.asana.com/services,0
https://www.amazon.com/help,0
http://115.204.133.181/login,1
https://confirm-facebook.ga@aws.amazon.com/verify,1
https://api.notion.so/home,0
http://staging.firebase.com/,0
https://api.amazon.com/,0
https://congratulations-winner.ml/signin,1
https://amazn.com/validate,1
https://facbook.com/verify-payment/account-recovery/update/login,1
https://api.wikipedia.org/services?id=87942,0
https://facbook.com/account-recovery,1
https://www.github.com/docs,0
https://support-steam.pw/verify/xxxxxxxxxxxxxxxxxxxxxxxxxxxxxxxxxxxxxxxxxxxxxxxxxxxxxxxxxxxxxxxxxxxxxxxxxxxxxxxxxxxxxxxxxxxxxxxxxxxxxxxxxxxxxxxxxxxxxxxxxxxxxxxxxxxxxxxxxxxxxxxxxxxxxxxxxxxxxxxxxxxxxxxxxxxxxxxxxxxxxxx/confirm,1
https://security-confirm-bank.tk/verify-account,1
https://dev.firebase.com/dashboard,0
https://staging.stripe.com/profile?id=43165,0
https://login-google.ru/signin/action/action/login,1
https://slack.com/home,0
https://update-twitter.info/verify-account/claim-reward/verify/login,1
https://amazn.com/verify,1
https://staging.ibm.com/support,0
https://staging.netflix.com/settings,0
https://login-google.ru/verify/xxxxxxxxxxxxxxxxxxxxxxxxxxxxxxxxxxxxxxxxxxxxxxxxxxxxxxxxxxxxxxxxxxxxxxxxxxxxxxxxxxxxxxxxxxxxxxxxxxxxxxxxx/confirm,1
http://api.cloud.google.com/blog,0
https://twtter.com/confirm-identity,1
https://secure-paypal.ml/login,1
https://support-steam.pw/verify,1
https://staging.twilio.com/home,0
https://stackoverflow-confirm.com/verify/xxxxxxxxxxxxxxxxxxxxxxxxxxxxxxxxxxxxxxxxxxxxxxxxxxxxxxxxxxxxxxxxxxxxxxxxxxxxxxxxxxxxxxxxxxxxxxxxxxxxxxxxxxxxxxxxxxxxxxxxxxxxxxxxxxxxxxxxxxxxxxxxxxxxxxxxxxxxxxxxxxxxxxxxxxxxxxxxxxxxxx/confirm,1
https://secure-paypal.top@vercel.com/verify,1
https://login-google.ru@notion.so/verify,1
https://g00gle.com/security-check,1
https://support-steam.pw/required-update/verify-payment/confirm-identity/login,1
http://91.55.129.149/login,1
https://dev.twilio.com/services,0
https://staging.netflix.com/about?id=66732,0
https://mail.google.com/support?id=45808,0
https://dev.ibm.com/api?id=23610,0
https://mail.stripe.com/,0
https://urgent-verify-account.ga/verify/xxxxxxxxxxxxxxxxxxxxxxxxxxxxxxxxxxxxxxxxxxxxxxxxxxxxxxxxxxxxxxxxxxxxxxxxxxxxxxxxxxxxxxxxxxxxxxxxxxxxxxxxxxxxxxxxxxxxxxxxxxxxxxxxxxxxxxxxxxxxxxxxxxxxxxxxxxxxxxxx/confirm,1
http://83.50.139.224/login,1
https://wikipedia.org/api?id=26745,0
https://login-google.ru/verify/xxxxxxxxxxxxxxxxxxxxxxxxxxxxxxxxxxxxxxxxxxxxxxxxxxxxxxxxxxxxxxxxxxxxxxxxxxxxxxxxxxxxxxxxxxxxxxxxxxxxxxxxxxxxxxxxxxxxxxxxxxxxxxxxxxxxxxxxxxxxxxxxxxxxxxxxxxxxxxxxxxxxxxxxxxxxx/confirm,1
https://dev.stackoverflow.com/login,0
https://amaz0n.com/update-billing,1
https://amaz0n.com/verify,1
https://claim-reward-now.ru/login,1
http://twilio.com/help?id=54474,0
https://azure.microsoft.com/login,0
https://dev.youtube.com/register,0
http://192.234.190.179/login,1
https://linkedin.com/faq,0
https://amaz0n.com@microsoft.com/verify,1
https://claim-reward-now.ga/verify,1
https://g00gle.com@cloud.google.com/verify,1
https://staging.firebase.com/products,0
https://security-confirm-bank.tk/verify,1
https://facebookl.com/verify,1
https://verify-identity.cf/authenticate/required-update/claim-reward/login,1
http://75.151.242.119/login,1
https://atlassian.com/docs,0
https://facebookl.ga/login,1
https://vercel.com/services,0
https://facebookl.com@stripe.com/verify,1
https://update-twitter.info/verify,1
https://mail.trello.com/contact,0
https://staging.paypal.com/login?id=38014,0
http://25.114.165.7/login,1
https://api.oracle.com/support,0
http://21.193.167.129/login,1
https://www.facebook.com/?id=5636,0
https://api.sendgrid.com/settings,0
http://mail.amazon.com/account?id=50909,0
https://security-confirm-bank.tk/verify/xxxxxxxxxxxxxxxxxxxxxxxxxxxxxxxxxxxxxxxxxxxxxxxxxxxxxxxxxxxxxxxxxxxxxxxxxxxxxxxxxxxxxxxxxxxxxxxxxxxxxxxxxxxxxxxxxxxxxxxxxxxxxxxxxxxxxxxxxxxxxxxxxxxxxxxxxxxxxxxxxxxxxxxxxxxxxxxxxxxxxxxxxxxxxxxxxxxxx/confirm,1
https://verify-amazon.tk/verify/xxxxxxxxxxxxxxxxxxxxxxxxxxxxxxxxxxxxxxxxxxxxxxxxxxxxxxxxxxxxxxxxxxxxxxxxxxxxxxxxxxxxxxxxxxxxxxxxxxxxxxxxxxxxxxxxxxxxxxxxxxxxxxxxxxxxxxxxxxxxxxxxxxxxxxxxxx/confirm,1
https://validate-netflix.xyz@sketch.com/verify,1
https://update-twitter.info@amazon.com/verify,1
https://validate-netflix.xyz@twilio.com/verify,1
http://api.stackoverflow.com/,0
https://paypa1.ru/login,1
https://dev.sketch.com/profile,0
https://verify-identity.ml/login,1
https://click-here-now.top/verify/xxxxxxxxxxxxxxxxxxxxxxxxxxxxxxxxxxxxxxxxxxxxxxxxxxxxxxxxxxxxxxxxxxxxxxxxxxxxxxxxxxxxxxxxxxxxxxxxxxxxxxxxxxxxxxxxxxxxxxxxxxxxxxxxxxxxxxxxxxxxxxxxxxxxx/confirm,1
https://g00gle.com/urgent-action,1
https://account-update-microsoft.ml/required-update,1
https://support-steam.pw/verify,1
https://dev.youtube.com/products,0
https://api.stackoverflow.com/products,0
https://api.reddit.com/products,0
https://urgent-verify-account.ga/verify/xxxxxxxxxxxxxxxxxxxxxxxxxxxxxxxxxxxxxxxxxxxxxxxxxxxxxxxxxxxxxxxxxxxxxxxxxxxxxxxxxxxxxxxxxxxxxxxxxxxxxxxxxxxxxxxxxxxxxxxxxxxxxxxxxxxxxxxxxxxxxxxxxxxxxxxxxxxxxxxxxxx/confirm,1
https://netflix-secure.com/verify-payment/confirm-identity/action/login,1
https://mail.wikipedia.org/pricing,0
https://amaz0n.com/verify-account/verify/security-check/login,1
https://authenticate-apple.top/login,1
https://wikipedia.org/faq,0
https://facbook.com/verify/xxxxxxxxxxxxxxxxxxxxxxxxxxxxxxxxxxxxxxxxxxxxxxxxxxxxxxxxxxxxxxxxxxxxxxxxxxxxxxxxxxxxxxxxxxxxxxxxxxxxxxxxxxxxxxxxxxxxxxxxxxxxxxxxxxxxxxxxxxxxxxxxxxxxxxxxxxxxxxxxxxxxxxxx/confirm,1
https://paypa1.com/verify/xxxxxxxxxxxxxxxxxxxxxxxxxxxxxxxxxxxxxxxxxxxxxxxxxxxxxxxxxxxxxxxxxxxxxxxxxxxxxxxxxxxxxxxxxxxxxxxxxxxxxxxxxxxxxxxxxxxxxxxxxxxxxxxxx/confirm,1
https://www.github.com/about,0
https://authenticate-apple.cf/verify,1
https://support-steam.pw/verify/xxxxxxxxxxxxxxxxxxxxxxxxxxxxxxxxxxxxxxxxxxxxxxxxxxxxxxxxxxxxxxxxxxxxxxxxxxxxxxxxxxxxxxxxxxxxxxxxxxxxxxxxxxxxxxxxxxxxxxxxxxxxxxxxxxxxxxx/confirm,1
https://paypa1.com/account-recovery,1
https://verify-amazon.tk/verify,1
https://security-confirm-bank.tk/verify,1
https://login-google.ru/login,1
http://108.129.12.152/login,1
https://authenticate-apple.cf@atlassian.com/verify,1
https://api.slack.com/dashboard?id=13365,0
https://mail.stackoverflow.com/contact?id=25136,0
https://update-twitter.info/confirm-identity/verify-account/verify/login,1
https://verify-identity.cf@azure.microsoft.com/verify,1
https://figma.com/docs?id=67359,0
https://click-here-now.top/verify,1
https://api.heroku.com/contact,0
https://dev.amazon.com/docs,0
https://click-here-now.xyz/login,1
https://mail.linkedin.com/products,0
https://twtter.cf/login,1
http://128.165.187.30/login,1
https://www.notion.so/pricing,0
https://www.dev.to/profile?id=79869,0
https://security-confirm-bank.tk/verify,1
https://api.linkedin.com/blog,0
http://226.143.150.163/login,1
https://github-verify.com/signin,1
https://api.jira.com/dashboard,0
https://facebookl.com@paypal.com/verify,1
https://api.twilio.com/about,0
https://verify-amazon.tk/verify/xxxxxxxxxxxxxxxxxxxxxxxxxxxxxxxxxxxxxxxxxxxxxxxxxxxxxxxxxxxxxxxxxxxxxxxxxxxxxxxxxxxxxxxxxxxxxxxxxxxxxxxxxxxxxxxxxxxxxxxxxxxxxxxxxxxxxxxxxxxxxxxxxxxxxxxxxxxxxxxxxxxxxxxxxx/confirm,1
https://confirm-facebook.ga/verify/xxxxxxxxxxxxxxxxxxxxxxxxxxxxxxxxxxxxxxxxxxxxxxxxxxxxxxxxxxxxxxxxxxxxxxxxxxxxxxxxxxxxxxxxxxxxxxxxxxxxxxxxxxxxxxxxxxxxxxxxxxxxxxxxxxxxxxxxxxxxxxxxxxxxxxxxxxxxxxxxxxxxxxxxxxxxxxxxxxxxxxxxxxxxx/confirm,1
https://facbook.ga/login,1
https://www.firebase.com/register?id=78152,0
https://staging.github.com/docs,0
https://stackoverflow-confirm.com/verify/xxxxxxxxxxxxxxxxxxxxxxxxxxxxxxxxxxxxxxxxxxxxxxxxxxxxxxxxxxxxxxxxxxxxxxxxxxxxxxxxxxxxxxxxxxxxxxxxxxxxxxxxxxxxxxxxxxxx/confirm,1
https://account-update-microsoft.ml/login,1
https://netflix-secure.com/confirm-identity/required-update/secure/login,1
https://g00gle.com/authenticate/verify-account/update-billing/login,1
https://twilio.com/help?id=18227,0
https://linkedin-login.com@apple.com/verify,1
https://facbook.com@facebook.com/verify,1
https://stackoverflow-confirm.com/verify,1
https://login-google.ru/verify/xxxxxxxxxxxxxxxxxxxxxxxxxxxxxxxxxxxxxxxxxxxxxxxxxxxxxxxxxxxxxxxxxxxxxxxxxxxxxxxxxxxxxxxxxxxxxxxxxxxxxxxxxxxxxxxxxxxxxxxxxxxxxxxxxxxxxxxxxxxxxxxxxxxxxxxxxxxxxxxxxxxxxxxxxxxxxx/confirm,1
https://mail.twitter.com/contact?id=14510,0
https://confirm-facebook.ga/claim-reward/action/required-update/login,1
https://sketch.com/login,0
http://83.248.18.180/login,1
https://mailchimp.com/,0
https://congratulations-winner.ml/verify,1
https://figma.com/blog,0
https://api.google.com/help?id=14547,0
https://api.adobe.com/about,0
https://congratulations-winner.ml/validate/verify-account/account-recovery/login,1
https://www.microsoft.com/account?id=24148,0
https://www.cloud.google.com/register,0
https://netflix-secure.tk/login,1
https://dev.netlify.com/blog?id=48225,0
https://secure-paypal.top/verify/xxxxxxxxxxxxxxxxxxxxxxxxxxxxxxxxxxxxxxxxxxxxxxxxxxxxxxxxxxxxxxxxxxxxxxxxxxxxxxxxxxxxxxxxxxxxxxxxxxxxxxxxxxxxxxxxxxxxxxxxxxxxxxxxxxxxx/confirm,1
https://twtter.xyz/login,1
https://facbook.com@netlify.com/verify,1
https://netflix-secure.xyz/login,1
http://105.83.34.4/login,1
https://twtter.ga/login,1
https://g00gle.com/verify,1
https://linkedin-login.com/update-billing,1
https://login-google.ru/verify/xxxxxxxxxxxxxxxxxxxxxxxxxxxxxxxxxxxxxxxxxxxxxxxxxxxxxxxxxxxxxxxxxxxxxxxxxxxxxxxxxxxxxxxxxxxxxxxxxxxxxxxxxxxxxxxxxxxxxxxxxxxxxxxxxxxxxxxxxxxxxxxxxxxxxxxxxxxxxxxxxxxxxxxxxxxxxxxx/confirm,1
https://dev.sendgrid.com/,0
https://dev.wikipedia.org/faq,0
https://verify-amazon.tk/verify/confirm/security-check/login,1
https://api.vercel.com/,0
https://limited-time-offer.tk@salesforce.com/verify,1
https://medium.com/dashboard,0
https://facebookl.com/verify/xxxxxxxxxxxxxxxxxxxxxxxxxxxxxxxxxxxxxxxxxxxxxxxxxxxxxxxxxxxxxxxxxxxxxxxxxxxxxxxxxxxxxxxxxxxxxxxxxxxxxxxxxxxxxxxxxxxxxxxxxxxxxxx/confirm,1
https://dev.stackoverflow.com/settings?id=90349,0
http://210.137.139.178/login,1
https://api.slack.com/help,0
https://www.linkedin.com/dashboard,0
http://dev.trello.com/register,0
https://heroku.com/account?id=93454,0
https://mail.trello.com/home,0
http://staging.vercel.com/help,0
http://141.217.122.54/login,1
https://urgent-verify-account.ga/verify,1
https://mail.youtube.com/products,0
https://confirm-facebook.ga/signin,1
https://support-steam.pw/verify/xxxxxxxxxxxxxxxxxxxxxxxxxxxxxxxxxxxxxxxxxxxxxxxxxxxxxxxxxxxxxxxxxxxxxxxxxxxxxxxxxxxxxxxxxxxxxxxxxxxxxxx/confirm,1
https://www.facebook.com/services?id=9456,0
https://github-verify.com/required-update/confirm/claim-reward/login,1
https://www.vercel.com/?id=5753,0
https://security-confirm-bank.ru/login,1
https://mail.jira.com/blog,0
https://facebookl.com/update/signin/claim-reward/login,1
https://verify-apple-id.gq/verify,1
https://google.com/faq,0
https://amaz0n.com@github.com/verify,1
https://www.aws.amazon.com/contact,0
http://27.235.35.167/login,1
https://congratulations-winner.ru/login,1
https://mailchimp.com/blog,0
https://mail.azure.microsoft.com/settings,0
https://api.stackoverflow.com/products,0
https://staging.facebook.com/help,0
https://api.stripe.com/help,0
https://amaz0n.com@figma.com/verify,1
https://dev.netlify.com/blog,0
https://congratulations-winner.ml/login,1
https://stackoverflow-confirm.com/verify,1
http://api.atlassian.com/contact,0
http://86.149.197.52/login,1
https://click-here-now.ga/login,1
https://www.ibm.com/profile?id=40132,0
https://facebookl.com/verify,1
https://www.github.com/pricing,0
https://mail.slack.com/blog,0
https://twtter.cf/login,1
https://congratulations-winner.top/login,1
https://facebookl.com/verify,1
http://www.apple.com/api,0
https://www.netflix.com/settings,0
https://dev.cloud.google.com/docs,0
https://dev.slack.com/register?id=85307,0
https://support-steam.pw/verify,1
https://api.asana.com/contact,0
https://validate-netflix.xyz@stripe.com/verify,1
https://account-update-microsoft.ml@trello.com/verify,1
https://urgent-verify-account.ga/verify/xxxxxxxxxxxxxxxxxxxxxxxxxxxxxxxxxxxxxxxxxxxxxxxxxxxxxxxxxxxxxxxxxxxxxxxxxxxxxxxxxxxxxxxxxxxxxxxxxxxxxxxxxx/confirm,1
http://157.132.102.189/login,1
https://mail.vercel.com/help,0
https://linkedin-login.com/authenticate/account-recovery/account-recovery/login,1
https://github.com/dashboard?id=13296,0
https://dev.reddit.com/faq,0
https://dev.netlify.com/login,0
https://sendgrid.com/,0
https://api.atlassian.com/faq?id=14362,0
https://dev.apple.com/home?id=35032,0
https://facebookl.ga/login,1
https://dev.github.com/home,0
https://authenticate-apple.cf/verify/xxxxxxxxxxxxxxxxxxxxxxxxxxxxxxxxxxxxxxxxxxxxxxxxxxxxxxxxxxxxxxxxxxxxxxxxxxxxxxxxxxxxxxxxxxxxxxxxxxxxxxxxxxxxxxxxxxxxxx/confirm,1
https://mail.apple.com/home,0
https://dev.firebase.com/about,0
https://linkedin-login.com/verify/xxxxxxxxxxxxxxxxxxxxxxxxxxxxxxxxxxxxxxxxxxxxxxxxxxxxxxxxxxxxxxxxxxxxxxxxxxxxxxxxxxxxxxxxxxxxxxxxxxxxxxxxxxxxxxxxxxxxxxxxxxxxxxxxxxxxxxxxxxxxxxxxxxxxxxxxxxxxxxxxxxxxxxxxxxxxxxxxxxxxxxxxx/confirm,1
https://facbook.com/verify,1
https://ibm.com/contact,0
http://mail.apple.com/products,0
http://67.209.211.28/login,1
https://dev.invision.com/blog,0
https://gogle.com/urgent-action,1
https://www.dev.to/faq,0
https://reddit.com/pricing,0
https://google.com/docs,0
http://dev.oracle.com/profile,0
https://mail.medium.com/pricing?id=26565,0
http://85.127.245.53/login,1
https://staging.google.com/services?id=35374,0
https://mail.twilio.com/home,0
https://confirm-facebook.cf/login,1
https://dev.netlify.com/api,0
https://stackoverflow.com/account,0
http://236.135.26.89/login,1
https://api.figma.com/support,0
https://www.dev.to/dashboard,0
https://stackoverflow-confirm.xyz/login,1
https://api.twilio.com/contact?id=21768,0
http://60.69.91.16/login,1
https://api.cloud.google.com/help,0
https://verify-amazon.tk/verify-account,1
https://twtter.com@github.com/verify,1
https://mail.figma.com/services,0
https://api.paypal.com/faq,0
https://netflix.com/home,0
https://account-update-microsoft.top/login,1
https://support-steam.pw@reddit.com/verify,1
https://limited-time-offer.tk/verify,1
https://security-confirm-bank.tk/verify/xxxxxxxxxxxxxxxxxxxxxxxxxxxxxxxxxxxxxxxxxxxxxxxxxxxxxxxxxxxxxxxxxxxxxxxxxxxxxxxxxxxxxxxxxxxxxxxxxxxxxxxxxxxxxxxxxxxxxxxxxxxxxxxxxxxxxxxxxxxxxxxxxxxxxxxxxxxxxx/confirm,1
https://staging.netflix.com/services,0
http://185.92.159.134/login,1
https://dev.mailchimp.com/profile,0
https://dev.dev.to/contact,0
https://www.reddit.com/dashboard?id=89257,0
https://claim-reward-now.ga/security-check,1
https://facbook.com/verify/xxxxxxxxxxxxxxxxxxxxxxxxxxxxxxxxxxxxxxxxxxxxxxxxxxxxxxxxxxxxxxxxxxxxxxxxxxxxxxxxxxxxxxxxxxxxxxxxxxxxxxxxxxxxxxxxxxxxxxxxxxxxxxxxxxxxxxxxxxxxxxxxxxxxxxxxxxxxxxxxxxxxxxxxxx/confirm,1
https://facbook.com/verify/xxxxxxxxxxxxxxxxxxxxxxxxxxxxxxxxxxxxxxxxxxxxxxxxxxxxxxxxxxxxxxxxxxxxxxxxxxxxxxxxxxxxxxxxxxxxxxxxxxxxxxxxxxxxxxxxxxxxxxxxxxxxxxxxxxxx/confirm,1
https://amazn.tk/login,1
https://verify-identity.cf/claim-reward,1
https://dev.atlassian.com/profile,0
https://limited-time-offer.tk@firebase.com/verify,1
https://g00gle.com@oracle.com/verify,1
https://vercel.com/profile,0
https://login-google.ru/security-check,1
https://confirm-facebook.ga/verify/xxxxxxxxxxxxxxxxxxxxxxxxxxxxxxxxxxxxxxxxxxxxxxxxxxxxxxxxxxxxxxxxxxxxxxxxxxxxxxxxxxxxxxxxxxxxxxxxxxxxxxxxxxxxxxxxxxxxxxxxxxxxxxxxxxxxxxxxxxxxxxxxxxxxxxxxxxxxxxxx/confirm,1
https://login-google.ru/verify,1
https://www.oracle.com/login,0
http://144.77.85.21/login,1
https://api.netlify.com/account,0
https://stackoverflow-confirm.com@twilio.com/verify,1
https://verify-amazon.tk/verify,1
https://staging.sketch.com/profile?id=84988,0
http://3.194.130.189/login,1
https://stackoverflow-confirm.com@sendgrid.com/verify,1
https://api.microsoft.com/pricing,0
https://amazn.com/authenticate/secure/update-billing/login,1
https://verify-apple-id.gq/login,1
https://staging.netlify.com/contact?id=59266,0
https://gogle.com/verify-payment,1
https://dev.sendgrid.com/products?id=8607,0
https://limited-time-offer.tk/verify,1
https://www.jira.com/about,0
https://notion.so/profile,0
https://dev.google.com/?id=65699,0
https://facebookl.com/verify,1
https://mail.vercel.com/contact,0
https://www.heroku.com/api,0
https://amazn.com/signin,1
https://authenticate-apple.cf/verify,1
https://api.stripe.com/login,0
https://staging.reddit.com/blog?id=73886,0
https://limited-time-offer.tk/security-check/confirm/authenticate/login,1
https://facebookl.com/security-check,1
https://verify-amazon.tk/verify/xxxxxxxxxxxxxxxxxxxxxxxxxxxxxxxxxxxxxxxxxxxxxxxxxxxxxxxxxxxxxxxxxxxxxxxxxxxxxxxxxxxxxxxxxxxxxxxxxxxxxxxxxxxxxxxxxxxxxxxxxxxxxxxxxxxxxxxxxxxxx/confirm,1
https://dev.to/contact,0
https://verify-amazon.tk/verify,1
https://mail.reddit.com/services,0
https://www.twitter.com/?id=27087,0
https://support-steam.pw/verify/xxxxxxxxxxxxxxxxxxxxxxxxxxxxxxxxxxxxxxxxxxxxxxxxxxxxxxxxxxxxxxxxxxxxxxxxxxxxxxxxxxxxxxxxxxxxxxxxxxxxxxxxxxxxxxxxxxxxxxxxxx/confirm,1
http://5.204.45.73/login,1
https://api.sendgrid.com/services,0
https://verify-apple-id.gq/verify/xxxxxxxxxxxxxxxxxxxxxxxxxxxxxxxxxxxxxxxxxxxxxxxxxxxxxxxxxxxxxxxxxxxxxxxxxxxxxxxxxxxxxxxxxxxxxxxxxxxxxxxxxxxxxxxxxxxxxxxxxxxxxxxxxxxxxxxxxxxxxxxxxxxxxxxxxxxxxxxxxxxxxxxxxxxxxxxxxxxxxxxxxxxxxx/confirm,1
https://aws.amazon.com/products?id=59601,0
https://validate-netflix.xyz/verify,1
https://urgent-verify-account.ga/verify,1
https://facebookl.com/authenticate,1
https://mail.vercel.com/dashboard,0
https://dev.firebase.com/home,0
https://staging.jira.com/pricing?id=78247,0
https://gogle.com/verify,1
http://mail.invision.com/login?id=23603,0
https://verify-amazon.tk/verify,1
https://authenticate-apple.cf/secure/urgent-action/validate/login,1
http://facebook.com/about,0
https://github-verify.com/urgent-action/update-billing/update/login,1
https://click-here-now.top/verify/xxxxxxxxxxxxxxxxxxxxxxxxxxxxxxxxxxxxxxxxxxxxxxxxxxxxxxxxxxxxxxxxxxxxxxxxxxxxxxxxxxxxxxxxxxxxxxxxxxxxxxx/confirm,1
https://limited-time-offer.tk/secure,1
https://support-steam.pw/verify,1
https://invision.com/register,0
http://mail.wikipedia.org/products,0
http://5.241.190.242/login,1
https://mail.google.com/docs,0
https://twtter.com/login/security-check/verify/login,1
https://api.jira.com/login,0
https://netflix-secure.com/verify/xxxxxxxxxxxxxxxxxxxxxxxxxxxxxxxxxxxxxxxxxxxxxxxxxxxxxxxxxxxxxxxxxxxxxxxxxxxxxxxxxxxxxxxxxxxxxxxxxxxxxxxxxxxxx/confirm,1
https://mail.netflix.com/about?id=73644,0
https://mail.figma.com/help,0
https://gogle.com/verify/xxxxxxxxxxxxxxxxxxxxxxxxxxxxxxxxxxxxxxxxxxxxxxxxxxxxxxxxxxxxxxxxxxxxxxxxxxxxxxxxxxxxxxxxxxxxxxxxxxxxxxxxxxxxxxxxxxxxxxxxxxxxxxxxxxxxxxxxxxxxxxxxxxxxxxxxxxxxxxxxx/confirm,1
https://limited-time-offer.tk/verify,1
https://mail.mailchimp.com/register?id=81900,0
https://www.google.com/login,0
https://twtter.com/verify/xxxxxxxxxxxxxxxxxxxxxxxxxxxxxxxxxxxxxxxxxxxxxxxxxxxxxxxxxxxxxxxxxxxxxxxxxxxxxxxxxxxxxxxxxxxxxxxxxxxxxxxxxxxxxxxxxxxxxxxx/confirm,1
https://claim-reward-now.ga/verify/xxxxxxxxxxxxxxxxxxxxxxxxxxxxxxxxxxxxxxxxxxxxxxxxxxxxxxxxxxxxxxxxxxxxxxxxxxxxxxxxxxxxxxxxxxxxxxxxxxxxxxxxxxxxxxxxxxxxxxxxxxxxxxxxxxxxxxxxxxxxxxxxxxxxxxxxxxxxxxxxxxxxxxxxxx/confirm,1
https://staging.youtube.com/about,0
https://staging.oracle.com/contact?id=89058,0
https://click-here-now.ru/login,1
https://secure-paypal.top/verify/xxxxxxxxxxxxxxxxxxxxxxxxxxxxxxxxxxxxxxxxxxxxxxxxxxxxxxxxxxxxxxxxxxxxxxxxxxxxxxxxxxxxxxxxxxxxxxxxxxxxxxxxxxxxxxxxxxxxxxxxxxxxxxxxxxxxxxxxxxxxxxxxxxxxxxxxxxxxxxxxxxxxxx/confirm,1
https://stackoverflow-confirm.com/verify,1
https://github-verify.ru/login,1
https://urgent-verify-account.ga/verify/xxxxxxxxxxxxxxxxxxxxxxxxxxxxxxxxxxxxxxxxxxxxxxxxxxxxxxxxxxxxxxxxxxxxxxxxxxxxxxxxxxxxxxxxxxxxxxxxxxxxxxxxxx/confirm,1
https://update-twitter.ml/login,1
https://dev.youtube.com/contact,0
https://api.ibm.com/faq?id=94785,0
https://validate-netflix.xyz/verify/xxxxxxxxxxxxxxxxxxxxxxxxxxxxxxxxxxxxxxxxxxxxxxxxxxxxxxxxxxxxxxxxxxxxxxxxxxxxxxxxxxxxxxxxxxxxxxxxxxxxxxxxxxxxxxxxxxxxxx/confirm,1
https://authenticate-apple.cf/verify/xxxxxxxxxxxxxxxxxxxxxxxxxxxxxxxxxxxxxxxxxxxxxxxxxxxxxxxxxxxxxxxxxxxxxxxxxxxxxxxxxxxxxxxxxxxxxxxxxxxxxxxxxxxxxxxxxxxxxxxxxxxxxxxxxxxxxxxxxxxxxxxxxxxxxxxxxxxxxxxxxxxxxxxxxxxxxxxxxxx/confirm,1
https://trello.com/contact,0
https://www.heroku.com/pricing,0
https://dev.microsoft.com/services,0
https://stripe.com/profile,0
https://amazn.com/verify,1
https://staging.linkedin.com/settings,0
https://verify-amazon.tk@netflix.com/verify,1
https://account-update-microsoft.ml/verify,1
https://github-verify.com@microsoft.com/verify,1
https://dev.netlify.com/faq,0
https://twtter.top/login,1
http://api.wikipedia.org/products,0
https://mail.cloud.google.com/dashboard,0
https://netflix-secure.com@amazon.com/verify,1
http://46.154.86.33/login,1
https://paypa1.cf/login,1
https://google.com/register,0
https://verify-amazon.tk@invision.com/verify,1
https://security-confirm-bank.tk/verify,1
https://netflix-secure.com/required-update/confirm-identity/claim-reward/login,1
https://staging.vercel.com/settings,0
https://api.netflix.com/blog,0
http://api.salesforce.com/profile?id=74633,0
https://www.mailchimp.com/services?id=53949,0
https://twtter.ga/login,1
http://226.35.119.98/login,1
https://twilio.com/home?id=27453,0
https://support-steam.ru/login,1
https://verify-amazon.tk@aws.amazon.com/verify,1
https://claim-reward-now.cf/login,1
https://click-here-now.top/verify/xxxxxxxxxxxxxxxxxxxxxxxxxxxxxxxxxxxxxxxxxxxxxxxxxxxxxxxxxxxxxxxxxxxxxxxxxxxxxxxxxxxxxxxxxxxxxxxxxxxxxxxxxxxxxxxxxxxxxxxxxxxxxxxxxxxxxxxxxxxxxxxxxxxxxxxxxxxxxxx/confirm,1
https://www.twitter.com/faq,0
https://stackoverflow-confirm.com/verify/xxxxxxxxxxxxxxxxxxxxxxxxxxxxxxxxxxxxxxxxxxxxxxxxxxxxxxxxxxxxxxxxxxxxxxxxxxxxxxxxxxxxxxxxxxxxxxxxxxxxxxxxxxxxxxxxxxxxxxxxxxxxxxxxxxxxxxxxxxxxxxxxxxxxxxxxxxxxxx/confirm,1
https://verify-apple-id.cf/login,1
https://github-verify.com/confirm-identity,1
https://secure-paypal.top/verify/xxxxxxxxxxxxxxxxxxxxxxxxxxxxxxxxxxxxxxxxxxxxxxxxxxxxxxxxxxxxxxxxxxxxxxxxxxxxxxxxxxxxxxxxxxxxxxxxxxxxxxxxxxxxxxxxxxxxxxxxxxxxxxxxxxxxxxxxxxxxxxxxxxxxxxxxxxxxxxxxxxxxxxxxx/confirm,1
https://linkedin-login.tk/login,1
https://twilio.com/products,0
https://facebookl.com/login/update/signin/login,1
https://dev.firebase.com/login,0
https://facbook.com/verify,1
https://api.stackoverflow.com/login?id=3874,0
https://api.azure.microsoft.com/?id=24542,0
https://gogle.com/verify-payment,1
https://api.vercel.com/home?id=48680,0
https://login-google.ru/action,1
https://secure-paypal.top/verify/xxxxxxxxxxxxxxxxxxxxxxxxxxxxxxxxxxxxxxxxxxxxxxxxxxxxxxxxxxxxxxxxxxxxxxxxxxxxxxxxxxxxxxxxxxxxxxxxxxxxxxxxxxxxxxxxxxxxxxxxxxxx/confirm,1
http://197.198.137.162/login,1
http://mail.apple.com/dashboard?id=44186,0
https://api.twilio.com/pricing,0
https://secure-paypal.top/claim-reward/claim-reward/confirm-identity/login,1
https://verify-apple-id.gq@jira.com/verify,1
https://dev.notion.so/profile?id=57895,0
https://gogle.com/verify,1
https://github.com/faq,0
https://www.stackoverflow.com/support,0
https://amaz0n.ru/login,1
https://staging.google.com/faq,0
https://validate-netflix.ga/login,1
https://gogle.com/verify/xxxxxxxxxxxxxxxxxxxxxxxxxxxxxxxxxxxxxxxxxxxxxxxxxxxxxxxxxxxxxxxxxxxxxxxxxxxxxxxxxxxxxxxxxxxxxxxxxxxxxxxxxxxxxxxxxxxxxxxxxxxxxxxxxxxxxxxxxxxxxxxxxxxxxxxxxxxxx/confirm,1
https://amaz0n.com/verify,1
http://90.162.96.3/login,1
https://paypa1.com/verify,1
https://dev.github.com/docs,0
http://242.178.240.182/login,1
https://api.google.com/services?id=55839,0
https://reddit.com/dashboard,0
https://facbook.com/verify,1
https://dev.atlassian.com/settings,0
https://api.youtube.com/home,0
https://dev.asana.com/dashboard,0
https://netflix-secure.com/verify,1
https://dev.google.com/help,0
https://verify-apple-id.ru/login,1
https://update-twitter.info/verify,1
https://netflix-secure.com/verify,1
https://www.netlify.com/register?id=54211,0
http://api.dev.to/profile,0
https://mail.heroku.com/login?id=37001,0
https://twtter.com@aws.amazon.com/verify,1
https://login-google.ru/required-update,1
https://dev.salesforce.com/home,0
https://verify-identity.cf/verify/xxxxxxxxxxxxxxxxxxxxxxxxxxxxxxxxxxxxxxxxxxxxxxxxxxxxxxxxxxxxxxxxxxxxxxxxxxxxxxxxxxxxxxxxxxxxxxxxxxxxxxxxxxxxxxxxxxxxxxxxxxxxxxxxxxxxxxxxxxxxxxxxxxxxxxxxxxxxx/confirm,1
https://dev.netflix.com/account,0
https://linkedin-login.ru/login,1
https://dev.vercel.com/home,0
https://claim-reward-now.ga@mailchimp.com/verify,1
http://mail.adobe.com/dashboard?id=44068,0
https://github-verify.com/confirm-identity/verify-account/update/login,1
https://microsoft.com/docs,0
https://twitter.com/profile,0
https://claim-reward-now.ga/verify/xxxxxxxxxxxxxxxxxxxxxxxxxxxxxxxxxxxxxxxxxxxxxxxxxxxxxxxxxxxxxxxxxxxxxxxxxxxxxxxxxxxxxxxxxxxxxxxxxxxxxxxxxxxxxxxxxxxxxxxxxxxxxxxxxxxxxxxx/confirm,1
https://login-google.ru/login/security-check/authenticate/login,1
https://www.youtube.com/docs,0
http://232.147.186.121/login,1
https://sketch.com/settings?id=89581,0
https://confirm-facebook.ga/signin/claim-reward/action/login,1
https://congratulations-winner.ml/verify/xxxxxxxxxxxxxxxxxxxxxxxxxxxxxxxxxxxxxxxxxxxxxxxxxxxxxxxxxxxxxxxxxxxxxxxxxxxxxxxxxxxxxxxxxxxxxxxxxxxxxxxxxxxxxxxxxxxxxxxxxxxxxxxxxxxxxxxxxxxxxxxxxxxxxxxxxxxxxxxxxxxxxxxxxxxxxxxxx/confirm,1
https://staging.adobe.com/docs,0
https://g00gle.top/login,1
https://facbook.tk/login,1
https://staging.dev.to/,0
https://limited-time-offer.tk/confirm,1
http://201.210.45.28/login,1
https://validate-netflix.xyz/verify/xxxxxxxxxxxxxxxxxxxxxxxxxxxxxxxxxxxxxxxxxxxxxxxxxxxxxxxxxxxxxxxxxxxxxxxxxxxxxxxxxxxxxxxxxxxxxxxxxxxxxxxxxxxxxxxxxxxxxxxxxxxxxxxxxxxxxxxxxxxxxxxxxx/confirm,1
https://dev.amazon.com/settings,0
https://amazn.com@stackoverflow.com/verify,1
https://stackoverflow-confirm.com@paypal.com/verify,1
https://reddit.com/blog,0
http://dev.twilio.com/docs,0
https://www.adobe.com/help,0
https://mail.mailchimp.com/account,0
https://validate-netflix.xyz/authenticate,1
http://238.96.200.58/login,1
https://click-here-now.top/verify/xxxxxxxxxxxxxxxxxxxxxxxxxxxxxxxxxxxxxxxxxxxxxxxxxxxxxxxxxxxxxxxxxxxxxxxxxxxxxxxxxxxxxxxxxxxxxxxxxxxxxxxxxxxxxxxxxxxxxxxxxxxxxxxxxxxxxxxxxxxxxxxxxxxxxxxxxxxxxxxxxxxxxxxxxxxxxxxxxxxxxxxxxxx/confirm,1
https://staging.heroku.com/about?id=28316,0
http://182.66.167.253/login,1
https://stackoverflow-confirm.com@trello.com/verify,1
https://dev.microsoft.com/support,0
https://linkedin.com/help?id=69109,0
https://aws.amazon.com/?id=26140,0
https://api.facebook.com/faq,0
https://dev.linkedin.com/services,0
https://amaz0n.com/verify/xxxxxxxxxxxxxxxxxxxxxxxxxxxxxxxxxxxxxxxxxxxxxxxxxxxxxxxxxxxxxxxxxxxxxxxxxxxxxxxxxxxxxxxxxxxxxxxxxxxxxxxxxxxxxxxxxxxxxxxxxxxxxxxxxxxxxxxxxxxxxx/confirm,1
https://twtter.com/account-recovery,1
http://75.201.212.236/login,1
https://vercel.com/about,0
https://api.stackoverflow.com/services,0
https://staging.slack.com/api,0
https://mail.twilio.com/register,0
https://facebookl.com@microsoft.com/verify,1
https://api.slack.com/profile,0
https://linkedin-login.com/verify,1
https://dev.netflix.com/faq?id=5226,0
https://mail.sendgrid.com/services?id=45184,0
https://dev.sendgrid.com/?id=1391,0
https://congratulations-winner.ml/verify/xxxxxxxxxxxxxxxxxxxxxxxxxxxxxxxxxxxxxxxxxxxxxxxxxxxxxxxxxxxxxxxxxxxxxxxxxxxxxxxxxxxxxxxxxxxxxxxxxxxxxxxxxxxxxxxxxxxxxxxxxxxxxxxxxxxxxxxxxxxxxxxxxxxxxxxxxxxxxxxxxxxxxxxxxxxxxxxxxxxxx/confirm,1
https://paypal.com/profile?id=48828,0
https://amazn.com@twilio.com/verify,1
https://confirm-facebook.ga/confirm-identity,1
https://facbook.com/signin,1
https://support-steam.pw/action,1
http://13.209.19.170/login,1
https://atlassian.com/profile?id=68158,0
https://congratulations-winner.ml/verify/xxxxxxxxxxxxxxxxxxxxxxxxxxxxxxxxxxxxxxxxxxxxxxxxxxxxxxxxxxxxxxxxxxxxxxxxxxxxxxxxxxxxxxxxxxxxxxxxxxxxxxxxxxxxxxxxxxxxxxxxx/confirm,1
https://api.slack.com/help?id=62527,0
https://verify-identity.cf/verify,1
http://59.216.246.4/login,1
https://verify-amazon.tk/urgent-action,1
http://40.161.47.229/login,1
https://staging.twitter.com/login,0
https://g00gle.ru/login,1
http://staging.trello.com/profile?id=56322,0
https://limited-time-offer.tk/verify-payment,1
https://claim-reward-now.ga/confirm-identity,1
https://security-confirm-bank.tk/security-check,1
https://mail.apple.com/help?id=66922,0
https://api.amazon.com/profile,0
https://amaz0n.gq/login,1
https://mail.aws.amazon.com/pricing,0
http://8.182.122.61/login,1
https://gogle.com/verify,1
https://paypa1.com/verify/xxxxxxxxxxxxxxxxxxxxxxxxxxxxxxxxxxxxxxxxxxxxxxxxxxxxxxxxxxxxxxxxxxxxxxxxxxxxxxxxxxxxxxxxxxxxxxxxxxxxxxxxxxxxxxxxxxxxxx/confirm,1
https://facbook.com/verify,1
https://www.cloud.google.com/settings,0
https://congratulations-winner.ml/update/confirm-identity/update-billing/login,1
https://secure-paypal.top/verify/xxxxxxxxxxxxxxxxxxxxxxxxxxxxxxxxxxxxxxxxxxxxxxxxxxxxxxxxxxxxxxxxxxxxxxxxxxxxxxxxxxxxxxxxxxxxxxxxxxxxxxxxxxxxxxxxxxxxxxxxxxxxxxxxxxxxxxxxxxxxxxxxxxxxxxx/confirm,1
https://gogle.com@notion.so/verify,1
https://limited-time-offer.tk/verify-account,1
https://mail.notion.so/account?id=36006,0
https://support-steam.pw@github.com/verify,1
https://dev.slack.com/contact,0
https://www.jira.com/,0
https://verify-identity.cf/verify,1
https://facbook.com@linkedin.com/verify,1
https://confirm-facebook.ga@slack.com/verify,1
https://secure-paypal.top@oracle.com/verify,1
http://dev.dev.to/products,0
https://amazn.com/verify,1
https://amaz0n.com/confirm-identity/action/update-billing/login,1
https://api.vercel.com/,0
https://staging.vercel.com/,0
https://api.aws.amazon.com/account,0
https://www.microsoft.com/help?id=39107,0
https://verify-identity.cf/secure,1
https://staging.mailchimp.com/account,0
https://verify-identity.cf/verify/xxxxxxxxxxxxxxxxxxxxxxxxxxxxxxxxxxxxxxxxxxxxxxxxxxxxxxxxxxxxxxxxxxxxxxxxxxxxxxxxxxxxxxxxxxxxxxxxxxxxxxxxxxxxxxxxxxxxxxxxxxxxxxxxxxxxxxxxxxxxxxxxxxxxxxxxxxxxxxxxxxxxxxxxxxxxxxxxxxxx/confirm,1
https://mail.twilio.com/support,0
https://secure-paypal.ml/login,1
https://facebookl.com/account-recovery/validate/urgent-action/login,1
https://api.adobe.com/products,0
https://limited-time-offer.tk@twilio.com/verify,1
https://www.vercel.com/products?id=87963,0
https://github-verify.com/verify,1
http://staging.amazon.com/,0
https://support-steam.pw@youtube.com/verify,1
https://gogle.ru/login,1
https://www.atlassian.com/docs,0
https://mail.reddit.com/login,0
https://www.apple.com/home,0
http://mail.stripe.com/blog,0
https://gogle.com/claim-reward,1
https://staging.oracle.com/dashboard,0
https://www.azure.microsoft.com/register,0
https://staging.netlify.com/login,0
https://staging.slack.com/about,0
https://github-verify.com/verify/xxxxxxxxxxxxxxxxxxxxxxxxxxxxxxxxxxxxxxxxxxxxxxxxxxxxxxxxxxxxxxxxxxxxxxxxxxxxxxxxxxxxxxxxxxxxxxxxxxxxxxxxxxxxxxxxxxxxxxxxxxxxxxxxxxxxxxxxxxxxxxxxxxxxxxxxxxxxxxxxxxxxxxxxxxxxxxxxxxxxxxxxxxxxx/confirm,1
https://claim-reward-now.ru/login,1
https://vercel.com/services?id=87275,0
https://limited-time-offer.tk/verify,1
https://wikipedia.org/support,0
https://azure.microsoft.com/support?id=39762,0
https://secure-paypal.top/verify,1
https://netflix-secure.com/verify-account/action/update-billing/login,1
https://linkedin-login.tk/login,1
https://sketch.com/faq?id=67063,0
https://api.google.com/register,0
https://api.microsoft.com/login,0
https://mail.github.com/login,0
https://authenticate-apple.cf@apple.com/verify,1
https://dev.medium.com/api,0
https://staging.atlassian.com/dashboard?id=60713,0
https://twitter.com/settings,0
https://dev.wikipedia.org/home?id=75494,0
https://click-here-now.top@twitter.com/verify,1
http://dev.linkedin.com/api,0
https://security-confirm-bank.tk/claim-reward,1
https://www.amazon.com/contact?id=77180,0
https://staging.heroku.com/docs,0
https://api.netlify.com/,0
https://staging.amazon.com/,0
https://facebookl.com@ibm.com/verify,1
https://www.asana.com/dashboard,0
https://api.ibm.com/pricing,0
https://api.cloud.google.com/settings,0
https://mail.slack.com/about,0
http://205.200.71.11/login,1
https://facebookl.com/confirm-identity,1
http://20.255.15.145/login,1
https://mail.cloud.google.com/support?id=93328,0
https://dev.stackoverflow.com/profile,0
https://www.notion.so/home,0
https://api.apple.com/?id=4076,0
https://github-verify.cf/login,1
https://api.reddit.com/support,0
https://jira.com/contact,0
https://secure-paypal.top/login/verify-payment/confirm-identity/login,1
https://www.sketch.com/,0
https://adobe.com/blog?id=74482,0
http://224.127.74.133/login,1
https://verify-apple-id.gq/update,1
https://congratulations-winner.ml@stackoverflow.com/verify,1
https://twtter.com/confirm/claim-reward/required-update/login,1
https://figma.com/blog,0
https://dev.amazon.com/blog,0
https://paypa1.com@ibm.com/verify,1
https://login-google.ru/verify,1
https://confirm-facebook.ga/verify,1
https://staging.microsoft.com/settings,0
https://dev.sketch.com/,0
https://urgent-verify-account.ga/verify/xxxxxxxxxxxxxxxxxxxxxxxxxxxxxxxxxxxxxxxxxxxxxxxxxxxxxxxxxxxxxxxxxxxxxxxxxxxxxxxxxxxxxxxxxxxxxxxxxxxxxxxxxxxxxxxxxxxxxxxxxxxxxxxxxxxxxxxxxxxxxxxxxxxxxxxxxxxxxxxxxxxxxxxxxxxxxxxxxxxxxxxxx/confirm,1
https://stackoverflow-confirm.com/verify-account/verify-account/security-check/login,1
http://api.apple.com/support,0
https://stripe.com/home?id=31686,0
https://www.sketch.com/help,0
https://amazn.tk/login,1
https://mail.salesforce.com/about,0
https://facbook.com@ibm.com/verify,1
https://verify-identity.cf/verify/xxxxxxxxxxxxxxxxxxxxxxxxxxxxxxxxxxxxxxxxxxxxxxxxxxxxxxxxxxxxxxxxxxxxxxxxxxxxxxxxxxxxxxxxxxxxxxxxxxxxxxxxxxxxxxxxxxxxxxxxxxxxxxxxxxxxxxxxxx/confirm,1
https://staging.aws.amazon.com/support,0
https://www.aws.amazon.com/api,0
https://sendgrid.com/home,0
https://atlassian.com/support,0
https://dev.linkedin.com/faq?id=7462,0
https://limited-time-offer.tk/secure/verify/confirm/login,1
https://aws.amazon.com/blog,0
https://amazn.com@netflix.com/verify,1
https://trello.com/contact,0
https://security-confirm-bank.tk/verify-account/update/update/login,1
https://www.slack.com/home,0
http://191.221.3.29/login,1
https://limited-time-offer.tk/verify-account,1
https://g00gle.com/verify/xxxxxxxxxxxxxxxxxxxxxxxxxxxxxxxxxxxxxxxxxxxxxxxxxxxxxxxxxxxxxxxxxxxxxxxxxxxxxxxxxxxxxxxxxxxxxxxxxxxxxxxx/confirm,1
https://validate-netflix.xyz@trello.com/verify,1
https://facbook.com/verify/xxxxxxxxxxxxxxxxxxxxxxxxxxxxxxxxxxxxxxxxxxxxxxxxxxxxxxxxxxxxxxxxxxxxxxxxxxxxxxxxxxxxxxxxxxxxxxxxxxxxx/confirm,1
https://paypa1.com/authenticate/required-update/validate/login,1
https://www.facebook.com/,0
https://verify-amazon.tk/secure,1
https://dev.stackoverflow.com/dashboard?id=1199,0
https://github-verify.com/verify-account/signin/required-update/login,1
https://dev.aws.amazon.com/docs,0
https://dev.atlassian.com/docs,0
https://github.com/faq,0
https://gogle.com/verify,1
https://staging.trello.com/about,0
https://mail.twilio.com/support?id=59603,0
https://staging.asana.com/profile,0
https://g00gle.com/verify/xxxxxxxxxxxxxxxxxxxxxxxxxxxxxxxxxxxxxxxxxxxxxxxxxxxxxxxxxxxxxxxxxxxxxxxxxxxxxxxxxxxxxxxxxxxxxxxxxxxxxxxxxxxxxxxxxxxxxxxxxxxxxxxxxxxxxxxxxxxxxxxxxxxxxxxxxxxxxxxxxxxxxxxxxxxxxxxxxxxxxxxxxxxxxx/confirm,1
https://linkedin-login.com@amazon.com/verify,1
https://stackoverflow-confirm.com@oracle.com/verify,1
https://validate-netflix.xyz/verify/xxxxxxxxxxxxxxxxxxxxxxxxxxxxxxxxxxxxxxxxxxxxxxxxxxxxxxxxxxxxxxxxxxxxxxxxxxxxxxxxxxxxxxxxxxxxxxxxxxxxxxxxxxxxxxx/confirm,1
https://api.cloud.google.com/docs,0
https://dev.github.com/settings,0
https://www.trello.com/docs,0
https://mail.mailchimp.com/settings?id=18709,0
https://staging.asana.com/profile?id=25048,0
https://facebookl.com/verify/xxxxxxxxxxxxxxxxxxxxxxxxxxxxxxxxxxxxxxxxxxxxxxxxxxxxxxxxxxxxxxxxxxxxxxxxxxxxxxxxxxxxxxxxxxxxxxxxxxxxxxxxxxxxxxxxxxxxxxxxxxxxxxxxxxxxxx/confirm,1
https://api.stripe.com/support,0
https://vercel.com/api,0
https://urgent-verify-account.ga/verify,1
https://mail.oracle.com/faq,0
https://facebookl.com/security-check,1
https://mail.netflix.com/dashboard,0
https://confirm-facebook.ga/claim-reward/account-recovery/account-recovery/login,1
https://api.oracle.com/account?id=25564,0
https://api.slack.com/faq,0
http://152.162.244.31/login,1
https://amaz0n.com/action,1
https://g00gle.com/validate,1
http://42.86.247.145/login,1
https://facebook.com/pricing,0
https://update-twitter.info/signin/validate/account-recovery/login,1
https://mail.mailchimp.com/register?id=32869,0
https://api.figma.com/pricing,0
http://staging.netlify.com/contact,0
http://54.247.20.34/login,1
https://facbook.com/confirm,1
https://click-here-now.top/verify-payment/urgent-action/verify/login,1
https://gogle.com/verify/xxxxxxxxxxxxxxxxxxxxxxxxxxxxxxxxxxxxxxxxxxxxxxxxxxxxxxxxxxxxxxxxxxxxxxxxxxxxxxxxxxxxxxxxxxxxxxxxxxxxxxxxxxxxxxxxxxxxxxxxxxxxxxxxxxxxxxxxxxxxxxxxxxxxxxxxxxxxxxxxxxxxxxxxxxxxxxxxxxxxxxxxxxxxxx/confirm,1
https://amazon.com/services,0
https://update-twitter.info/required-update/claim-reward/account-recovery/login,1
http://staging.jira.com/profile,0
https://authenticate-apple.cf/confirm-identity/confirm/claim-reward/login,1
https://mail.heroku.com/products,0
https://account-update-microsoft.ml/verify,1
https://sketch.com/api,0
https://api.netflix.com/blog,0
https://congratulations-winner.ml@wikipedia.org/verify,1
https://limited-time-offer.tk@youtube.com/verify,1
https://validate-netflix.xyz@apple.com/verify,1
https://api.apple.com/api?id=96724,0
http://dev.invision.com/home,0
https://secure-paypal.ml/login,1
https://dev.sendgrid.com/dashboard,0
https://asana.com/register,0
https://www.sketch.com/dashboard?id=94425,0
https://facbook.com/login/update-billing/urgent-action/login,1
https://api.twitter.com/home,0
http://www.vercel.com/api,0
https://click-here-now.top/urgent-action,1
https://staging.azure.microsoft.com/settings,0
https://staging.stackoverflow.com/faq,0
https://dev.wikipedia.org/profile,0
https://github.com/login?id=35783,0
https://dev.vercel.com/contact,0
https://mail.cloud.google.com/register?id=36306,0
http://api.apple.com/home,0
http://146.177.85.82/login,1
https://dev.asana.com/faq,0
https://facbook.com@cloud.google.com/verify,1
https://amazon.com/docs,0
https://verify-amazon.tk/verify/xxxxxxxxxxxxxxxxxxxxxxxxxxxxxxxxxxxxxxxxxxxxxxxxxxxxxxxxxxxxxxxxxxxxxxxxxxxxxxxxxxxxxxxxxxxxxxxxxxxxxxxxxxxxxxxxxxxxxxxxxxxxx/confirm,1
https://notion.so/support?id=84760,0
http://www.microsoft.com/support?id=73758,0
https://urgent-verify-account.ml/login,1
https://staging.ibm.com/login,0
https://staging.firebase.com/register,0
https://netflix-secure.com@twitter.com/verify,1
https://account-update-microsoft.ml@jira.com/verify,1
http://www.cloud.google.com/home,0
https://authenticate-apple.cf/verify/xxxxxxxxxxxxxxxxxxxxxxxxxxxxxxxxxxxxxxxxxxxxxxxxxxxxxxxxxxxxxxxxxxxxxxxxxxxxxxxxxxxxxxxxxxxxxxxxxxxxxxxxxxxxxxxxxxxxxxxxxxxxxxxxxxxxxxxxxxxxxxxxxxxxxxxxxxxxxxxxxxxxxxxxxxxxxxxxx/confirm,1
https://limited-time-offer.tk/verify,1
https://facbook.ml/login,1
https://validate-netflix.ru/login,1
https://dev.trello.com/docs,0
https://amaz0n.tk/login,1
https://mail.reddit.com/dashboard,0
https://dev.facebook.com/login,0
https://api.google.com/blog,0
https://staging.jira.com/profile,0
https://amazn.ml/login,1
https://validate-netflix.xyz/verify,1
https://api.netlify.com/faq,0
https://www.salesforce.com/help,0
https://mail.firebase.com/support?id=85384,0
https://staging.sendgrid.com/services,0
https://netflix-secure.com/update-billing,1
https://security-confirm-bank.tk@notion.so/verify,1
https://api.sendgrid.com/contact,0
https://verify-amazon.tk/verify,1
https://facbook.com/verify-payment,1
https://microsoft.com/docs,0
https://amaz0n.com/verify,1
http://api.notion.so/docs,0
https://click-here-now.top/validate/action/update-billing/login,1
https://verify-apple-id.cf/login,1
https://click-here-now.top/login,1
https://login-google.xyz/login,1
https://account-update-microsoft.ml@netlify.com/verify,1
https://congratulations-winner.tk/login,1
https://facbook.com/verify,1
http://181.78.8.185/login,1
https://sendgrid.com/login,0
https://api.netflix.com/settings,0
http://mail.cloud.google.com/contact,0
https://security-confirm-bank.tk/confirm-identity,1
https://click-here-now.top/verify-payment,1
https://linkedin-login.com/verify,1
https://login-google.ru/urgent-action,1
https://www.atlassian.com/register,0
https://security-confirm-bank.tk/security-check,1
https://facebookl.com/verify,1
https://staging.medium.com/services,0
https://github.com/settings?id=55839,0
http://staging.sendgrid.com/about,0
https://amaz0n.com/verify-payment/action/update-billing/login,1
https://linkedin-login.ml/login,1
https://api.github.com/pricing?id=61024,0
https://secure-paypal.ru/login,1
https://www.oracle.com/api,0
https://api.heroku.com/settings?id=15951,0
https://dev.asana.com/settings,0
https://secure-paypal.top/verify,1
https://notion.so/api?id=72638,0
https://netflix-secure.tk/login,1
https://verify-amazon.tk@stripe.com/verify,1
http://193.178.220.37/login,1
https://ibm.com/support?id=72128,0
https://www.trello.com/home,0
https://verify-identity.cf/update-billing,1
http://www.jira.com/faq,0
https://facbook.xyz/login,1
http://staging.paypal.com/pricing?id=97540,0
https://www.sketch.com/login,0
https://www.reddit.com/pricing,0
http://68.44.18.142/login,1
http://staging.heroku.com/help?id=73047,0
http://243.91.172.165/login,1
https://api.firebase.com/pricing,0
http://api.salesforce.com/support?id=59537,0
https://urgent-verify-account.ga/verify/xxxxxxxxxxxxxxxxxxxxxxxxxxxxxxxxxxxxxxxxxxxxxxxxxxxxxxxxxxxxxxxxxxxxxxxxxxxxxxxxxxxxxxxxxxxxxxxxxxxxxxxxxxxxxxxxxxxxxxxxxxxxxxxxxxxxxxxxxxxxxxxxxxxxxxxxxx/confirm,1
http://83.81.17.11/login,1
https://api.github.com/faq,0
https://api.atlassian.com/contact?id=48133,0
https://confirm-facebook.ga/verify,1
https://dev.aws.amazon.com/pricing,0
https://mail.sketch.com/support,0
http://6.11.226.236/login,1
https://security-confirm-bank.tk/verify,1
https://secure-paypal.top/verify/xxxxxxxxxxxxxxxxxxxxxxxxxxxxxxxxxxxxxxxxxxxxxxxxxxxxxxxxxxxxxxxxxxxxxxxxxxxxxxxxxxxxxxxxxxxxxxxxxxxxxxxx/confirm,1
https://dev.netflix.com/products,0
https://mail.cloud.google.com/account,0
https://api.invision.com/settings?id=60117,0
https://dev.firebase.com/,0
https://reddit.com/account,0
http://mail.stackoverflow.com/help?id=94306,0
https://g00gle.com/verify,1
https://confirm-facebook.ga/account-recovery,1
https://security-confirm-bank.tk/verify,1
https://stripe.com/api,0
https://dev.notion.so/account,0
https://twtter.com/confirm-identity/urgent-action/authenticate/login,1
https://staging.twilio.com/faq,0
https://notion.so/blog?id=76800,0
https://update-twitter.info/account-recovery,1
https://mail.firebase.com/products,0
https://api.youtube.com/login,0
http://www.salesforce.com/services,0
https://login-google.ru/confirm/login/verify-account/login,1
https://api.vercel.com/pricing,0
https://verify-identity.cf@paypal.com/verify,1
http://83.38.127.178/login,1
https://staging.heroku.com/register,0
https://dev.cloud.google.com/dashboard?id=88488,0
https://support-steam.pw/urgent-action/secure/verify/login,1
https://staging.medium.com/api,0
https://mail.wikipedia.org/docs,0
https://mail.notion.so/account?id=20376,0
https://dev.medium.com/services,0
http://74.71.78.199/login,1
http://236.202.30.64/login,1
https://www.adobe.com/docs?id=12306,0
https://login-google.ru/verify,1
https://www.netlify.com/support,0
https://security-confirm-bank.gq/login,1
https://validate-netflix.tk/login,1
https://api.github.com/blog,0
https://dev.slack.com/?id=40044,0
https://mail.facebook.com/faq,0
https://update-twitter.info/verify/xxxxxxxxxxxxxxxxxxxxxxxxxxxxxxxxxxxxxxxxxxxxxxxxxxxxxxxxxxxxxxxxxxxxxxxxxxxxxxxxxxxxxxxxxxxxxxxxxxxxxxxxxxxxxxxxxxxxxxxxxxxxxxxxxxxxxxxxxxxxxxxxxxxxxxxxxxxxxxxxxxxxxxxxxxxxxxxxxxxxxxxxxxxxxx/confirm,1
https://dev.cloud.google.com/api?id=29602,0
https://login-google.ru/verify,1
http://176.157.104.105/login,1
https://amazn.com/verify,1
https://mail.figma.com/docs,0
https://login-google.ru/verify/xxxxxxxxxxxxxxxxxxxxxxxxxxxxxxxxxxxxxxxxxxxxxxxxxxxxxxxxxxxxxxxxxxxxxxxxxxxxxxxxxxxxxxxxxxxxxxxxxxxxxx/confirm,1
https://amazn.tk/login,1
https://linkedin-login.com@aws.amazon.com/verify,1
https://netflix.com/login,0
https://www.stripe.com/support,0
https://staging.azure.microsoft.com/login,0
https://netflix.com/pricing,0
https://api.asana.com/profile,0
https://limited-time-offer.tk/claim-reward,1
https://dev.wikipedia.org/,0
https://dev.slack.com/faq,0
https://www.netflix.com/pricing?id=93373,0
https://gogle.com/verify,1
https://api.apple.com/home,0
https://www.google.com/profile,0
https://mail.netlify.com/about?id=27659,0
https://click-here-now.top@atlassian.com/verify,1
https://staging.netflix.com/api,0
https://api.paypal.com/support,0
https://dev.sendgrid.com/settings,0
https://dev.twilio.com/support?id=89215,0
https://click-here-now.ga/login,1
https://mail.invision.com/login,0
https://support-steam.gq/login,1
https://azure.microsoft.com/profile,0
https://www.azure.microsoft.com/faq,0
https://verify-amazon.tk/update/verify-payment/action/login,1
http://staging.twitter.com/dashboard?id=75249,0
https://gogle.com/verify,1
https://mail.amazon.com/services?id=35689,0
https://atlassian.com/account?id=74488,0
https://staging.mailchimp.com/settings?id=30618,0
https://staging.vercel.com/faq,0
https://api.sketch.com/support,0
https://dev.dev.to/docs?id=98581,0
http://244.17.130.56/login,1
https://mail.ibm.com/register?id=20241,0
https://dev.twilio.com/docs,0
https://api.adobe.com/home,0
https://confirm-facebook.ga@figma.com/verify,1
https://www.oracle.com/account,0
https://gogle.com@google.com/verify,1
https://dev.asana.com/help?id=20596,0
https://facbook.com/update,1
https://www.github.com/support,0
https://dev.twilio.com/settings,0
https://dev.figma.com/profile,0
https://confirm-facebook.ga/verify/xxxxxxxxxxxxxxxxxxxxxxxxxxxxxxxxxxxxxxxxxxxxxxxxxxxxxxxxxxxxxxxxxxxxxxxxxxxxxxxxxxxxxxxxxxxxxxxxxxxxxxxxxxxxxxxxxxxxxxxxxxxxxxxxxxxxxxxxxxxxxxxxxxxxxxxxxxxxxxxxxxx/confirm,1
https://mail.netflix.com/profile,0
https://mail.sendgrid.com/support,0
https://update-twitter.info/login,1
http://staging.heroku.com/products,0
https://mail.sendgrid.com/settings?id=83421,0
https://validate-netflix.xyz/claim-reward/required-update/account-recovery/login,1
https://dev.microsoft.com/pricing,0
https://github-verify.com/verify/xxxxxxxxxxxxxxxxxxxxxxxxxxxxxxxxxxxxxxxxxxxxxxxxxxxxxxxxxxxxxxxxxxxxxxxxxxxxxxxxxxxxxxxxxxxxxxxxxxxxxxxxxxxxxxxxxxxxxxxxxxxxxxxxxxxxxxxxxxxxxxxxxxxx/confirm,1
https://www.invision.com/products,0
http://82.45.20.1/login,1
https://amaz0n.tk/login,1
https://staging.vercel.com/dashboard,0
https://authenticate-apple.cf/confirm/update-billing/update-billing/login,1
https://verify-apple-id.gq/verify,1
https://amaz0n.ru/login,1
https://api.stripe.com/support?id=9941,0
http://14.227.157.162/login,1
https://linkedin-login.com/account-recovery,1
https://netflix-secure.com/verify/xxxxxxxxxxxxxxxxxxxxxxxxxxxxxxxxxxxxxxxxxxxxxxxxxxxxxxxxxxxxxxxxxxxxxxxxxxxxxxxxxxxxxxxxxxxxxxxxxxxxxxxxxxxxxxxxxxxxxxxxxxxxxxxxxxxxxxxxxxxxxxxxxxxxxxxxxxxxxxxxxxxxxxxxxxxxxxxxxxxxxxxxxxxxxxxxxxxxxx/confirm,1
https://dev.to/login?id=56187,0
https://claim-reward-now.gq/login,1
https://linkedin.com/about?id=40653,0
https://api.firebase.com/products?id=98088,0
https://claim-reward-now.gq/login,1
https://mail.facebook.com/register?id=14447,0
https://account-update-microsoft.ml/login,1
https://verify-apple-id.gq/signin,1
https://verify-apple-id.gq/verify,1
https://gogle.com/login,1
https://authenticate-apple.cf/verify,1
https://www.sketch.com/api?id=20289,0
https://security-confirm-bank.tk@linkedin.com/verify,1
http://staging.facebook.com/services,0
https://urgent-verify-account.ga/verify/xxxxxxxxxxxxxxxxxxxxxxxxxxxxxxxxxxxxxxxxxxxxxxxxxxxxxxxxxxxxxxxxxxxxxxxxxxxxxxxxxxxxxxxxxxxxxxxxxxxxxxxxxxxxxxxxxxxxxxxxxxxxxxxxxxxxxxxxxxxxxxxxxxxxxxxxxxxxxxxxxxxxxxxxxxxxxxxxxxxxxxxxxxxxxxxxxxxx/confirm,1
https://g00gle.com/verify/login/confirm-identity/login,1
https://linkedin-login.com/urgent-action/security-check/update/login,1
https://support-steam.pw/account-recovery,1
https://www.reddit.com/api,0
http://reddit.com/profile,0
https://limited-time-offer.tk/verify,1
https://g00gle.com@notion.so/verify,1
https://www.salesforce.com/blog,0
https://click-here-now.top/confirm-identity/required-update/urgent-action/login,1
https://dev.stripe.com/register?id=25080,0
https://amazn.com/action/verify-account/login/login,1
https://twitter.com/dashboard,0
https://stackoverflow-confirm.com/verify,1
https://paypa1.tk/login,1
https://dev.amazon.com/docs?id=94313,0
https://confirm-facebook.ga/action/confirm/confirm/login,1
https://staging.mailchimp.com/dashboard,0
https://update-twitter.info/action,1
https://paypa1.com/validate,1
https://authenticate-apple.cf@vercel.com/verify,1
https://linkedin-login.com/verify-payment/validate/authenticate/login,1
https://dev.medium.com/login,0
https://www.heroku.com/services,0
https://claim-reward-now.ga/verify/xxxxxxxxxxxxxxxxxxxxxxxxxxxxxxxxxxxxxxxxxxxxxxxxxxxxxxxxxxxxxxxxxxxxxxxxxxxxxxxxxxxxxxxxxxxxxxxxxxxxxxxxxxxxxxxxxxxxxxxxxxxxxxxxxxxxxxxxxxxxxxxxxxxxxxxxxxxxxxxxxxxxxxxxxxxxxxxxxxxxxxxxxxxxxxxx/confirm,1
https://verify-apple-id.gq/secure/login/secure/login,1
http://mail.aws.amazon.com/contact,0
https://claim-reward-now.ga/verify,1
https://stackoverflow.com/profile?id=58256,0
http://101.198.239.195/login,1
https://confirm-facebook.ga/verify,1
https://confirm-facebook.cf/login,1
https://confirm-facebook.ga/verify-account/login/login/login,1
https://ibm.com/profile,0
https://security-confirm-bank.top/login,1
https://twtter.com/account-recovery/verify-payment/required-update/login,1
https://twtter.com/verify/xxxxxxxxxxxxxxxxxxxxxxxxxxxxxxxxxxxxxxxxxxxxxxxxxxxxxxxxxxxxxxxxxxxxxxxxxxxxxxxxxxxxxxxxxxxxxxxxxxxxxxxxxxxxxxxxxxxxxxxxxxxxxxxxxxxxxxxxxxxxxxxxxxxxxxxxxxxxxxxxxxxxxxxxxxxxxxxxxxxxxxxxx/confirm,1
https://facbook.com/required-update,1
https://amaz0n.com/verify,1
https://g00gle.com/verify/xxxxxxxxxxxxxxxxxxxxxxxxxxxxxxxxxxxxxxxxxxxxxxxxxxxxxxxxxxxxxxxxxxxxxxxxxxxxxxxxxxxxxxxxxxxxxxxxxxxxxxxxxxxxxxxxxxxxxxxxxxxxxxxxxx/confirm,1
https://gogle.com/required-update,1
https://paypa1.com/validate,1
https://stackoverflow-confirm.com/verify/xxxxxxxxxxxxxxxxxxxxxxxxxxxxxxxxxxxxxxxxxxxxxxxxxxxxxxxxxxxxxxxxxxxxxxxxxxxxxxxxxxxxxxxxxxxxxxxxxxxxxxxxx/confirm,1
https://sketch.com/contact?id=32759,0
https://www.atlassian.com/contact,0
https://www.twilio.com/contact?id=45643,0
https://gogle.com/verify/xxxxxxxxxxxxxxxxxxxxxxxxxxxxxxxxxxxxxxxxxxxxxxxxxxxxxxxxxxxxxxxxxxxxxxxxxxxxxxxxxxxxxxxxxxxxxxxxxxxxxxxxxxxxxxxxxxxxxxxxxxxxxxxxxxxx/confirm,1
https://click-here-now.top/login,1
https://twtter.com/verify,1
https://staging.stackoverflow.com/contact,0
http://183.241.53.187/login,1
https://api.asana.com/docs,0
https://login-google.ru@figma.com/verify,1
https://paypa1.com/verify/xxxxxxxxxxxxxxxxxxxxxxxxxxxxxxxxxxxxxxxxxxxxxxxxxxxxxxxxxxxxxxxxxxxxxxxxxxxxxxxxxxxxxxxxxxxxxxxxxxxxxxxxxxxxxxxxxxxxxxxxxxxxxxxxxxxxxxxxxxxxxxxxxxxxxxxxxxxxxxxxxxxxxxxxxxxxxxxxxxxxxxxxxxxxxxxxxxxxxxx/confirm,1
https://mail.amazon.com/,0
https://api.twilio.com/blog,0
https://reddit.com/docs,0
http://223.12.21.154/login,1
https://paypa1.com/verify,1
http://195.220.214.154/login,1
https://login-google.ru@sendgrid.com/verify,1
https://authenticate-apple.cf@sendgrid.com/verify,1
https://www.netlify.com/support,0
https://verify-apple-id.gq/update-billing/required-update/required-update/login,1
https://secure-paypal.top@github.com/verify,1
https://stripe.com/docs?id=80665,0
https://staging.wikipedia.org/account,0
http://90.126.138.21/login,1
https://verify-apple-id.gq/verify/xxxxxxxxxxxxxxxxxxxxxxxxxxxxxxxxxxxxxxxxxxxxxxxxxxxxxxxxxxxxxxxxxxxxxxxxxxxxxxxxxxxxxxxxxxxxxxxxxxxxxxxxxxxxxxxxxx/confirm,1
https://congratulations-winner.ml/verify,1
https://congratulations-winner.ml/verify,1
https://mail.ibm.com/login,0
https://verify-identity.cf/verify,1
https://dev.invision.com/home,0
https://g00gle.com/login/secure/signin/login,1
http://230.146.162.249/login,1
https://www.invision.com/account,0
https://verify-amazon.ru/login,1
https://mail.netflix.com/api?id=87946,0
https://mail.medium.com/help,0
https://authenticate-apple.cf/verify,1
https://api.heroku.com/about,0
https://www.jira.com/home?id=83415,0
https://api.linkedin.com/pricing?id=94821,0
https://amaz0n.com/verify,1
https://microsoft.com/pricing,0
https://verify-apple-id.gq/verify/verify-account/verify/login,1
https://mail.linkedin.com/docs?id=5893,0
http://dev.apple.com/settings?id=28123,0
https://verify-apple-id.xyz/login,1
http://www.jira.com/products?id=65936,0
https://amazn.com/validate/confirm/authenticate/login,1
https://authenticate-apple.cf/update,1
https://www.stackoverflow.com/login,0
https://paypa1.com/confirm-identity,1
https://validate-netflix.xyz/verify,1
https://staging.mailchimp.com/register,0
https://staging.ibm.com/home,0
https://staging.heroku.com/blog?id=77492,0
http://mail.azure.microsoft.com/api?id=2330,0
https://amaz0n.com@stripe.com/verify,1
https://support-steam.pw/verify/xxxxxxxxxxxxxxxxxxxxxxxxxxxxxxxxxxxxxxxxxxxxxxxxxxxxxxxxxxxxxxxxxxxxxxxxxxxxxxxxxxxxxxxxxxxxxxxxxxxxxxxxxxxxxxxxxxxxxxxxxxxxxxxxxxxx/confirm,1
https://confirm-facebook.ga/action/verify-payment/claim-reward/login,1
http://191.53.184.76/login,1
https://security-confirm-bank.tk/account-recovery,1
https://claim-reward-now.ga/claim-reward,1
https://g00gle.com/verify/xxxxxxxxxxxxxxxxxxxxxxxxxxxxxxxxxxxxxxxxxxxxxxxxxxxxxxxxxxxxxxxxxxxxxxxxxxxxxxxxxxxxxxxxxxxxxxxxxxxxxxxxxxxxxxxxxxxxxxxxxxxxxxxxxxxxxxxxxxxxxxxxxxxxxxxxxxxxxxxxxxxxxxxxxxxxxxxxxxxxxxxxxxx/confirm,1
https://verify-amazon.top/login,1
https://facbook.com/verify,1
https://api.dev.to/register?id=38023,0
https://api.invision.com/faq,0
https://staging.heroku.com/home,0
https://api.figma.com/docs,0
https://staging.google.com/faq,0
https://www.jira.com/register,0
https://dev.azure.microsoft.com/contact,0
https://dev.dev.to/,0
https://account-update-microsoft.ml/action/update/claim-reward/login,1
http://www.stackoverflow.com/dashboard,0
https://urgent-verify-account.ga@adobe.com/verify,1
https://dev.heroku.com/home,0
https://confirm-facebook.gq/login,1
https://api.google.com/help,0
http://mail.apple.com/home?id=93897,0
https://verify-identity.cf/verify,1
https://staging.netflix.com/account,0
https://netflix-secure.gq/login,1
http://207.145.57.102/login,1
https://www.facebook.com/profile,0
http://213.84.170.65/login,1
https://salesforce.com/api?id=1223,0
https://twtter.com@notion.so/verify,1
https://dev.firebase.com/pricing,0
https://api.mailchimp.com/help,0
https://api.vercel.com/help?id=82708,0
https://mail.asana.com/support,0
https://paypa1.com@figma.com/verify,1
https://mail.apple.com/home?id=78109,0
https://claim-reward-now.ga/verify,1
https://linkedin.com/products?id=31029,0
https://claim-reward-now.ga/login/authenticate/urgent-action/login,1
http://80.77.201.216/login,1
https://staging.apple.com/register,0
https://api.figma.com/dashboard,0
https://congratulations-winner.ml/verify,1
https://paypa1.com/verify/xxxxxxxxxxxxxxxxxxxxxxxxxxxxxxxxxxxxxxxxxxxxxxxxxxxxxxxxxxxxxxxxxxxxxxxxxxxxxxxxxxxxxxxxxxxxxxxxxxxxxxxxxxxxxxxxxxxxxxxxxxxxxxxx/confirm,1
https://g00gle.com@github.com/verify,1
https://api.medium.com/dashboard,0
https://www.heroku.com/login?id=73442,0
https://www.facebook.com/register,0
https://adobe.com/help,0
https://amazn.com/claim-reward,1
https://amazn.cf/login,1
https://urgent-verify-account.ml/login,1
http://linkedin.com/register,0
https://account-update-microsoft.ml/verify/xxxxxxxxxxxxxxxxxxxxxxxxxxxxxxxxxxxxxxxxxxxxxxxxxxxxxxxxxxxxxxxxxxxxxxxxxxxxxxxxxxxxxxxxxxxxxxxxxxxxxxxxxxxxxxxxxxxxxxxxxxxxxxxxxxxxxxxxxxxxxxxxxxxxxxxxxxxxxx/confirm,1
https://netflix-secure.cf/login,1
https://dev.vercel.com/api?id=81823,0
https://www.paypal.com/account,0
https://confirm-facebook.ga/authenticate,1
https://mail.slack.com/account?id=71560,0
https://mail.google.com/faq,0
https://trello.com/register,0
https://mail.invision.com/support,0
https://api.trello.com/pricing,0
https://netflix-secure.xyz/login,1
https://verify-identity.cf/login,1
https://api.netflix.com/register?id=54059,0
https://dev.youtube.com/api,0
https://jira.com/support,0
https://mail.google.com/home,0
https://secure-paypal.top@notion.so/verify,1
https://paypa1.ml/login,1
https://mail.google.com/blog?id=89670,0
https://amazn.com@medium.com/verify,1
http://staging.heroku.com/docs,0
https://mail.facebook.com/contact,0
https://netflix-secure.com/signin/action/verify-payment/login,1
https://dev.cloud.google.com/settings?id=24420,0
http://124.233.179.84/login,1
https://api.dev.to/settings,0
https://authenticate-apple.cf/verify,1
https://dev.twilio.com/contact,0
https://secure-paypal.top/secure,1
https://www.notion.so/products,0
https://dev.ibm.com/api,0
https://staging.atlassian.com/home,0
https://limited-time-offer.tk/confirm-identity/update/required-update/login,1
https://amaz0n.com/validate,1
http://facebook.com/settings,0
https://api.cloud.google.com/blog,0
https://account-update-microsoft.ml/verify,1
https://validate-netflix.xyz/update/validate/account-recovery/login,1
https://amaz0n.com/verify,1
https://claim-reward-now.ga/verify,1
https://www.wikipedia.org/support?id=40071,0
https://authenticate-apple.xyz/login,1
https://www.asana.com/contact,0
https://linkedin-login.com/urgent-action/validate/validate/login,1
https://mail.amazon.com/dashboard,0
https://www.apple.com/api,0
https://api.apple.com/profile,0
https://www.dev.to/about,0
https://dev.apple.com/docs,0
https://verify-apple-id.gq/verify,1
https://api.apple.com/docs?id=24634,0
https://mail.jira.com/pricing,0
https://dev.amazon.com/account?id=76070,0
https://support-steam.ml/login,1
https://validate-netflix.xyz/authenticate,1
https://facebookl.cf/login,1
https://figma.com/api,0
https://verify-apple-id.gq/verify/xxxxxxxxxxxxxxxxxxxxxxxxxxxxxxxxxxxxxxxxxxxxxxxxxxxxxxxxxxxxxxxxxxxxxxxxxxxxxxxxxxxxxxxxxxxxxxxxxxxxxxxxxxxxxxxxxxxxxxxxxxxxxxxxxxxxx/confirm,1
https://mail.microsoft.com/home,0
https://support-steam.pw/verify/validate/confirm/login,1
http://160.98.57.183/login,1
https://staging.stackoverflow.com/account?id=12331,0
https://amazn.com/validate/confirm/validate/login,1
https://validate-netflix.xyz/confirm-identity/claim-reward/authenticate/login,1
https://click-here-now.ru/login,1
https://security-confirm-bank.tk/signin,1
https://limited-time-offer.tk/confirm,1
https://firebase.com/blog,0
http://www.invision.com/help,0
https://www.mailchimp.com/login,0
https://linkedin.com/register,0
https://paypa1.com/verify/xxxxxxxxxxxxxxxxxxxxxxxxxxxxxxxxxxxxxxxxxxxxxxxxxxxxxxxxxxxxxxxxxxxxxxxxxxxxxxxxxxxxxxxxxxxxxxxxxxxxxxxxxxxxxxxxxxxxxxxxxxxxxxxxxxxxxxxxxxxxxxxxxxxxxxx/confirm,1
https://dev.twilio.com/profile,0
https://support-steam.pw@firebase.com/verify,1
https://twtter.com/verify,1
https://mail.twitter.com/faq,0
http://98.100.148.218/login,1
https://support-steam.pw/verify/xxxxxxxxxxxxxxxxxxxxxxxxxxxxxxxxxxxxxxxxxxxxxxxxxxxxxxxxxxxxxxxxxxxxxxxxxxxxxxxxxxxxxxxxxxxxxxxxxxxxxxxxxxxxxxxxxxxxxxxxxxxxxxxxx/confirm,1
http://api.asana.com/docs,0
https://amazn.com/update-billing,1
https://support-steam.pw@wikipedia.org/verify,1
http://api.azure.microsoft.com/products,0
http://62.48.144.234/login,1
https://verify-amazon.tk/verify,1
https://mail.medium.com/help?id=92937,0
https://netflix-secure.ml/login,1
https://api.figma.com/docs?id=57631,0
https://verify-amazon.tk/required-update,1
http://10.79.130.95/login,1
https://facbook.com/verify,1
https://confirm-facebook.ga@firebase.com/verify,1
https://dev.linkedin.com/register,0
http://mail.medium.com/blog,0
https://firebase.com/faq?id=8282,0
https://api.sketch.com/about?id=36045,0
http://177.228.93.154/login,1
https://dev.mailchimp.com/api?id=96624,0
https://aws.amazon.com/api,0
https://facebookl.com/secure/update/authenticate/login,1
https://dev.slack.com/about?id=70403,0
https://claim-reward-now.ga/signin/update/verify/login,1
https://www.azure.microsoft.com/help,0
https://github-verify.com/account-recovery/action/account-recovery/login,1
https://firebase.com/services?id=16967,0
https://slack.com/faq,0
https://github-verify.com/action/verify-payment/confirm/login,1
https://github.com/account,0
https://stackoverflow-confirm.com@google.com/verify,1
https://claim-reward-now.ga/verify,1
https://api.atlassian.com/register,0
https://amazon.com/,0
https://staging.wikipedia.org/docs,0
https://mail.twilio.com/services,0
https://verify-identity.cf/verify-account/action/claim-reward/login,1
https://staging.jira.com/blog,0
https://twtter.com/verify/xxxxxxxxxxxxxxxxxxxxxxxxxxxxxxxxxxxxxxxxxxxxxxxxxxxxxxxxxxxxxxxxxxxxxxxxxxxxxxxxxxxxxxxxxxxxxxxxxxxxxxxxxxxxxxxx/confirm,1
https://g00gle.com/verify/xxxxxxxxxxxxxxxxxxxxxxxxxxxxxxxxxxxxxxxxxxxxxxxxxxxxxxxxxxxxxxxxxxxxxxxxxxxxxxxxxxxxxxxxxxxxxxxxxxxxxxxxxxxxxxxxxxxxxxxxxxxxxxxxxxxxxxxxxxxxxxxxxxxxxxxxxxxxxxxxxxxxxxxxxxxxxxxx/confirm,1
https://www.netlify.com/services?id=95938,0
https://api.microsoft.com/,0
https://api.wikipedia.org/login,0
https://amaz0n.com/login/security-check/urgent-action/login,1
https://api.paypal.com/dashboard,0
https://verify-identity.cf@trello.com/verify,1
https://update-twitter.info/verify,1
https://www.dev.to/,0
https://paypa1.com/verify,1
https://limited-time-offer.cf/login,1
https://validate-netflix.xyz@ibm.com/verify,1
https://www.medium.com/about,0
https://amazn.ga/login,1
https://secure-paypal.top/claim-reward,1
https://staging.salesforce.com/help?id=28136,0
https://staging.salesforce.com/dashboard,0
https://vercel.com/contact,0
https://api.stackoverflow.com/pricing,0
https://limited-time-offer.tk@salesforce.com/verify,1
https://www.aws.amazon.com/about?id=40738,0
https://dev.twilio.com/settings,0
https://twtter.com/verify,1
https://staging.google.com/register,0
https://www.cloud.google.com/docs?id=93409,0
https://support-steam.tk/login,1
https://www.sendgrid.com/settings,0
https://validate-netflix.xyz/verify/xxxxxxxxxxxxxxxxxxxxxxxxxxxxxxxxxxxxxxxxxxxxxxxxxxxxxxxxxxxxxxxxxxxxxxxxxxxxxxxxxxxxxxxxxxxxxxxxxxxxxxxxxxxxxxxxxxxxxxxxxxxxxxxxxxxxxxxxxxxxxxxxxxxxxxxxxxxxxxxxxxxxxxxxxxxxxxx/confirm,1
https://sketch.com/blog?id=62052,0
https://authenticate-apple.cf/claim-reward/action/authenticate/login,1
https://mail.cloud.google.com/dashboard,0
https://api.medium.com/blog?id=38237,0
https://verify-apple-id.gq/verify,1
https://stackoverflow-confirm.com/verify/verify/required-update/login,1
https://invision.com/profile,0
https://api.invision.com/pricing?id=70793,0
https://api.azure.microsoft.com/register?id=94796,0
https://urgent-verify-account.ga/login/account-recovery/verify-account/login,1
https://click-here-now.top/verify/xxxxxxxxxxxxxxxxxxxxxxxxxxxxxxxxxxxxxxxxxxxxxxxxxxxxxxxxxxxxxxxxxxxxxxxxxxxxxxxxxxxxxxxxxxxxxxxxxxxxxxxxxxxxxxxxxxxxxxxxxxxxxxxxxxxxxxxxxxxxxxxxxxxxxxxxxxxxxxxxxxxxxxxxxxxxxxxxxxxxxxxxxxxxxxxxxxx/confirm,1
https://dev.sketch.com/services?id=83122,0
https://paypa1.com/verify,1
https://amazon.com/register,0
https://api.reddit.com/home,0
https://confirm-facebook.ga/urgent-action,1
https://api.asana.com/products?id=3540,0
http://33.6.45.71/login,1
https://medium.com/register,0
https://verify-identity.cf/verify,1
https://reddit.com/blog,0
https://login-google.ru/verify/xxxxxxxxxxxxxxxxxxxxxxxxxxxxxxxxxxxxxxxxxxxxxxxxxxxxxxxxxxxxxxxxxxxxxxxxxxxxxxxxxxxxxxxxxxxxxxxxxxxxxxxxxxxxxxxxxxxxxxxxxxxxxxxxxxxxxxxxxxxxxxxxxxxxxxxxxxxxxxxxxxxxxx/confirm,1
https://dev.apple.com/blog?id=14708,0
https://www.slack.com/register,0
https://amazn.com@azure.microsoft.com/verify,1
https://www.linkedin.com/support,0
https://amazn.com/verify-payment,1
https://oracle.com/dashboard,0
https://claim-reward-now.ga/verify/xxxxxxxxxxxxxxxxxxxxxxxxxxxxxxxxxxxxxxxxxxxxxxxxxxxxxxxxxxxxxxxxxxxxxxxxxxxxxxxxxxxxxxxxxxxxxxxxxxxxxxxxxxxxxxxxxxxxxxxxxxxxxxxxxxxxxxxxxxx/confirm,1
https://mail.netlify.com/help,0
https://facbook.com/verify,1
https://mail.netlify.com/support,0
https://mail.paypal.com/dashboard,0
https://dev.notion.so/support?id=48900,0
https://mail.notion.so/login?id=86077,0
https://authenticate-apple.cf/verify/xxxxxxxxxxxxxxxxxxxxxxxxxxxxxxxxxxxxxxxxxxxxxxxxxxxxxxxxxxxxxxxxxxxxxxxxxxxxxxxxxxxxxxxxxxxxxxxxxxxxxxxxxxxxxxxxxxxxxxxxxxxxxxxxxxxxxxxxxxxxxxxxxxxxxxx/confirm,1
https://netflix-secure.com/authenticate/claim-reward/verify/login,1
https://click-here-now.top/verify/validate/secure/login,1
https://firebase.com/support,0
https://dev.stripe.com/products,0
https://support-steam.gq/login,1
https://secure-paypal.top/update/required-update/urgent-action/login,1
https://mail.netlify.com/products,0
https://click-here-now.top/verify,1
https://mail.reddit.com/register,0
https://twtter.com/urgent-action,1
https://netflix.com/services,0
https://figma.com/login,0
https://support-steam.pw/update-billing,1
http://staging.asana.com/account?id=86672,0
https://secure-paypal.top/verify/xxxxxxxxxxxxxxxxxxxxxxxxxxxxxxxxxxxxxxxxxxxxxxxxxxxxxxxxxxxxxxxxxxxxxxxxxxxxxxxxxxxxxxxxxxxxxxxxxxxxxxxx/confirm,1
https://www.heroku.com/?id=93062,0
https://adobe.com/contact,0
http://110.99.123.90/login,1
https://mail.salesforce.com/settings?id=36839,0
https://verify-identity.cf/verify/xxxxxxxxxxxxxxxxxxxxxxxxxxxxxxxxxxxxxxxxxxxxxxxxxxxxxxxxxxxxxxxxxxxxxxxxxxxxxxxxxxxxxxxxxxxxxxxxxxxxxxxxxxxxxxxxxxxxxxxxxxxxxxxxxxxxxxxxxxxxxxxxxxxxxxxxxxxxxxxxxxxxxxxxxxxxxxxxxxxxxxxxxxxx/confirm,1
https://authenticate-apple.tk/login,1
https://mail.adobe.com/register,0
https://verify-identity.cf/verify/xxxxxxxxxxxxxxxxxxxxxxxxxxxxxxxxxxxxxxxxxxxxxxxxxxxxxxxxxxxxxxxxxxxxxxxxxxxxxxxxxxxxxxxxxxxxxxxxxxxxxxx/confirm,1
https://github-verify.com/verify,1
https://staging.google.com/register,0
https://security-confirm-bank.tk/verify-account/login/secure/login,1
https://g00gle.com/secure,1
https://validate-netflix.xyz/verify,1
https://twilio.com/blog,0
https://www.slack.com/settings?id=73994,0
https://security-confirm-bank.xyz/login,1
https://staging.figma.com/products,0
https://limited-time-offer.tk/action/verify/verify-account/login,1
http://53.177.137.191/login,1
http://252.192.118.227/login,1
https://mail.google.com/pricing?id=78131,0
https://congratulations-winner.ml/signin/update/account-recovery/login,1
https://verify-amazon.tk/confirm/update/confirm/login,1
https://invision.com/faq,0
http://192.232.170.44/login,1
https://dev.vercel.com/settings,0
https://mail.github.com/about,0
https://www.invision.com/help,0
http://169.87.76.42/login,1
https://dev.azure.microsoft.com/blog?id=89863,0
https://support-steam.pw/update/update/confirm/login,1
https://staging.microsoft.com/register,0
https://mail.azure.microsoft.com/about,0
https://dev.aws.amazon.com/docs,0
https://api.amazon.com/support,0
https://amazn.cf/login,1
https://secure-paypal.top/update-billing/verify-payment/authenticate/login,1
https://www.netlify.com/settings,0
https://paypa1.com/signin,1
https://verify-amazon.tk/confirm-identity,1
https://claim-reward-now.ga/claim-reward/secure/security-check/login,1
https://congratulations-winner.ml@atlassian.com/verify,1
http://staging.github.com/,0
https://api.heroku.com/help?id=44593,0
http://staging.twilio.com/login,0
https://secure-paypal.top/verify/required-update/account-recovery/login,1
https://validate-netflix.xyz@twitter.com/verify,1
https://staging.linkedin.com/dashboard?id=36677,0
https://twtter.xyz/login,1
https://staging.vercel.com/api,0
https://dev.salesforce.com/about,0
https://facbook.com/verify-payment,1
http://104.32.138.243/login,1
https://g00gle.com/verify,1
https://api.microsoft.com/profile?id=9184,0
https://support-steam.tk/login,1
https://login-google.ru/verify/xxxxxxxxxxxxxxxxxxxxxxxxxxxxxxxxxxxxxxxxxxxxxxxxxxxxxxxxxxxxxxxxxxxxxxxxxxxxxxxxxxxxxxxxxxxxxxxxxxxxxxxxxxxxxxxxxxxxxxxxxxxxxxxxxxxxxxxxxxxxxxxxxxxxxxxxxxxxxxxxxxxxxxxxxx/confirm,1
https://linkedin-login.com/verify,1
https://confirm-facebook.xyz/login,1
https://staging.github.com/help,0
https://api.figma.com/settings,0
https://stackoverflow-confirm.com/required-update,1
https://facebookl.tk/login,1
https://staging.netlify.com/login,0
https://netflix-secure.com/verify,1
http://50.106.79.144/login,1
https://staging.microsoft.com/,0
https://reddit.com/?id=26141,0
http://255.151.90.211/login,1
https://authenticate-apple.ru/login,1
https://api.twitter.com/pricing,0
https://sketch.com/account?id=92540,0
https://limited-time-offer.tk@stackoverflow.com/verify,1
https://github.com/register?id=87624,0
https://account-update-microsoft.ml/update-billing/required-update/update-billing/login,1
https://login-google.ru@firebase.com/verify,1
https://www.adobe.com/faq?id=68302,0
https://medium.com/register,0
https://www.google.com/account?id=3123,0
https://urgent-verify-account.ga/verify-payment,1
https://api.wikipedia.org/support,0
http://dev.cloud.google.com/about,0
https://congratulations-winner.tk/login,1
https://confirm-facebook.ga/update/validate/secure/login,1
https://staging.figma.com/login?id=75748,0
https://api.heroku.com/services,0
http://175.92.53.80/login,1
https://claim-reward-now.ga/verify,1
https://staging.google.com/products,0
https://azure.microsoft.com/settings,0
https://facbook.com/update/update-billing/urgent-action/login,1
https://verify-amazon.tk/verify,1
https://security-confirm-bank.ml/login,1
https://click-here-now.top/verify,1
https://verify-identity.cf/verify/xxxxxxxxxxxxxxxxxxxxxxxxxxxxxxxxxxxxxxxxxxxxxxxxxxxxxxxxxxxxxxxxxxxxxxxxxxxxxxxxxxxxxxxxxxxxxxxxxxxxxxxxxxxx/confirm,1
https://www.sendgrid.com/dashboard,0
https://congratulations-winner.ml/verify,1
https://verify-identity.cf/claim-reward/confirm-identity/urgent-action/login,1
https://api.twitter.com/login?id=90401,0
https://mail.figma.com/account?id=72712,0
https://secure-paypal.top/verify,1
https://support-steam.pw@stripe.com/verify,1
https://vercel.com/docs?id=47365,0
https://authenticate-apple.cf@invision.com/verify,1
https://www.dev.to/blog?id=39290,0
https://update-twitter.gq/login,1
https://dev.twitter.com/dashboard,0
https://limited-time-offer.tk/verify/xxxxxxxxxxxxxxxxxxxxxxxxxxxxxxxxxxxxxxxxxxxxxxxxxxxxxxxxxxxxxxxxxxxxxxxxxxxxxxxxxxxxxxxxxxxxxxxxxxxxxxxxxxxxxxxxxxxxxxxxxxxxxxxxxxxxxxxxxx/confirm,1
https://dev.slack.com/home,0
http://medium.com/blog,0
http://141.2.56.201/login,1
https://validate-netflix.xyz/action/verify/update-billing/login,1
https://amazn.com/verify-payment,1
https://mail.mailchimp.com/,0
https://mail.twitter.com/support,0
https://github-verify.com/verify/signin/verify/login,1
https://aws.amazon.com/docs,0
https://figma.com/account,0
https://dev.invision.com/settings,0
https://dev.netflix.com/api,0
https://api.slack.com/profile?id=97472,0
https://g00gle.com/verify,1
http://156.14.165.48/login,1
https://staging.cloud.google.com/faq,0
https://amaz0n.com/verify,1
https://security-confirm-bank.tk/verify,1
https://amazn.com@vercel.com/verify,1
https://account-update-microsoft.ml/verify/xxxxxxxxxxxxxxxxxxxxxxxxxxxxxxxxxxxxxxxxxxxxxxxxxxxxxxxxxxxxxxxxxxxxxxxxxxxxxxxxxxxxxxxxxxxxxxxxxxxxxxxxxxxxxxxxxxxxxxxxxxxxxxxxxxxxxxxxxxxxxxxxxxxxxxxxxxxxxxxxxxxxxxxxxxxxxxxxxx/confirm,1
https://twtter.com/verify/xxxxxxxxxxxxxxxxxxxxxxxxxxxxxxxxxxxxxxxxxxxxxxxxxxxxxxxxxxxxxxxxxxxxxxxxxxxxxxxxxxxxxxxxxxxxxxxxxxxxxxxxxxxxxxxxxxxxxxxxxxxxxxxxxxxxxxxxxxxxxxxxxxxxxxx/confirm,1
https://authenticate-apple.cf/signin/authenticate/required-update/login,1
https://amaz0n.top/login,1
https://stackoverflow-confirm.com/verify/xxxxxxxxxxxxxxxxxxxxxxxxxxxxxxxxxxxxxxxxxxxxxxxxxxxxxxxxxxxxxxxxxxxxxxxxxxxxxxxxxxxxxxxxxxxxxxxxxxxxxxxxxxxxxxxxxxxxx/confirm,1
https://youtube.com/pricing,0
http://api.netlify.com/profile,0
https://dev.adobe.com/help,0
http://94.3.248.156/login,1
https://mail.slack.com/docs,0
https://staging.dev.to/login,0
https://api.firebase.com/about,0
https://security-confirm-bank.tk/urgent-action/verify-payment/verify-payment/login,1
https://linkedin-login.com@oracle.com/verify,1
https://www.invision.com/products,0
https://staging.asana.com/login,0
https://notion.so/docs,0
https://claim-reward-now.ga@heroku.com/verify,1
https://www.apple.com/services,0
https://amazn.ga/login,1
https://verify-apple-id.ml/login,1
https://reddit.com/about,0
https://g00gle.com/login,1
https://mail.cloud.google.com/?id=13342,0
https://account-update-microsoft.ml/verify/xxxxxxxxxxxxxxxxxxxxxxxxxxxxxxxxxxxxxxxxxxxxxxxxxxxxxxxxxxxxxxxxxxxxxxxxxxxxxxxxxxxxxxxxxxxxxxxxxxxxxxxxxxxxxxxxxxxxxxxxx/confirm,1
https://slack.com/support,0
https://staging.facebook.com/home?id=79663,0
https://dev.slack.com/home,0
https://gogle.com@youtube.com/verify,1
https://click-here-now.top/verify/xxxxxxxxxxxxxxxxxxxxxxxxxxxxxxxxxxxxxxxxxxxxxxxxxxxxxxxxxxxxxxxxxxxxxxxxxxxxxxxxxxxxxxxxxxxxxxxxxxxxxxxxxxxxxxxxxx/confirm,1
http://atlassian.com/dashboard,0
https://verify-apple-id.gq/verify,1
https://verify-apple-id.gq/update-billing,1
https://api.microsoft.com/help,0
https://cloud.google.com/profile,0
https://stackoverflow-confirm.gq/login,1
https://www.twitter.com/services,0
https://api.stripe.com/blog?id=3422,0
http://132.223.155.31/login,1
https://congratulations-winner.ml/signin,1
https://verify-identity.cf/verify-account/security-check/authenticate/login,1
https://api.adobe.com/help,0
https://support-steam.pw@sketch.com/verify,1
https://mail.linkedin.com/about,0
https://dev.dev.to/account?id=39404,0
https://mail.reddit.com/contact?id=75992,0
http://128.58.77.94/login,1
https://update-twitter.info/verify/xxxxxxxxxxxxxxxxxxxxxxxxxxxxxxxxxxxxxxxxxxxxxxxxxxxxxxxxxxxxxxxxxxxxxxxxxxxxxxxxxxxxxxxxxxxxxxxxxxxxxxxxxxxxxx/confirm,1
https://validate-netflix.xyz@apple.com/verify,1
https://paypa1.com/secure/verify-payment/security-check/login,1
https://netflix-secure.com/verify,1
https://invision.com/pricing,0
https://click-here-now.top/verify,1
https://www.wikipedia.org/profile?id=96024,0
https://click-here-now.top/secure/confirm-identity/claim-reward/login,1
https://twtter.com@medium.com/verify,1
https://staging.azure.microsoft.com/blog,0
https://validate-netflix.xyz/verify,1
https://staging.dev.to/dashboard,0
https://github-verify.com/update/authenticate/update/login,1
https://github-verify.com/confirm-identity/claim-reward/security-check/login,1
http://202.96.74.198/login,1
https://claim-reward-now.ga/verify-payment/validate/authenticate/login,1
http://129.243.200.150/login,1
https://g00gle.com/update-billing,1
https://mail.aws.amazon.com/?id=95229,0
https://api.amazon.com/dashboard,0
https://dev.wikipedia.org/api,0
https://staging.paypal.com/login?id=54888,0
https://www.mailchimp.com/support?id=80631,0
https://mail.youtube.com/blog,0
https://g00gle.top/login,1
https://authenticate-apple.cf/update/confirm/update/login,1
https://update-twitter.ru/login,1
https://api.cloud.google.com/pricing,0
https://www.asana.com/,0
https://linkedin-login.com/confirm,1
https://staging.dev.to/dashboard,0
https://validate-netflix.xyz/action/update/verify/login,1
http://api.azure.microsoft.com/api,0
https://api.netlify.com/faq,0
https://mail.apple.com/support?id=191,0
https://claim-reward-now.ga/verify/xxxxxxxxxxxxxxxxxxxxxxxxxxxxxxxxxxxxxxxxxxxxxxxxxxxxxxxxxxxxxxxxxxxxxxxxxxxxxxxxxxxxxxxxxxxxxxxxxxxxxxxxxxxxxxxxxxxxxxxxxxxxxxxxxxxxxxxxxxxxxxxxxxxxxxxx/confirm,1
https://g00gle.com/verify,1
https://mail.sendgrid.com/login,0
https://netflix-secure.com/verify,1
https://verify-apple-id.gq@trello.com/verify,1
https://mail.twitter.com/help,0
https://api.twitter.com/faq,0
https://www.github.com/settings?id=72765,0
https://amaz0n.com/verify/xxxxxxxxxxxxxxxxxxxxxxxxxxxxxxxxxxxxxxxxxxxxxxxxxxxxxxxxxxxxxxxxxxxxxxxxxxxxxxxxxxxxxxxxxxxxxxxxxxxxxxxxxxxxxxxxxxxxxxxxxxxxxxxxxxxxxxxxxxxxxxxxxxxxxxxxxxxxxxxxxxxxxxxxxxxxxxxxxxxxxxxxxxxxx/confirm,1
https://secure-paypal.top@medium.com/verify,1
https://heroku.com/,0
https://api.aws.amazon.com/products?id=37788,0
https://staging.adobe.com/dashboard?id=2542,0
https://facebookl.com/validate,1
https://confirm-facebook.cf/login,1
http://106.162.44.64/login,1
https://claim-reward-now.ga/verify/xxxxxxxxxxxxxxxxxxxxxxxxxxxxxxxxxxxxxxxxxxxxxxxxxxxxxxxxxxxxxxxxxxxxxxxxxxxxxxxxxxxxxxxxxxxxxxxxxxxxxxxxxxxxxxxxxxxxxxxxxxxxxxxxxxxxxxxxxxxxxxxxxxxxxxxxxx/confirm,1
https://linkedin-login.com/security-check/verify/confirm/login,1
https://mail.twilio.com/login?id=60901,0
http://236.105.94.14/login,1
https://dev.invision.com/home,0
https://staging.adobe.com/blog,0
https://verify-identity.cf/verify,1
https://dev.sendgrid.com/api,0
https://www.twilio.com/register?id=56804,0
https://linkedin-login.com/security-check,1
http://dev.aws.amazon.com/,0
https://stackoverflow-confirm.com/verify/xxxxxxxxxxxxxxxxxxxxxxxxxxxxxxxxxxxxxxxxxxxxxxxxxxxxxxxxxxxxxxxxxxxxxxxxxxxxxxxxxxxxxxxxxxxxxxxxxxxxxxxxxxxxxxxxxxxxxxxxxxxxxxxxxxxxxxxxxxxxxxxxxxxxxxxxxxxxxxxxxxxxxxxxxxxxxxxxxx/confirm,1
https://g00gle.ru/login,1
https://api.netlify.com/register,0
https://mailchimp.com/about,0
https://staging.aws.amazon.com/dashboard,0
https://dev.sketch.com/api,0
https://github-verify.cf/login,1
https://confirm-facebook.ru/login,1
https://congratulations-winner.ml/action/security-check/login/login,1
https://www.atlassian.com/pricing,0
https://facbook.com/verify,1
http://220.50.39.85/login,1
https://netflix-secure.com/verify/xxxxxxxxxxxxxxxxxxxxxxxxxxxxxxxxxxxxxxxxxxxxxxxxxxxxxxxxxxxxxxxxxxxxxxxxxxxxxxxxxxxxxxxxxxxxxxxxxxxxx/confirm,1
https://invision.com/blog,0
http://api.apple.com/about,0
https://api.azure.microsoft.com/support?id=24160,0
https://authenticate-apple.cf/verify,1
https://www.apple.com/pricing,0
https://facebookl.com/verify,1
https://confirm-facebook.xyz/login,1
https://dev.apple.com/account,0
https://netlify.com/profile,0
https://facebookl.com@youtube.com/verify,1
https://authenticate-apple.cf/verify,1
https://staging.netlify.com/pricing,0
https://confirm-facebook.ga/validate,1
https://dev.figma.com/docs?id=19300,0
https://staging.vercel.com/dashboard?id=3220,0
https://dev.cloud.google.com/docs,0
https://api.aws.amazon.com/support,0
https://confirm-facebook.ga/verify,1
https://dev.asana.com/services,0
http://dev.salesforce.com/faq,0
http://174.196.61.253/login,1
https://www.sendgrid.com/products,0
https://www.trello.com/pricing,0
https://api.amazon.com/dashboard,0
https://staging.vercel.com/api?id=79721,0
https://cloud.google.com/settings,0
https://dev.dev.to/services,0
https://g00gle.com@apple.com/verify,1
https://g00gle.com/verify,1
https://paypa1.top/login,1
https://claim-reward-now.ga/confirm-identity/verify/login/login,1
https://dev.figma.com/home?id=96038,0
https://limited-time-offer.tk@azure.microsoft.com/verify,1
https://update-twitter.info@github.com/verify,1
http://dev.cloud.google.com/faq?id=21815,0
https://account-update-microsoft.ml/verify,1
https://security-confirm-bank.tk/verify,1
https://confirm-facebook.gq/login,1
http://141.122.214.186/login,1
https://facebookl.com@amazon.com/verify,1
https://staging.twitter.com/faq,0
https://google.com/contact,0
https://amaz0n.com/verify,1
https://verify-apple-id.gq/verify,1
https://staging.invision.com/profile,0
https://adobe.com/api?id=52077,0
https://google.com/dashboard,0
http://api.medium.com/faq,0
https://amaz0n.com@twitter.com/verify,1
https://paypa1.com/verify-payment/confirm/urgent-action/login,1
https://api.atlassian.com/docs?id=37547,0
https://twtter.com/verify/xxxxxxxxxxxxxxxxxxxxxxxxxxxxxxxxxxxxxxxxxxxxxxxxxxxxxxxxxxxxxxxxxxxxxxxxxxxxxxxxxxxxxxxxxxxxxxxxxxxxxxxxxxxxxxxxxxxxxxxxxxxxxxxxxxxxxxxxxxxxxxxxxxxxxxxxxxxxxxxxxxxxxxxxxxxxxxxxxxxxxxx/confirm,1
https://dev.netlify.com/profile,0
https://staging.aws.amazon.com/account,0
https://github-verify.com/verify,1
http://www.invision.com/docs,0
https://amaz0n.com/verify,1
https://click-here-now.top/verify,1
https://mail.youtube.com/home?id=57735,0
https://authenticate-apple.cf/verify/xxxxxxxxxxxxxxxxxxxxxxxxxxxxxxxxxxxxxxxxxxxxxxxxxxxxxxxxxxxxxxxxxxxxxxxxxxxxxxxxxxxxxxxxxxxxxxxxxxxxxxxxxxxxxxxxxxxxxxxxxxxxxxxxxxxxxxxxxxxxxxxxxxxxxxxxxxxxxxxxxxxxxxxxxxxxxxxxxxxxxxxxxxxxxx/confirm,1
https://support-steam.pw/update-billing,1
https://dev.mailchimp.com/blog,0
https://verify-identity.cf/verify/xxxxxxxxxxxxxxxxxxxxxxxxxxxxxxxxxxxxxxxxxxxxxxxxxxxxxxxxxxxxxxxxxxxxxxxxxxxxxxxxxxxxxxxxxxxxxxxxxxxxxxxxxxxxxxxxxxxxxxxxxxxxxxxxxxxxxxxxxxxxxxxxxxxxxxxxxxxxxxxxxxxxxxxxxxx/confirm,1
https://dev.medium.com/settings,0
https://click-here-now.top@amazon.com/verify,1
https://api.apple.com/blog,0
https://support-steam.cf/login,1
https://mail.medium.com/home,0
https://congratulations-winner.ml/verify,1
https://netflix-secure.com@aws.amazon.com/verify,1
https://mail.atlassian.com/register,0
https://dev.ibm.com/about?id=80206,0
https://www.ibm.com/profile,0
https://gogle.ml/login,1
https://netflix.com/api,0
http://217.126.23.104/login,1
http://172.152.77.10/login,1
https://mail.azure.microsoft.com/contact,0
https://oracle.com/contact?id=68379,0
https://stackoverflow-confirm.com@amazon.com/verify,1
https://www.vercel.com/profile,0
https://staging.firebase.com/blog?id=25433,0
https://validate-netflix.xyz/verify/xxxxxxxxxxxxxxxxxxxxxxxxxxxxxxxxxxxxxxxxxxxxxxxxxxxxxxxxxxxxxxxxxxxxxxxxxxxxxxxxxxxxxxxxxxxxxxxxxxxxxxxxxxxxxxxxxxxxxxxxxxxxxxxxxxxxxxxxxxxxxxxxxxxxxxxxxxxxxxxxxxxxxxxxxxxxxxxxxxxxxxx/confirm,1
https://www.wikipedia.org/,0
http://203.28.229.18/login,1
https://api.sketch.com/blog,0
https://staging.mailchimp.com/about?id=41071,0
https://mail.netflix.com/profile,0
https://verify-apple-id.gq@sketch.com/verify,1
https://netflix-secure.com@sendgrid.com/verify,1
https://paypa1.com/verify,1
https://stackoverflow-confirm.com/verify/xxxxxxxxxxxxxxxxxxxxxxxxxxxxxxxxxxxxxxxxxxxxxxxxxxxxxxxxxxxxxxxxxxxxxxxxxxxxxxxxxxxxxxxxxxxxxxxxxxxx/confirm,1
https://secure-paypal.top/login/account-recovery/confirm-identity/login,1
https://staging.linkedin.com/login?id=60173,0
https://linkedin.com/pricing,0
https://netflix-secure.com@stackoverflow.com/verify,1
https://limited-time-offer.tk@invision.com/verify,1
https://mail.vercel.com/docs,0
https://facbook.com/verify/xxxxxxxxxxxxxxxxxxxxxxxxxxxxxxxxxxxxxxxxxxxxxxxxxxxxxxxxxxxxxxxxxxxxxxxxxxxxxxxxxxxxxxxxxxxxxxxxxxxxxxxxxxxxxxxxxxxxxxxxx/confirm,1
http://68.145.215.164/login,1
http://mail.notion.so/register,0
https://api.twilio.com/blog?id=43370,0
https://staging.microsoft.com/docs,0
https://amaz0n.com/verify,1
https://staging.mailchimp.com/docs,0
https://staging.sendgrid.com/profile,0
https://authenticate-apple.cf/confirm,1
https://staging.vercel.com/services,0
https://g00gle.com/account-recovery/login/action/login,1
https://facbook.com/confirm/account-recovery/claim-reward/login,1
https://www.cloud.google.com/docs?id=38637,0
https://api.jira.com/profile,0
https://api.facebook.com/dashboard?id=32057,0
https://reddit.com/blog,0
https://dev.sendgrid.com/home,0
https://account-update-microsoft.ml/verify,1
https://click-here-now.top/verify,1
https://g00gle.com@dev.to/verify,1
https://limited-time-offer.tk/signin/security-check/update/login,1
https://atlassian.com/contact,0
https://linkedin-login.com/verify/xxxxxxxxxxxxxxxxxxxxxxxxxxxxxxxxxxxxxxxxxxxxxxxxxxxxxxxxxxxxxxxxxxxxxxxxxxxxxxxxxxxxxxxxxxxxxxxxxxxxxxxxxxxxx/confirm,1
https://security-confirm-bank.tk/verify/xxxxxxxxxxxxxxxxxxxxxxxxxxxxxxxxxxxxxxxxxxxxxxxxxxxxxxxxxxxxxxxxxxxxxxxxxxxxxxxxxxxxxxxxxxxxxxxxxxxxxxxxxxx/confirm,1
https://account-update-microsoft.ml/verify/xxxxxxxxxxxxxxxxxxxxxxxxxxxxxxxxxxxxxxxxxxxxxxxxxxxxxxxxxxxxxxxxxxxxxxxxxxxxxxxxxxxxxxxxxxxxxxxxxxxxxxxxxxxxxxxxxxxxxxxxxxxxxxxxxxxxxxxxxxxxxxxxxxxxxxxxxxxxxxxxxxxxxx/confirm,1
https://security-confirm-bank.tk@ibm.com/verify,1
https://github-verify.com/update-billing/validate/secure/login,1
https://www.firebase.com/contact?id=40419,0
https://dev.microsoft.com/dashboard,0
https://facebookl.com@aws.amazon.com/verify,1
https://dev.adobe.com/faq,0
https://dev.sendgrid.com/blog,0
http://134.211.213.81/login,1
https://click-here-now.top/verify,1
https://invision.com/api,0
https://dev.oracle.com/,0
https://mail.invision.com/docs,0
https://github-verify.com/verify/xxxxxxxxxxxxxxxxxxxxxxxxxxxxxxxxxxxxxxxxxxxxxxxxxxxxxxxxxxxxxxxxxxxxxxxxxxxxxxxxxxxxxxxxxxxxxxxxxxxxxxxxxxxxxxxxxxxxxxxxxxxxxxxxxxxxxxxxxxx/confirm,1
https://api.ibm.com/services?id=29186,0
https://confirm-facebook.ga/verify/xxxxxxxxxxxxxxxxxxxxxxxxxxxxxxxxxxxxxxxxxxxxxxxxxxxxxxxxxxxxxxxxxxxxxxxxxxxxxxxxxxxxxxxxxxxxxxxxxxxxxxxxxxxxxxxxxxxxxxxxxxxxxxxxxxxxxxxxxxxxxxxxxxxxxxxxxxxxxxxx/confirm,1
https://paypa1.com/verify/xxxxxxxxxxxxxxxxxxxxxxxxxxxxxxxxxxxxxxxxxxxxxxxxxxxxxxxxxxxxxxxxxxxxxxxxxxxxxxxxxxxxxxxxxxxxxxxxxxxxxxxxxxxxxxxxxxxxxxxxxxxxxxxxxxxxxxxxx/confirm,1
http://82.197.224.252/login,1
http://wikipedia.org/support,0
https://claim-reward-now.ga/verify/xxxxxxxxxxxxxxxxxxxxxxxxxxxxxxxxxxxxxxxxxxxxxxxxxxxxxxxxxxxxxxxxxxxxxxxxxxxxxxxxxxxxxxxxxxxxxxxxxxxxxxxxxxxxxxxxxxxxxxxxxxxxxxxxxxxxxxxxxxxxxx/confirm,1
http://api.stackoverflow.com/faq,0
https://linkedin-login.ml/login,1
https://click-here-now.top/confirm-identity,1
http://79.106.173.122/login,1
https://staging.medium.com/profile,0
https://limited-time-offer.tk/verify,1
https://amazn.com/verify,1
https://mail.firebase.com/about,0
https://amaz0n.gq/login,1
https://amaz0n.ml/login,1
https://paypa1.com/verify,1
http://api.invision.com/dashboard,0
https://api.firebase.com/products?id=82773,0
https://mail.mailchimp.com/support?id=60510,0
https://congratulations-winner.ml/login,1
https://api.twilio.com/faq,0
https://facebookl.com/verify/xxxxxxxxxxxxxxxxxxxxxxxxxxxxxxxxxxxxxxxxxxxxxxxxxxxxxxxxxxxxxxxxxxxxxxxxxxxxxxxxxxxxxxxxxxxxxxxxxxxxxxxxxxxxxxxxxxxxxxxxxxxxxxxxxxxxxxxxxxxxxxxxxxxxxxxxxxxxxxxxxxxxxxxxxxxxxxxxxxxxxxxxxxxxxxxxx/confirm,1
https://urgent-verify-account.cf/login,1
https://figma.com/help,0
https://stripe.com/api,0
https://api.youtube.com/docs,0
https://dev.notion.so/about,0
https://staging.jira.com/profile,0
https://api.linkedin.com/,0
https://validate-netflix.xyz@twitter.com/verify,1
https://linkedin-login.com/verify,1
https://mail.twilio.com/blog,0
https://facebookl.com@youtube.com/verify,1
http://api.dev.to/profile,0
https://secure-paypal.top/verify,1
https://amaz0n.com/urgent-action,1
http://164.244.10.84/login,1
https://www.figma.com/about,0
https://amazon.com/contact?id=26694,0
https://staging.firebase.com/faq,0
https://support-steam.ru/login,1
http://99.13.194.50/login,1
https://paypa1.com/verify/xxxxxxxxxxxxxxxxxxxxxxxxxxxxxxxxxxxxxxxxxxxxxxxxxxxxxxxxxxxxxxxxxxxxxxxxxxxxxxxxxxxxxxxxxxxxxxxxxxxxxxxxxxxxxxxxxxxxxxxxxxxxxxxxxxxxxxxxxxxxxxxxxxxxxxxxxxxxxxxxxxxxxxxxxxxxxxxxxxxxxxxxxxxxxxxxxxxxx/confirm,1
https://validate-netflix.xyz/confirm-identity,1
https://staging.trello.com/help,0
https://mail.salesforce.com/register,0
https://authenticate-apple.cf@netlify.com/verify,1
https://staging.apple.com/home,0
https://security-confirm-bank.tk/validate/signin/security-check/login,1
https://salesforce.com/products,0
https://www.invision.com/support,0
https://update-twitter.top/login,1
https://aws.amazon.com/products,0
https://api.wikipedia.org/contact?id=86842,0
https://confirm-facebook.ga/confirm-identity/confirm-identity/confirm/login,1
https://dev.oracle.com/login,0
https://mail.twitter.com/account,0
https://claim-reward-now.ga/verify,1
https://dev.notion.so/api,0
https://validate-netflix.xyz/claim-reward,1
https://stackoverflow-confirm.com/verify,1
http://110.182.112.22/login,1
http://www.ibm.com/dashboard,0
http://57.221.150.247/login,1
https://api.azure.microsoft.com/about,0
https://staging.ibm.com/about,0
http://dev.microsoft.com/account,0
https://claim-reward-now.gq/login,1
http://linkedin.com/settings,0
https://validate-netflix.xyz/verify/xxxxxxxxxxxxxxxxxxxxxxxxxxxxxxxxxxxxxxxxxxxxxxxxxxxxxxxxxxxxxxxxxxxxxxxxxxxxxxxxxxxxxxxxxxxxxxxxxxxxxxxxxxxxxxxxxxxxxxxxxxxxxxxxxxxxxxxxxxxxxxxxxxxxxxxxxxxxxxxxxxxxxxxxxxxxxxxxxxxxxxxxxxx/confirm,1
https://www.oracle.com/services,0
http://111.51.129.136/login,1
http://azure.microsoft.com/about,0
http://196.254.0.22/login,1
http://mail.reddit.com/dashboard?id=13133,0
https://amazn.ga/login,1
https://dev.sketch.com/about?id=80442,0
https://congratulations-winner.ml/verify/xxxxxxxxxxxxxxxxxxxxxxxxxxxxxxxxxxxxxxxxxxxxxxxxxxxxxxxxxxxxxxxxxxxxxxxxxxxxxxxxxxxxxxxxxxxxxxxxxxxxxxxxxxxxxxxxxxxxxxxxxxxxxxxxxxxxxxxxxxxxxxxxxxxxxxxxxxxxxxxxxxxxxxxxxxxxxxxxxxxxxx/confirm,1
https://www.apple.com/settings?id=51556,0
https://congratulations-winner.ml/verify/xxxxxxxxxxxxxxxxxxxxxxxxxxxxxxxxxxxxxxxxxxxxxxxxxxxxxxxxxxxxxxxxxxxxxxxxxxxxxxxxxxxxxxxxxxxxxxxxxxxxxxxxxxxxxxxxxxxxxxxxxxxxxxxxxxxxxxxxxxxxxxxxxxxxxxxxxxxxxxxxxxxxxxxxxxxxxxxx/confirm,1
https://www.adobe.com/register,0
https://stackoverflow-confirm.com/account-recovery/update/verify/login,1
https://validate-netflix.xyz/confirm-identity/security-check/validate/login,1
https://update-twitter.info/verify/update-billing/verify/login,1
http://26.180.167.3/login,1
https://mail.netflix.com/contact,0
https://authenticate-apple.top/login,1
https://paypa1.com/verify,1
https://verify-identity.cf/update-billing/claim-reward/verify-account/login,1
http://staging.figma.com/,0
https://authenticate-apple.cf/verify,1
https://github-verify.com/verify/xxxxxxxxxxxxxxxxxxxxxxxxxxxxxxxxxxxxxxxxxxxxxxxxxxxxxxxxxxxxxxxxxxxxxxxxxxxxxxxxxxxxxxxxxxxxxxxxxxxxxxxx/confirm,1
https://mail.dev.to/account?id=43862,0
https://staging.trello.com/api,0
https://www.twilio.com/settings,0
https://account-update-microsoft.ml/update-billing,1
https://staging.youtube.com/login,0
https://twtter.com/claim-reward/required-update/required-update/login,1
https://staging.netlify.com/products?id=51934,0
https://dev.google.com/,0
https://claim-reward-now.tk/login,1
https://confirm-facebook.ga/authenticate,1
https://dev.trello.com/settings,0
http://mail.apple.com/register?id=39028,0
https://firebase.com/profile?id=62988,0
https://paypa1.com/verify/xxxxxxxxxxxxxxxxxxxxxxxxxxxxxxxxxxxxxxxxxxxxxxxxxxxxxxxxxxxxxxxxxxxxxxxxxxxxxxxxxxxxxxxxxxxxxxxxxxxxxxxxxxxxxxxxxxxx/confirm,1
https://validate-netflix.xyz/verify,1
https://dev.microsoft.com/products,0
https://confirm-facebook.ga/update-billing,1
http://heroku.com/login,0
https://mail.notion.so/?id=92721,0
https://cloud.google.com/faq?id=47607,0
https://www.apple.com/api,0
https://paypa1.com/verify,1
https://www.linkedin.com/api?id=66735,0
https://ibm.com/docs,0
https://dev.sendgrid.com/profile,0
https://login-google.ml/login,1
https://staging.sketch.com/support,0
http://122.245.217.186/login,1
https://verify-amazon.tk/update-billing/security-check/account-recovery/login,1
https://g00gle.ga/login,1
https://api.wikipedia.org/?id=41336,0
https://api.cloud.google.com/contact,0
https://cloud.google.com/blog,0
https://mail.google.com/blog,0
https://heroku.com/register,0
https://dev.amazon.com/blog,0
https://congratulations-winner.ml@facebook.com/verify,1
https://dev.netflix.com/support,0
http://www.netflix.com/profile,0
http://staging.ibm.com/,0
https://amazn.com/update-billing/signin/account-recovery/login,1
http://100.82.163.239/login,1
https://g00gle.com@medium.com/verify,1
https://api.invision.com/dashboard?id=35738,0
https://figma.com/pricing,0
https://twtter.com/verify/xxxxxxxxxxxxxxxxxxxxxxxxxxxxxxxxxxxxxxxxxxxxxxxxxxxxxxxxxxxxxxxxxxxxxxxxxxxxxxxxxxxxxxxxxxxxxxxxxxxxxxxxx/confirm,1
http://150.73.146.106/login,1
https://limited-time-offer.tk/verify,1
https://atlassian.com/home,0
https://google.com/help,0
https://limited-time-offer.tk/claim-reward,1
https://api.trello.com/services,0
https://update-twitter.info/verify/xxxxxxxxxxxxxxxxxxxxxxxxxxxxxxxxxxxxxxxxxxxxxxxxxxxxxxxxxxxxxxxxxxxxxxxxxxxxxxxxxxxxxxxxxxxxxxxxxxxxxxxxxxxxxxxxxxxxxxxxxxxxxxxxxx/confirm,1
https://dev.facebook.com/about,0
https://facbook.com/login/update-billing/verify-payment/login,1
https://staging.microsoft.com/help,0
http://58.173.178.62/login,1
https://dev.sendgrid.com/contact,0
https://dev.oracle.com/profile?id=18525,0
https://facebook.com/profile?id=39025,0
https://staging.firebase.com/pricing,0
http://staging.wikipedia.org/?id=38264,0
https://verify-amazon.tk/signin,1
https://gogle.com@github.com/verify,1
https://facbook.com/confirm-identity/validate/signin/login,1
https://mail.linkedin.com/register?id=41891,0
https://stackoverflow-confirm.com@aws.amazon.com/verify,1
https://www.netlify.com/docs?id=29072,0
https://mail.google.com/profile,0
https://authenticate-apple.cf/secure,1
https://facbook.ga/login,1
https://facbook.com/confirm-identity,1
https://urgent-verify-account.ga/validate/account-recovery/verify/login,1
http://92.250.76.207/login,1
https://api.ibm.com/,0
https://www.atlassian.com/login,0
https://dev.stripe.com/dashboard,0
https://microsoft.com/,0
https://click-here-now.top/verify/xxxxxxxxxxxxxxxxxxxxxxxxxxxxxxxxxxxxxxxxxxxxxxxxxxxxxxxxxxxxxxxxxxxxxxxxxxxxxxxxxxxxxxxxxxxxxxxxxxxxxxxxxxxxxxxxxxxxxxxxxxxxxxxxxxxxxxxxx/confirm,1
https://www.twitter.com/?id=10842,0
http://mail.adobe.com/blog,0
https://staging.adobe.com/docs,0
https://account-update-microsoft.ml/security-check,1
http://90.3.137.248/login,1
https://twtter.ga/login,1
https://mail.figma.com/about?id=4893,0
https://login-google.ru/verify,1
https://verify-identity.cf/verify-account/validate/validate/login,1
http://www.dev.to/account,0
https://www.ibm.com/contact,0
https://reddit.com/register,0
https://mail.paypal.com/support,0
https://staging.aws.amazon.com/dashboard,0
https://limited-time-offer.tk@github.com/verify,1
https://mail.trello.com/products,0
http://247.193.169.135/login,1
https://netflix-secure.com/verify/xxxxxxxxxxxxxxxxxxxxxxxxxxxxxxxxxxxxxxxxxxxxxxxxxxxxxxxxxxxxxxxxxxxxxxxxxxxxxxxxxxxxxxxxxxxxxxxxxxxxxxxxxxxxxxxxxxxxxxxxxxxxxxxxxxxxxxxxxxxxxxxxxxxxxxxxxxxxxxxxxxxxxxxxxxxxxxxxxxxxxxxxxxxxxxxxxxxx/confirm,1
https://facbook.com/verify/xxxxxxxxxxxxxxxxxxxxxxxxxxxxxxxxxxxxxxxxxxxxxxxxxxxxxxxxxxxxxxxxxxxxxxxxxxxxxxxxxxxxxxxxxxxxxxxxxxxxxxxxxxxxxxxxxxxxxxxxxx/confirm,1
https://mail.heroku.com/docs,0
https://staging.google.com/contact,0
https://api.notion.so/pricing,0
https://linkedin-login.com/verify,1
https://congratulations-winner.ml@ibm.com/verify,1
http://200.243.54.206/login,1
https://api.microsoft.com/login,0
http://staging.sendgrid.com/account?id=83719,0
https://account-update-microsoft.ml/verify/xxxxxxxxxxxxxxxxxxxxxxxxxxxxxxxxxxxxxxxxxxxxxxxxxxxxxxxxxxxxxxxxxxxxxxxxxxxxxxxxxxxxxxxxxxxxxxxxxxxxxxxxxxxxxxxxxxxxxxxxxxxxxxxxxxxxxxxxxxxxxxxxxxxxxxxx/confirm,1
https://www.netlify.com/login?id=56643,0
https://gogle.com/verify/xxxxxxxxxxxxxxxxxxxxxxxxxxxxxxxxxxxxxxxxxxxxxxxxxxxxxxxxxxxxxxxxxxxxxxxxxxxxxxxxxxxxxxxxxxxxxxxxxxxx/confirm,1
https://click-here-now.top/verify,1
https://authenticate-apple.cf@apple.com/verify,1
https://dev.medium.com/services?id=78585,0
https://jira.com/support,0
https://validate-netflix.xyz/required-update,1
https://click-here-now.top/login,1
http://247.20.84.241/login,1
https://amazon.com/login?id=88252,0
https://verify-amazon.tk/verify,1
https://www.stackoverflow.com/products?id=97282,0
https://amazn.com/verify/xxxxxxxxxxxxxxxxxxxxxxxxxxxxxxxxxxxxxxxxxxxxxxxxxxxxxxxxxxxxxxxxxxxxxxxxxxxxxxxxxxxxxxxxxxxxxxxxxxxxxxxxxxxxxxxxxxxxxxxxxxxxxxxxxxxxxxxxx/confirm,1
https://login-google.xyz/login,1
https://mail.netlify.com/docs,0
https://verify-amazon.tk/login,1
https://stackoverflow-confirm.com/verify/xxxxxxxxxxxxxxxxxxxxxxxxxxxxxxxxxxxxxxxxxxxxxxxxxxxxxxxxxxxxxxxxxxxxxxxxxxxxxxxxxxxxxxxxxxxxxxxxxxxxxxxxxxxxxxxxxxxxxxxxxxxxxxxxxxxxxxxxxxxxxxxxxxxxx/confirm,1
https://validate-netflix.xyz/verify/xxxxxxxxxxxxxxxxxxxxxxxxxxxxxxxxxxxxxxxxxxxxxxxxxxxxxxxxxxxxxxxxxxxxxxxxxxxxxxxxxxxxxxxxxxxxxxxxxxxxxxxxxxxxxxxxxxxxxxxxxxxxxxxxxxxxxxxxxxxxx/confirm,1
https://authenticate-apple.cf/secure,1
https://www.jira.com/home?id=4680,0
https://authenticate-apple.cf/validate/confirm/claim-reward/login,1
https://amazn.com/verify,1
https://authenticate-apple.cf/verify/xxxxxxxxxxxxxxxxxxxxxxxxxxxxxxxxxxxxxxxxxxxxxxxxxxxxxxxxxxxxxxxxxxxxxxxxxxxxxxxxxxxxxxxxxxxxxxxxxxxxxxxxxxxxxxxxxxxxxxxxxxxxxxxxxxxxxxxxxxxxxxxxxxxxxxxxxxxx/confirm,1
https://dev.netlify.com/services,0
https://paypa1.com/verify,1
https://www.sendgrid.com/help?id=73780,0
http://156.155.162.72/login,1
https://secure-paypal.ml/login,1
http://125.137.64.81/login,1
https://limited-time-offer.tk/verify/xxxxxxxxxxxxxxxxxxxxxxxxxxxxxxxxxxxxxxxxxxxxxxxxxxxxxxxxxxxxxxxxxxxxxxxxxxxxxxxxxxxxxxxxxxxxxxxxxxxxxxxxxxxxxxxxxxxxxxxxxxxxxx/confirm,1
https://mail.oracle.com/support?id=20352,0
https://mailchimp.com/login?id=8992,0
https://github-verify.com/urgent-action,1
https://twtter.com/verify,1
https://login-google.ru/verify,1
http://dev.medium.com/pricing,0
https://authenticate-apple.cf/verify,1
http://dev.oracle.com/dashboard,0
https://mail.jira.com/docs?id=81474,0
https://mail.apple.com/products?id=44300,0
https://paypa1.ga/login,1
https://dev.netflix.com/blog,0
https://verify-amazon.xyz/login,1
https://staging.vercel.com/products,0
https://www.microsoft.com/register,0
https://dev.twitter.com/login,0
https://mail.notion.so/?id=81983,0
http://www.github.com/support?id=54104,0
https://mail.twitter.com/docs,0
https://oracle.com/help?id=79402,0
https://verify-amazon.tk/verify/xxxxxxxxxxxxxxxxxxxxxxxxxxxxxxxxxxxxxxxxxxxxxxxxxxxxxxxxxxxxxxxxxxxxxxxxxxxxxxxxxxxxxxxxxxxxxxxxxxxxxxxxxx/confirm,1
https://urgent-verify-account.ga/login,1
https://figma.com/,0
https://secure-paypal.top@firebase.com/verify,1
https://stackoverflow-confirm.com/authenticate,1
https://secure-paypal.top/security-check/security-check/verify-account/login,1
https://dev.azure.microsoft.com/login?id=91403,0
https://api.jira.com/register,0
https://staging.netlify.com/products,0
http://121.62.172.157/login,1
https://paypa1.com/verify/xxxxxxxxxxxxxxxxxxxxxxxxxxxxxxxxxxxxxxxxxxxxxxxxxxxxxxxxxxxxxxxxxxxxxxxxxxxxxxxxxxxxxxxxxxxxxxxxxxxxxxxxxxxxxxxxxxxxxxxxxxxxxxxxxxxxxxxxxxxxx/confirm,1
https://security-confirm-bank.tk/urgent-action/confirm-identity/update/login,1
https://authenticate-apple.cf@medium.com/verify,1
https://github-verify.com/validate,1
https://staging.wikipedia.org/faq,0
https://dev.atlassian.com/account,0
https://facbook.com/authenticate,1
https://support-steam.pw@twitter.com/verify,1
https://api.aws.amazon.com/about?id=72564,0
http://227.225.127.24/login,1
https://api.linkedin.com/home?id=31813,0
http://www.ibm.com/products,0
https://dev.dev.to/settings,0
https://secure-paypal.top@google.com/verify,1
https://netlify.com/login,0
https://limited-time-offer.tk@microsoft.com/verify,1
https://mail.paypal.com/account,0
https://limited-time-offer.tk/login,1
https://www.asana.com/profile,0
https://paypa1.com/verify,1
https://security-confirm-bank.tk/secure,1
https://facebookl.com@youtube.com/verify,1
https://gogle.com@github.com/verify,1
https://api.mailchimp.com/support?id=6141,0
https://api.sketch.com/api,0
https://staging.sketch.com/home,0
https://staging.figma.com/settings,0
https://mail.figma.com/api,0
https://stackoverflow-confirm.ru/login,1
https://www.notion.so/login?id=36455,0
https://update-twitter.info/verify,1
https://security-confirm-bank.tk/verify,1
http://50.30.106.142/login,1
https://api.notion.so/products?id=51245,0
http://mail.azure.microsoft.com/services?id=58056,0
https://paypa1.com@jira.com/verify,1
https://urgent-verify-account.ga/login/login/authenticate/login,1
https://ibm.com/,0
https://staging.firebase.com/support,0
https://dev.twitter.com/home,0
https://stripe.com/faq,0
https://claim-reward-now.ga/verify,1
https://api.invision.com/about,0
http://linkedin.com/login,0
https://mail.microsoft.com/support,0
https://congratulations-winner.ml/security-check,1
https://login-google.ru/login,1
https://support-steam.pw/verify-payment/account-recovery/confirm-identity/login,1
https://github-verify.com@microsoft.com/verify,1
https://security-confirm-bank.tk/signin/secure/required-update/login,1
https://mail.google.com/register?id=43688,0
https://limited-time-offer.tk/verify,1
https://facbook.com/validate,1
https://linkedin-login.com/verify/xxxxxxxxxxxxxxxxxxxxxxxxxxxxxxxxxxxxxxxxxxxxxxxxxxxxxxxxxxxxxxxxxxxxxxxxxxxxxxxxxxxxxxxxxxxxxxxxxxxxxxxxxxxxxxxxxxxxxxxxxxxxxxxxxxxxxxxxxxxxxxxxxxxx/confirm,1
https://azure.microsoft.com/profile,0
https://jira.com/login?id=8832,0
https://facebook.com/support?id=28623,0
http://17.150.24.15/login,1
https://limited-time-offer.tk/verify/xxxxxxxxxxxxxxxxxxxxxxxxxxxxxxxxxxxxxxxxxxxxxxxxxxxxxxxxxxxxxxxxxxxxxxxxxxxxxxxxxxxxxxxxxxxxxxxxxxxxxxxxxxxxxxxxxxxxxxxxxxxxxxxxxxxxx/confirm,1
https://dev.linkedin.com/support,0
https://urgent-verify-account.ga/claim-reward,1
http://jira.com/settings,0
http://dev.stripe.com/contact?id=21857,0
https://paypa1.com@mailchimp.com/verify,1
https://mail.jira.com/faq?id=5750,0
https://dev.google.com/blog,0
https://api.slack.com/products,0
http://139.236.139.125/login,1
https://www.netlify.com/,0
http://www.slack.com/home?id=94877,0
https://facbook.com/authenticate/update/login/login,1
https://dev.google.com/,0
https://www.oracle.com/settings?id=51760,0
https://linkedin-login.com/signin,1
https://staging.amazon.com/blog,0
https://confirm-facebook.top/login,1
https://aws.amazon.com/about,0
https://limited-time-offer.tk/verify,1
https://verify-identity.tk/login,1
http://api.azure.microsoft.com/support?id=3756,0
https://paypa1.com/verify/xxxxxxxxxxxxxxxxxxxxxxxxxxxxxxxxxxxxxxxxxxxxxxxxxxxxxxxxxxxxxxxxxxxxxxxxxxxxxxxxxxxxxxxxxxxxxxxxxxxxx/confirm,1
https://paypal.com/?id=1759,0
http://staging.notion.so/pricing,0
https://facbook.com/confirm/required-update/login/login,1
http://166.61.159.235/login,1
https://api.slack.com/?id=44590,0
https://linkedin-login.com/action,1
https://staging.twilio.com/dashboard,0
https://click-here-now.top@facebook.com/verify,1
https://notion.so/support,0
https://api.vercel.com/contact,0
http://mail.jira.com/profile,0
https://api.facebook.com/contact,0
https://validate-netflix.xyz/verify,1
https://api.heroku.com/home,0
https://api.trello.com/services,0
http://225.104.46.43/login,1
http://193.63.93.189/login,1
https://facebookl.com/claim-reward,1
https://dev.jira.com/profile,0
https://g00gle.com/urgent-action,1
http://39.180.255.217/login,1
https://oracle.com/contact,0
http://www.linkedin.com/,0
https://mail.salesforce.com/dashboard,0
http://api.aws.amazon.com/login?id=910,0
https://www.reddit.com/services,0
https://api.github.com/register,0
https://staging.reddit.com/contact,0
https://staging.adobe.com/blog,0
https://staging.invision.com/contact,0
http://mail.dev.to/support?id=93012,0
https://www.atlassian.com/docs,0
https://api.trello.com/?id=86028,0
https://paypa1.com/security-check,1
https://urgent-verify-account.ga/verify-account/secure/required-update/login,1
https://dev.cloud.google.com/account,0
https://paypa1.com/login/claim-reward/update/login,1
https://account-update-microsoft.ru/login,1
http://102.167.176.86/login,1
https://mail.apple.com/help,0
https://api.adobe.com/register,0
https://medium.com/account,0
https://account-update-microsoft.ml/signin/update-billing/security-check/login,1
https://staging.trello.com/,0
https://oracle.com/settings?id=5665,0
https://netflix-secure.com/verify,1
https://login-google.ru@ibm.com/verify,1
https://security-confirm-bank.tk/authenticate/security-check/claim-reward/login,1
https://www.paypal.com/blog,0
https://dev.atlassian.com/register,0
https://amaz0n.com/verify,1
https://facbook.com/verify/xxxxxxxxxxxxxxxxxxxxxxxxxxxxxxxxxxxxxxxxxxxxxxxxxxxxxxxxxxxxxxxxxxxxxxxxxxxxxxxxxxxxxxxxxxxxxxxxxxxxxxxxxxxxxxxxxxxxxxxxxxxxxxxx/confirm,1
http://113.0.186.170/login,1
https://mail.twilio.com/profile,0
https://validate-netflix.xyz/verify/xxxxxxxxxxxxxxxxxxxxxxxxxxxxxxxxxxxxxxxxxxxxxxxxxxxxxxxxxxxxxxxxxxxxxxxxxxxxxxxxxxxxxxxxxxxxxxxxxxxxxxxxxxxxxxxxxxxxxxxxxxxxxxxxxxxxxxxxxxxxxxxxxxxxxx/confirm,1
https://g00gle.com/verify,1
https://verify-identity.cf/update-billing/secure/claim-reward/login,1
https://dev.netlify.com/about?id=30902,0
https://youtube.com/help,0
https://verify-identity.cf@aws.amazon.com/verify,1
https://api.netflix.com/settings,0
https://microsoft.com/home,0
https://security-confirm-bank.gq/login,1
https://mail.figma.com/about,0
https://www.github.com/home,0
https://confirm-facebook.ga/urgent-action/verify/urgent-action/login,1
https://dev.microsoft.com/account?id=43205,0
http://53.223.152.151/login,1
https://www.twitter.com/products,0
https://authenticate-apple.ru/login,1
https://authenticate-apple.cf/urgent-action,1
https://security-confirm-bank.ga/login,1
https://validate-netflix.xyz@dev.to/verify,1
https://security-confirm-bank.tk/verify/xxxxxxxxxxxxxxxxxxxxxxxxxxxxxxxxxxxxxxxxxxxxxxxxxxxxxxxxxxxxxxxxxxxxxxxxxxxxxxxxxxxxxxxxxxxxxxxxxxxxxxxxxx/confirm,1
https://facbook.com@ibm.com/verify,1
https://validate-netflix.xyz@microsoft.com/verify,1
http://76.218.103.33/login,1
https://mail.sendgrid.com/pricing,0
https://dev.stackoverflow.com/login,0
https://www.heroku.com/help?id=44830,0
https://authenticate-apple.cf/verify/xxxxxxxxxxxxxxxxxxxxxxxxxxxxxxxxxxxxxxxxxxxxxxxxxxxxxxxxxxxxxxxxxxxxxxxxxxxxxxxxxxxxxxxxxxxxxxxxxxxxxxxxxxxxxxxxxxxxxxxxxxxxxxxxxxxxxxxxxxxxxxxxxxxxxxxxxxxxxxxxxxxxxx/confirm,1
https://paypa1.com/verify-account/verify/update-billing/login,1
https://claim-reward-now.ga/verify,1
https://login-google.ru/verify/xxxxxxxxxxxxxxxxxxxxxxxxxxxxxxxxxxxxxxxxxxxxxxxxxxxxxxxxxxxxxxxxxxxxxxxxxxxxxxxxxxxxxxxxxxxxxxxxxxxxxxxxxxxxxxxxxxxxxxxxxxxxxxxxxxxxxxxxxxxxxxxxxxxxxxxxxxxxxxxxxxxxx/confirm,1
https://security-confirm-bank.tk/verify,1
https://validate-netflix.ga/login,1
https://github-verify.com/verify/xxxxxxxxxxxxxxxxxxxxxxxxxxxxxxxxxxxxxxxxxxxxxxxxxxxxxxxxxxxxxxxxxxxxxxxxxxxxxxxxxxxxxxxxxxxxxxxxxxxxxxxxxxxxxxxxxxxxxxxxxxxxxxxxxxxxxxxxxxxxxxxxxxxxxxxxxxxx/confirm,1
https://stackoverflow-confirm.com/validate,1
https://dev.salesforce.com/about,0
https://api.reddit.com/products,0
https://linkedin-login.com/verify/xxxxxxxxxxxxxxxxxxxxxxxxxxxxxxxxxxxxxxxxxxxxxxxxxxxxxxxxxxxxxxxxxxxxxxxxxxxxxxxxxxxxxxxxxxxxxxxxxxxxxxxxxxxxxxxxxxxxxxxxxxxxxxxxxxxxxxxxxxxxxxxxxxxxxxxxxxxxxxxxxxxxxxxxxxxxxxxxxxxxxxxxxxxxxxxxxxxxx/confirm,1
https://www.stripe.com/api,0
https://g00gle.gq/login,1
http://198.235.201.1/login,1
https://netflix-secure.com/verify,1
http://www.medium.com/api,0
https://verify-amazon.tk/verify/xxxxxxxxxxxxxxxxxxxxxxxxxxxxxxxxxxxxxxxxxxxxxxxxxxxxxxxxxxxxxxxxxxxxxxxxxxxxxxxxxxxxxxxxxxxxxxxxxxxxxxxxxxxxxxxxxxxxxxxxxxxxxxxxxxxxxxxxxxxxxxxxxxxxxxxxxxxxxxxxxxxxxxxxxxxxxxxxxxx/confirm,1
https://gogle.com@notion.so/verify,1
https://www.paypal.com/docs?id=34450,0
https://www.oracle.com/docs,0
https://www.github.com/profile,0
https://api.linkedin.com/api,0
https://api.wikipedia.org/help,0
https://paypa1.tk/login,1
https://api.ibm.com/home,0
https://facebookl.com/urgent-action,1
https://staging.notion.so/pricing,0
http://mail.adobe.com/dashboard,0
https://twilio.com/settings,0
https://mail.jira.com/profile,0
https://verify-identity.cf/validate/action/login/login,1
https://api.microsoft.com/account,0
https://paypal.com/dashboard,0
https://api.github.com/login,0
https://facebookl.com/verify,1
https://api.netlify.com/help?id=76525,0
https://medium.com/,0
https://mail.youtube.com/?id=28827,0
https://linkedin-login.ml/login,1
https://stackoverflow-confirm.com/verify,1
https://paypa1.com/update,1
http://163.2.88.51/login,1
https://mail.asana.com/blog,0
https://dev.twilio.com/account?id=59914,0
https://claim-reward-now.ga/verify/xxxxxxxxxxxxxxxxxxxxxxxxxxxxxxxxxxxxxxxxxxxxxxxxxxxxxxxxxxxxxxxxxxxxxxxxxxxxxxxxxxxxxxxxxxxxxxxxxxxxxxxxxxxxxxxxxxxxxxxxxxxxxxxxxxxxxxxxxxxxxxxxx/confirm,1
https://validate-netflix.xyz/claim-reward/verify-payment/update-billing/login,1
https://dev.paypal.com/help,0
https://update-twitter.info/confirm-identity/validate/security-check/login,1
https://authenticate-apple.cf@sendgrid.com/verify,1
https://dev.wikipedia.org/support,0
https://staging.dev.to/pricing,0
https://www.twilio.com/api,0
https://www.sendgrid.com/dashboard?id=5155,0
https://www.twilio.com/blog?id=38366,0
https://api.aws.amazon.com/settings,0
https://congratulations-winner.ml/action/verify-payment/verify-payment/login,1
https://congratulations-winner.ml/verify-account/update-billing/verify-account/login,1
https://reddit.com/,0
https://secure-paypal.top/update,1
https://verify-apple-id.gq/required-update/action/confirm-identity/login,1
https://oracle.com/support,0
https://staging.sendgrid.com/register,0
https://confirm-facebook.ga@notion.so/verify,1
https://api.firebase.com/home?id=80781,0
https://gogle.com/verify,1
https://limited-time-offer.tk/verify,1
https://dev.medium.com/about?id=12742,0
https://verify-apple-id.gq/verify/xxxxxxxxxxxxxxxxxxxxxxxxxxxxxxxxxxxxxxxxxxxxxxxxxxxxxxxxxxxxxxxxxxxxxxxxxxxxxxxxxxxxxxxxxxxxxxxxxxxxxxxxxxxxxxxxxxxxxxxxxxxxxxxxxxxxxxxxxxxxxxxxxxxxxxxxxxxxxxxxxxxxxxxxxxxxxxxxxxxx/confirm,1
https://www.twilio.com/login,0
https://g00gle.com/verify-payment/security-check/secure/login,1
https://verify-apple-id.gq/verify,1
https://amaz0n.ru/login,1
https://netflix-secure.ml/login,1
https://mail.facebook.com/pricing,0
https://linkedin.com/faq,0
https://staging.azure.microsoft.com/register,0
https://mail.medium.com/faq,0
https://staging.ibm.com/blog,0
https://facebookl.com/confirm/verify-payment/signin/login,1
https://support-steam.pw@google.com/verify,1
http://150.244.226.34/login,1
http://95.211.58.214/login,1
https://paypa1.com/update-billing,1
https://reddit.com/docs,0
https://limited-time-offer.tk/signin/secure/update/login,1
https://login-google.ru/login/confirm/action/login,1
https://api.stripe.com/?id=22057,0
https://www.medium.com/docs,0
https://gogle.com/update-billing,1
https://dev.linkedin.com/home,0
https://netflix-secure.com/verify,1
https://paypa1.com/action/verify/confirm-identity/login,1
https://secure-paypal.top/security-check/required-update/confirm-identity/login,1
https://paypa1.xyz/login,1
https://staging.twitter.com/support?id=78200,0
https://dev.vercel.com/profile?id=5117,0
https://security-confirm-bank.tk@github.com/verify,1
https://api.atlassian.com/pricing?id=80626,0
https://verify-identity.cf/verify/xxxxxxxxxxxxxxxxxxxxxxxxxxxxxxxxxxxxxxxxxxxxxxxxxxxxxxxxxxxxxxxxxxxxxxxxxxxxxxxxxxxxxxxxxxxxxxxxxxxxxxxxxxxxxxxxxxxxxxxxxxxxxxxxxxxxxxxxxxxxxxxxxxxxxxxxxxxxxxxxxxxxxxxxxxxxxxxxxxxxxxxxxx/confirm,1
https://amazn.com@reddit.com/verify,1
https://dev.slack.com/docs?id=50112,0
https://staging.notion.so/docs?id=90869,0
http://69.101.48.99/login,1
https://facebookl.com/signin/account-recovery/verify/login,1
https://security-confirm-bank.cf/login,1
https://verify-amazon.ml/login,1
https://www.youtube.com/settings?id=98881,0
https://github-verify.com@firebase.com/verify,1
https://verify-identity.cf/verify,1
https://dev.twilio.com/help?id=32855,0
https://github-verify.com/authenticate,1
https://amazn.com/verify,1
https://medium.com/faq?id=49642,0
https://www.microsoft.com/dashboard,0
https://www.salesforce.com/about,0
https://verify-amazon.tk/claim-reward,1
https://staging.trello.com/home,0
https://verify-amazon.tk/verify/xxxxxxxxxxxxxxxxxxxxxxxxxxxxxxxxxxxxxxxxxxxxxxxxxxxxxxxxxxxxxxxxxxxxxxxxxxxxxxxxxxxxxxxxxxxxxxxxxxxxxxxxxxxxxxxxxxxxxxxxxxxxxxxxxxxxxxxxxxxxxxxxxxxxxxxxxxxxx/confirm,1
https://verify-identity.cf@twilio.com/verify,1
https://staging.cloud.google.com/help,0
https://facebookl.com@paypal.com/verify,1
https://www.adobe.com/home,0
http://105.140.143.21/login,1
https://facbook.com@mailchimp.com/verify,1
https://dev.wikipedia.org/register,0
https://linkedin-login.com/verify,1
https://verify-apple-id.tk/login,1
http://109.4.116.196/login,1
http://239.144.232.136/login,1
https://www.google.com/dashboard?id=6880,0
https://g00gle.com/confirm,1
https://authenticate-apple.cf@firebase.com/verify,1
https://mail.paypal.com/dashboard?id=57891,0
https://linkedin-login.com/verify/xxxxxxxxxxxxxxxxxxxxxxxxxxxxxxxxxxxxxxxxxxxxxxxxxxxxxxxxxxxxxxxxxxxxxxxxxxxxxxxxxxxxxxxxxxxxxxxxxxxxxxxxxxxxxxxxxxxxxxxxxxxxxxxxxxxxxxxxxxxxxxxxxxxxxxxxxxxxxxxxxxxxxxxxxxxxxxxxxxxxxxxxxxxxxxxxxxx/confirm,1
https://urgent-verify-account.ga/confirm/urgent-action/login/login,1
http://staging.apple.com/login?id=97709,0
https://stackoverflow-confirm.top/login,1
https://urgent-verify-account.ml/login,1
https://staging.heroku.com/about,0
https://api.medium.com/help?id=3614,0
https://g00gle.com/verify/xxxxxxxxxxxxxxxxxxxxxxxxxxxxxxxxxxxxxxxxxxxxxxxxxxxxxxxxxxxxxxxxxxxxxxxxxxxxxxxxxxxxxxxxxxxxxxxxxxxxxxxxxxxxxxxxxxxxxxxxxxxxxxxxxxxxxxxxxxxxxxxxxxxxxxxx/confirm,1
http://130.197.184.28/login,1
https://confirm-facebook.ga/verify/xxxxxxxxxxxxxxxxxxxxxxxxxxxxxxxxxxxxxxxxxxxxxxxxxxxxxxxxxxxxxxxxxxxxxxxxxxxxxxxxxxxxxxxxxxxxxxxxxxxxxxxxxxxxxxxxxxxxxxxxxxxxxxxxxxxxxxxxxxxxxxxxxxxxxxxxxxxxxxxxxxxxx/confirm,1
https://click-here-now.top@twitter.com/verify,1
https://firebase.com/faq,0
https://staging.sketch.com/account,0
https://www.adobe.com/profile,0
https://www.vercel.com/home?id=63227,0
http://72.219.148.198/login,1
https://validate-netflix.xyz/verify/xxxxxxxxxxxxxxxxxxxxxxxxxxxxxxxxxxxxxxxxxxxxxxxxxxxxxxxxxxxxxxxxxxxxxxxxxxxxxxxxxxxxxxxxxxxxxxxxxxxxxxxxxxxxxxxxxxxxxxxxxxxxxxxxxxxxxxxx/confirm,1
https://mail.reddit.com/api,0
https://staging.twilio.com/contact,0
http://www.netlify.com/api,0
https://mail.sendgrid.com/settings,0
https://validate-netflix.xyz@ibm.com/verify,1
https://www.asana.com/help,0
https://click-here-now.ga/login,1
https://dev.google.com/api,0
https://mail.sendgrid.com/home?id=67391,0
https://ibm.com/contact,0
http://facebook.com/account,0
http://api.atlassian.com/help,0
https://staging.medium.com/pricing,0
https://validate-netflix.xyz/verify/xxxxxxxxxxxxxxxxxxxxxxxxxxxxxxxxxxxxxxxxxxxxxxxxxxxxxxxxxxxxxxxxxxxxxxxxxxxxxxxxxxxxxxxxxxxxxxxxxxxx/confirm,1
https://verify-identity.cf@microsoft.com/verify,1
https://claim-reward-now.ga/verify/xxxxxxxxxxxxxxxxxxxxxxxxxxxxxxxxxxxxxxxxxxxxxxxxxxxxxxxxxxxxxxxxxxxxxxxxxxxxxxxxxxxxxxxxxxxxxxxxxxxxxxxxxxxxxxxxxxxxxxxxxxxxxxxxxxxxxxxxxxxxxxxxxxxxxxxxxxxxxxxxxxxxxxxxxxxxxxxxxxxxxxxxxxxxxxxxx/confirm,1
https://www.aws.amazon.com/services,0
http://125.49.74.118/login,1
https://authenticate-apple.cf/verify/xxxxxxxxxxxxxxxxxxxxxxxxxxxxxxxxxxxxxxxxxxxxxxxxxxxxxxxxxxxxxxxxxxxxxxxxxxxxxxxxxxxxxxxxxxxxxxxxxxxxxxxxxxxxxxxxxxxxxxxxxxxxxxxxxxxxxxxxxxxxxxxxxxxxxxxxxxxxxxxxxxxxxxxxxxxxxxxxxxxxxxxxxxxxxxxxxxxxxxx/confirm,1
https://secure-paypal.top@stripe.com/verify,1
http://77.33.72.134/login,1
https://staging.vercel.com/settings,0
https://amaz0n.cf/login,1
https://api.google.com/dashboard,0
https://security-confirm-bank.tk/verify,1
https://mail.azure.microsoft.com/api?id=62708,0
https://support-steam.pw@salesforce.com/verify,1
https://staging.sendgrid.com/docs,0
https://netlify.com/register,0
https://twilio.com/help,0
https://staging.linkedin.com/register,0
https://www.stackoverflow.com/login,0
https://figma.com/services,0
https://api.google.com/about,0
https://verify-apple-id.gq/verify/xxxxxxxxxxxxxxxxxxxxxxxxxxxxxxxxxxxxxxxxxxxxxxxxxxxxxxxxxxxxxxxxxxxxxxxxxxxxxxxxxxxxxxxxxxxxxxxxxxxxxxxxxxxxxxxxxxxxxxxxxxxxxxxxxxxxxxxx/confirm,1
https://www.medium.com/support,0
https://api.invision.com/account?id=73997,0
https://stackoverflow-confirm.ru/login,1
https://dev.sendgrid.com/pricing?id=23287,0
http://api.dev.to/register?id=98544,0
https://mail.github.com/register?id=88895,0
http://32.183.146.57/login,1
https://api.twilio.com/about?id=49446,0
https://confirm-facebook.ga/verify/xxxxxxxxxxxxxxxxxxxxxxxxxxxxxxxxxxxxxxxxxxxxxxxxxxxxxxxxxxxxxxxxxxxxxxxxxxxxxxxxxxxxxxxxxxxxxxxxxxxxxxxxxxxxxxxxxxxxxxxxxxxxxxxxxxxxxxxxxxxxxxxxxxxxxxxxxxxxxxxxxxxxxxxxxxxxxxxxxxxxxxxxxxxxxxxxx/confirm,1
https://dev.stripe.com/products,0
https://secure-paypal.top@netlify.com/verify,1
http://www.netlify.com/api,0
https://dev.atlassian.com/help?id=98718,0
https://urgent-verify-account.ga/required-update/verify-account/verify-account/login,1
http://mail.stackoverflow.com/login,0
https://staging.cloud.google.com/,0
https://mail.sendgrid.com/docs?id=15059,0
https://staging.figma.com/api,0
https://staging.reddit.com/login,0
https://amaz0n.com/verify/xxxxxxxxxxxxxxxxxxxxxxxxxxxxxxxxxxxxxxxxxxxxxxxxxxxxxxxxxxxxxxxxxxxxxxxxxxxxxxxxxxxxxxxxxxxxxxxxxxxxx/confirm,1
https://amaz0n.cf/login,1
https://verify-identity.ga/login,1
https://stackoverflow-confirm.com/verify-account/required-update/login/login,1
http://mail.netflix.com/settings?id=14511,0
